city_name,date,aqi,target_aqi,prediction,absolute_error,error,prediction_category,actual_category,actual_change,predicted_change,change_error
Karachi,2026-01-01,134.0,153.0,146.02339,6.9766082763671875,-6.9766082763671875,Unhealthy for Sensitive Groups,Unhealthy,19.0,12.023391723632812,-6.9766082763671875
Bahawalpur,2026-01-01,174.0,208.0,165.22711,42.77288818359375,-42.77288818359375,Unhealthy,Very Unhealthy,34.0,-8.77288818359375,-42.77288818359375
Sialkot,2026-01-01,227.0,215.0,197.82434,17.1756591796875,-17.1756591796875,Unhealthy,Very Unhealthy,-12.0,-29.1756591796875,-17.1756591796875
Gujranwala,2026-01-01,210.0,209.0,189.54718,19.45281982421875,-19.45281982421875,Unhealthy,Very Unhealthy,-1.0,-20.45281982421875,-19.45281982421875
Quetta,2026-01-01,84.0,72.0,73.61707,1.6170730590820312,1.6170730590820312,Moderate,Moderate,-12.0,-10.382926940917969,1.6170730590820312
Peshawar,2026-01-01,155.0,162.0,145.18304,16.81695556640625,-16.81695556640625,Unhealthy for Sensitive Groups,Unhealthy,7.0,-9.81695556640625,-16.81695556640625
Hyderabad,2026-01-01,157.0,158.0,160.20627,2.206268310546875,2.206268310546875,Unhealthy,Unhealthy,1.0,3.206268310546875,2.206268310546875
Faisalabad,2026-01-01,225.0,228.0,225.04883,2.951171875,-2.951171875,Very Unhealthy,Very Unhealthy,3.0,0.048828125,-2.951171875
Rawalpindi,2026-01-01,158.0,161.0,158.02473,2.9752655029296875,-2.9752655029296875,Unhealthy,Unhealthy,3.0,0.0247344970703125,-2.9752655029296875
Islamabad,2026-01-01,158.0,161.0,157.03705,3.96295166015625,-3.96295166015625,Unhealthy,Unhealthy,3.0,-0.96295166015625,-3.96295166015625
Lahore,2026-01-01,230.0,228.0,205.38025,22.6197509765625,-22.6197509765625,Very Unhealthy,Very Unhealthy,-2.0,-24.6197509765625,-22.6197509765625
Multan,2026-01-01,175.0,244.0,177.70337,66.296630859375,-66.296630859375,Unhealthy,Very Unhealthy,69.0,2.703369140625,-66.296630859375
Quetta,2026-01-02,72.0,67.0,72.53228,5.532279968261719,5.532279968261719,Moderate,Moderate,-5.0,0.5322799682617188,5.532279968261719
Bahawalpur,2026-01-02,208.0,209.0,223.36084,14.36083984375,14.36083984375,Very Unhealthy,Very Unhealthy,1.0,15.36083984375,14.36083984375
Sialkot,2026-01-02,215.0,222.0,215.84598,6.154022216796875,-6.154022216796875,Very Unhealthy,Very Unhealthy,7.0,0.845977783203125,-6.154022216796875
Gujranwala,2026-01-02,209.0,202.0,223.69652,21.696517944335938,21.696517944335938,Very Unhealthy,Very Unhealthy,-7.0,14.696517944335938,21.696517944335938
Peshawar,2026-01-02,162.0,159.0,165.65099,6.6509857177734375,6.6509857177734375,Unhealthy,Unhealthy,-3.0,3.6509857177734375,6.6509857177734375
Hyderabad,2026-01-02,158.0,134.0,133.87378,0.126220703125,-0.126220703125,Unhealthy for Sensitive Groups,Unhealthy for Sensitive Groups,-24.0,-24.126220703125,-0.126220703125
Faisalabad,2026-01-02,228.0,230.0,252.75728,22.757278442382812,22.757278442382812,Very Unhealthy,Very Unhealthy,2.0,24.757278442382812,22.757278442382812
Rawalpindi,2026-01-02,161.0,155.0,155.10085,0.1008453369140625,0.1008453369140625,Unhealthy,Unhealthy,-6.0,-5.8991546630859375,0.1008453369140625
Islamabad,2026-01-02,161.0,155.0,154.46718,0.5328216552734375,-0.5328216552734375,Unhealthy,Unhealthy,-6.0,-6.5328216552734375,-0.5328216552734375
Lahore,2026-01-02,228.0,213.0,228.05348,15.053482055664062,15.053482055664062,Very Unhealthy,Very Unhealthy,-15.0,0.0534820556640625,15.053482055664062
Karachi,2026-01-02,153.0,151.0,150.29042,0.7095794677734375,-0.7095794677734375,Unhealthy,Unhealthy,-2.0,-2.7095794677734375,-0.7095794677734375
Multan,2026-01-02,244.0,255.0,289.26093,34.26092529296875,34.26092529296875,Very Unhealthy,Very Unhealthy,11.0,45.26092529296875,34.26092529296875
Bahawalpur,2026-01-03,209.0,167.0,181.99123,14.991226196289062,14.991226196289062,Unhealthy,Unhealthy,-42.0,-27.008773803710938,14.991226196289062
Sialkot,2026-01-03,222.0,237.0,231.3653,5.63470458984375,-5.63470458984375,Very Unhealthy,Very Unhealthy,15.0,9.36529541015625,-5.63470458984375
Gujranwala,2026-01-03,202.0,226.0,204.09903,21.900970458984375,-21.900970458984375,Very Unhealthy,Very Unhealthy,24.0,2.099029541015625,-21.900970458984375
Hyderabad,2026-01-03,134.0,152.0,144.47833,7.52166748046875,-7.52166748046875,Unhealthy for Sensitive Groups,Unhealthy,18.0,10.47833251953125,-7.52166748046875
Quetta,2026-01-03,67.0,65.0,76.1869,11.186897277832031,11.186897277832031,Moderate,Moderate,-2.0,9.186897277832031,11.186897277832031
Peshawar,2026-01-03,159.0,156.0,143.59314,12.4068603515625,-12.4068603515625,Unhealthy for Sensitive Groups,Unhealthy,-3.0,-15.4068603515625,-12.4068603515625
Multan,2026-01-03,255.0,226.0,224.01381,1.9861907958984375,-1.9861907958984375,Very Unhealthy,Very Unhealthy,-29.0,-30.986190795898438,-1.9861907958984375
Rawalpindi,2026-01-03,155.0,156.0,164.93523,8.935226440429688,8.935226440429688,Unhealthy,Unhealthy,1.0,9.935226440429688,8.935226440429688
Islamabad,2026-01-03,155.0,156.0,161.64426,5.644256591796875,5.644256591796875,Unhealthy,Unhealthy,1.0,6.644256591796875,5.644256591796875
Lahore,2026-01-03,213.0,232.0,223.26639,8.733612060546875,-8.733612060546875,Very Unhealthy,Very Unhealthy,19.0,10.266387939453125,-8.733612060546875
Karachi,2026-01-03,151.0,156.0,150.51443,5.485565185546875,-5.485565185546875,Unhealthy,Unhealthy,5.0,-0.485565185546875,-5.485565185546875
Faisalabad,2026-01-03,230.0,283.0,223.28737,59.71263122558594,-59.71263122558594,Very Unhealthy,Very Unhealthy,53.0,-6.7126312255859375,-59.71263122558594
Quetta,2026-01-04,65.0,62.0,67.97899,5.9789886474609375,5.9789886474609375,Moderate,Moderate,-3.0,2.9789886474609375,5.9789886474609375
Bahawalpur,2026-01-04,167.0,154.0,163.37572,9.375717163085938,9.375717163085938,Unhealthy,Unhealthy,-13.0,-3.6242828369140625,9.375717163085938
Sialkot,2026-01-04,237.0,247.0,233.00284,13.997161865234375,-13.997161865234375,Very Unhealthy,Very Unhealthy,10.0,-3.997161865234375,-13.997161865234375
Gujranwala,2026-01-04,226.0,269.0,230.27777,38.72222900390625,-38.72222900390625,Very Unhealthy,Very Unhealthy,43.0,4.27777099609375,-38.72222900390625
Hyderabad,2026-01-04,152.0,143.0,149.25119,6.251190185546875,6.251190185546875,Unhealthy for Sensitive Groups,Unhealthy for Sensitive Groups,-9.0,-2.748809814453125,6.251190185546875
Peshawar,2026-01-04,156.0,156.0,160.55243,4.55242919921875,4.55242919921875,Unhealthy,Unhealthy,0.0,4.55242919921875,4.55242919921875
Islamabad,2026-01-04,156.0,155.0,159.3211,4.32110595703125,4.32110595703125,Unhealthy,Unhealthy,-1.0,3.32110595703125,4.32110595703125
Faisalabad,2026-01-04,283.0,342.0,317.0276,24.972412109375,-24.972412109375,Hazardous,Hazardous,59.0,34.027587890625,-24.972412109375
Rawalpindi,2026-01-04,156.0,155.0,159.017,4.016998291015625,4.016998291015625,Unhealthy,Unhealthy,-1.0,3.016998291015625,4.016998291015625
Multan,2026-01-04,226.0,224.0,201.52925,22.470748901367188,-22.470748901367188,Very Unhealthy,Very Unhealthy,-2.0,-24.470748901367188,-22.470748901367188
Lahore,2026-01-04,232.0,276.0,239.06401,36.93598937988281,-36.93598937988281,Very Unhealthy,Very Unhealthy,44.0,7.0640106201171875,-36.93598937988281
Karachi,2026-01-04,156.0,153.0,156.07062,3.07061767578125,3.07061767578125,Unhealthy,Unhealthy,-3.0,0.07061767578125,3.07061767578125
Sialkot,2026-01-05,247.0,241.0,241.4131,0.4131011962890625,0.4131011962890625,Very Unhealthy,Very Unhealthy,-6.0,-5.5868988037109375,0.4131011962890625
Gujranwala,2026-01-05,269.0,263.0,265.71213,2.712127685546875,2.712127685546875,Very Unhealthy,Very Unhealthy,-6.0,-3.287872314453125,2.712127685546875
Hyderabad,2026-01-05,143.0,116.0,131.3992,15.399200439453125,15.399200439453125,Unhealthy for Sensitive Groups,Unhealthy for Sensitive Groups,-27.0,-11.600799560546875,15.399200439453125
Quetta,2026-01-05,62.0,66.0,65.58091,0.41909027099609375,-0.41909027099609375,Moderate,Moderate,4.0,3.5809097290039062,-0.41909027099609375
Peshawar,2026-01-05,156.0,148.0,156.70274,8.702743530273438,8.702743530273438,Unhealthy,Unhealthy for Sensitive Groups,-8.0,0.7027435302734375,8.702743530273438
Bahawalpur,2026-01-05,154.0,214.0,172.2052,41.7947998046875,-41.7947998046875,Unhealthy,Very Unhealthy,60.0,18.2052001953125,-41.7947998046875
Faisalabad,2026-01-05,342.0,329.0,310.33987,18.660125732421875,-18.660125732421875,Hazardous,Hazardous,-13.0,-31.660125732421875,-18.660125732421875
Rawalpindi,2026-01-05,155.0,147.0,151.99266,4.9926605224609375,4.9926605224609375,Unhealthy,Unhealthy for Sensitive Groups,-8.0,-3.0073394775390625,4.9926605224609375
Islamabad,2026-01-05,155.0,147.0,145.66219,1.3378143310546875,-1.3378143310546875,Unhealthy for Sensitive Groups,Unhealthy for Sensitive Groups,-8.0,-9.337814331054688,-1.3378143310546875
Lahore,2026-01-05,276.0,261.0,264.9193,3.9193115234375,3.9193115234375,Very Unhealthy,Very Unhealthy,-15.0,-11.0806884765625,3.9193115234375
Karachi,2026-01-05,153.0,151.0,160.17203,9.172027587890625,9.172027587890625,Unhealthy,Unhealthy,-2.0,7.172027587890625,9.172027587890625
Multan,2026-01-05,224.0,250.0,252.28964,2.289642333984375,2.289642333984375,Very Unhealthy,Very Unhealthy,26.0,28.289642333984375,2.289642333984375
Bahawalpur,2026-01-06,214.0,215.0,233.54338,18.543380737304688,18.543380737304688,Very Unhealthy,Very Unhealthy,1.0,19.543380737304688,18.543380737304688
Sialkot,2026-01-06,241.0,228.0,227.87265,0.127349853515625,-0.127349853515625,Very Unhealthy,Very Unhealthy,-13.0,-13.127349853515625,-0.127349853515625
Gujranwala,2026-01-06,263.0,266.0,243.91037,22.089630126953125,-22.089630126953125,Very Unhealthy,Very Unhealthy,3.0,-19.089630126953125,-22.089630126953125
Hyderabad,2026-01-06,116.0,127.0,126.216515,0.7834854125976562,-0.7834854125976562,Unhealthy for Sensitive Groups,Unhealthy for Sensitive Groups,11.0,10.216514587402344,-0.7834854125976562
Quetta,2026-01-06,66.0,78.0,75.89949,2.1005096435546875,-2.1005096435546875,Moderate,Moderate,12.0,9.899490356445312,-2.1005096435546875
Peshawar,2026-01-06,148.0,127.0,143.36784,16.367843627929688,16.367843627929688,Unhealthy for Sensitive Groups,Unhealthy for Sensitive Groups,-21.0,-4.6321563720703125,16.367843627929688
Multan,2026-01-06,250.0,294.0,256.63626,37.363739013671875,-37.363739013671875,Very Unhealthy,Very Unhealthy,44.0,6.636260986328125,-37.363739013671875
Rawalpindi,2026-01-06,147.0,149.0,150.43385,1.4338531494140625,1.4338531494140625,Unhealthy,Unhealthy for Sensitive Groups,2.0,3.4338531494140625,1.4338531494140625
Islamabad,2026-01-06,147.0,149.0,147.90753,1.09246826171875,-1.09246826171875,Unhealthy for Sensitive Groups,Unhealthy for Sensitive Groups,2.0,0.90753173828125,-1.09246826171875
Lahore,2026-01-06,261.0,270.0,260.0348,9.9652099609375,-9.9652099609375,Very Unhealthy,Very Unhealthy,9.0,-0.9652099609375,-9.9652099609375
Karachi,2026-01-06,151.0,121.0,125.24668,4.246681213378906,4.246681213378906,Unhealthy for Sensitive Groups,Unhealthy for Sensitive Groups,-30.0,-25.753318786621094,4.246681213378906
Faisalabad,2026-01-06,329.0,283.0,274.2836,8.716400146484375,-8.716400146484375,Very Unhealthy,Very Unhealthy,-46.0,-54.716400146484375,-8.716400146484375
Quetta,2026-01-07,78.0,88.0,86.22784,1.7721633911132812,-1.7721633911132812,Moderate,Moderate,10.0,8.227836608886719,-1.7721633911132812
Bahawalpur,2026-01-07,215.0,198.0,204.57907,6.579071044921875,6.579071044921875,Very Unhealthy,Unhealthy,-17.0,-10.420928955078125,6.579071044921875
Sialkot,2026-01-07,228.0,262.0,236.62654,25.373458862304688,-25.373458862304688,Very Unhealthy,Very Unhealthy,34.0,8.626541137695312,-25.373458862304688
Gujranwala,2026-01-07,266.0,299.0,276.02496,22.97503662109375,-22.97503662109375,Very Unhealthy,Very Unhealthy,33.0,10.02496337890625,-22.97503662109375
Peshawar,2026-01-07,127.0,133.0,141.46132,8.461318969726562,8.461318969726562,Unhealthy for Sensitive Groups,Unhealthy for Sensitive Groups,6.0,14.461318969726562,8.461318969726562
Hyderabad,2026-01-07,127.0,116.0,126.33159,10.331588745117188,10.331588745117188,Unhealthy for Sensitive Groups,Unhealthy for Sensitive Groups,-11.0,-0.6684112548828125,10.331588745117188
Faisalabad,2026-01-07,283.0,321.0,279.3935,41.60650634765625,-41.60650634765625,Very Unhealthy,Hazardous,38.0,-3.60650634765625,-41.60650634765625
Rawalpindi,2026-01-07,149.0,140.0,144.69917,4.6991729736328125,4.6991729736328125,Unhealthy for Sensitive Groups,Unhealthy for Sensitive Groups,-9.0,-4.3008270263671875,4.6991729736328125
Multan,2026-01-07,294.0,296.0,308.2863,12.286285400390625,12.286285400390625,Hazardous,Very Unhealthy,2.0,14.286285400390625,12.286285400390625
Islamabad,2026-01-07,149.0,140.0,140.00787,0.00787353515625,0.00787353515625,Unhealthy for Sensitive Groups,Unhealthy for Sensitive Groups,-9.0,-8.99212646484375,0.00787353515625
Lahore,2026-01-07,270.0,307.0,280.93774,26.062255859375,-26.062255859375,Very Unhealthy,Hazardous,37.0,10.937744140625,-26.062255859375
Karachi,2026-01-07,121.0,115.0,131.50989,16.5098876953125,16.5098876953125,Unhealthy for Sensitive Groups,Unhealthy for Sensitive Groups,-6.0,10.5098876953125,16.5098876953125
Sialkot,2026-01-08,262.0,276.0,265.99274,10.00726318359375,-10.00726318359375,Very Unhealthy,Very Unhealthy,14.0,3.99273681640625,-10.00726318359375
Gujranwala,2026-01-08,299.0,287.0,312.7079,25.7078857421875,25.7078857421875,Hazardous,Very Unhealthy,-12.0,13.7078857421875,25.7078857421875
Hyderabad,2026-01-08,116.0,89.0,107.446,18.445999145507812,18.445999145507812,Unhealthy for Sensitive Groups,Moderate,-27.0,-8.554000854492188,18.445999145507812
Quetta,2026-01-08,88.0,83.0,90.77527,7.7752685546875,7.7752685546875,Moderate,Moderate,-5.0,2.7752685546875,7.7752685546875
Peshawar,2026-01-08,133.0,158.0,146.23705,11.762954711914062,-11.762954711914062,Unhealthy for Sensitive Groups,Unhealthy,25.0,13.237045288085938,-11.762954711914062
Bahawalpur,2026-01-08,198.0,187.0,198.5938,11.593795776367188,11.593795776367188,Unhealthy,Unhealthy,-11.0,0.5937957763671875,11.593795776367188
Faisalabad,2026-01-08,321.0,310.0,317.2435,7.243499755859375,7.243499755859375,Hazardous,Hazardous,-11.0,-3.756500244140625,7.243499755859375
Rawalpindi,2026-01-08,140.0,164.0,154.79909,9.200912475585938,-9.200912475585938,Unhealthy,Unhealthy,24.0,14.799087524414062,-9.200912475585938
Islamabad,2026-01-08,140.0,164.0,153.11546,10.884536743164062,-10.884536743164062,Unhealthy,Unhealthy,24.0,13.115463256835938,-10.884536743164062
Lahore,2026-01-08,307.0,289.0,306.7332,17.733184814453125,17.733184814453125,Hazardous,Very Unhealthy,-18.0,-0.266815185546875,17.733184814453125
Karachi,2026-01-08,115.0,94.0,118.6136,24.613601684570312,24.613601684570312,Unhealthy for Sensitive Groups,Moderate,-21.0,3.6136016845703125,24.613601684570312
Multan,2026-01-08,296.0,278.0,280.30157,2.30157470703125,2.30157470703125,Very Unhealthy,Very Unhealthy,-18.0,-15.69842529296875,2.30157470703125
Bahawalpur,2026-01-09,187.0,213.0,176.49794,36.50205993652344,-36.50205993652344,Unhealthy,Very Unhealthy,26.0,-10.502059936523438,-36.50205993652344
Sialkot,2026-01-09,276.0,239.0,238.29948,0.7005157470703125,-0.7005157470703125,Very Unhealthy,Very Unhealthy,-37.0,-37.70051574707031,-0.7005157470703125
Gujranwala,2026-01-09,287.0,244.0,242.4326,1.5673980712890625,-1.5673980712890625,Very Unhealthy,Very Unhealthy,-43.0,-44.56739807128906,-1.5673980712890625
Hyderabad,2026-01-09,89.0,97.0,108.64686,11.646858215332031,11.646858215332031,Unhealthy for Sensitive Groups,Moderate,8.0,19.64685821533203,11.646858215332031
Quetta,2026-01-09,83.0,77.0,88.51654,11.51654052734375,11.51654052734375,Moderate,Moderate,-6.0,5.51654052734375,11.51654052734375
Peshawar,2026-01-09,158.0,160.0,168.03712,8.037124633789062,8.037124633789062,Unhealthy,Unhealthy,2.0,10.037124633789062,8.037124633789062
Multan,2026-01-09,278.0,299.0,275.49466,23.505340576171875,-23.505340576171875,Very Unhealthy,Very Unhealthy,21.0,-2.505340576171875,-23.505340576171875
Rawalpindi,2026-01-09,164.0,164.0,165.95238,1.9523773193359375,1.9523773193359375,Unhealthy,Unhealthy,0.0,1.9523773193359375,1.9523773193359375
Islamabad,2026-01-09,164.0,164.0,165.46004,1.4600372314453125,1.4600372314453125,Unhealthy,Unhealthy,0.0,1.4600372314453125,1.4600372314453125
Lahore,2026-01-09,289.0,231.0,236.32532,5.3253173828125,5.3253173828125,Very Unhealthy,Very Unhealthy,-58.0,-52.6746826171875,5.3253173828125
Karachi,2026-01-09,94.0,100.0,121.1941,21.19409942626953,21.19409942626953,Unhealthy for Sensitive Groups,Moderate,6.0,27.19409942626953,21.19409942626953
Faisalabad,2026-01-09,310.0,321.0,302.67715,18.322845458984375,-18.322845458984375,Hazardous,Hazardous,11.0,-7.322845458984375,-18.322845458984375
Quetta,2026-01-10,77.0,69.0,77.67723,8.677230834960938,8.677230834960938,Moderate,Moderate,-8.0,0.6772308349609375,8.677230834960938
Sialkot,2026-01-10,239.0,225.0,234.20375,9.203750610351562,9.203750610351562,Very Unhealthy,Very Unhealthy,-14.0,-4.7962493896484375,9.203750610351562
Gujranwala,2026-01-10,244.0,229.0,240.90422,11.904220581054688,11.904220581054688,Very Unhealthy,Very Unhealthy,-15.0,-3.0957794189453125,11.904220581054688
Hyderabad,2026-01-10,97.0,125.0,117.627335,7.3726654052734375,-7.3726654052734375,Unhealthy for Sensitive Groups,Unhealthy for Sensitive Groups,28.0,20.627334594726562,-7.3726654052734375
Peshawar,2026-01-10,160.0,164.0,157.61118,6.388824462890625,-6.388824462890625,Unhealthy,Unhealthy,4.0,-2.388824462890625,-6.388824462890625
Bahawalpur,2026-01-10,213.0,222.0,239.742,17.74200439453125,17.74200439453125,Very Unhealthy,Very Unhealthy,9.0,26.74200439453125,17.74200439453125
Faisalabad,2026-01-10,321.0,293.0,309.68228,16.682281494140625,16.682281494140625,Hazardous,Very Unhealthy,-28.0,-11.317718505859375,16.682281494140625
Karachi,2026-01-10,100.0,107.0,116.52896,9.528961181640625,9.528961181640625,Unhealthy for Sensitive Groups,Unhealthy for Sensitive Groups,7.0,16.528961181640625,9.528961181640625
Lahore,2026-01-10,231.0,225.0,242.84825,17.848251342773438,17.848251342773438,Very Unhealthy,Very Unhealthy,-6.0,11.848251342773438,17.848251342773438
Multan,2026-01-10,299.0,336.0,325.8069,10.193115234375,-10.193115234375,Hazardous,Hazardous,37.0,26.806884765625,-10.193115234375
Rawalpindi,2026-01-10,164.0,161.0,161.04033,0.0403289794921875,0.0403289794921875,Unhealthy,Unhealthy,-3.0,-2.9596710205078125,0.0403289794921875
Islamabad,2026-01-10,164.0,161.0,161.75504,0.755035400390625,0.755035400390625,Unhealthy,Unhealthy,-3.0,-2.244964599609375,0.755035400390625
Bahawalpur,2026-01-11,222.0,196.0,201.57726,5.5772552490234375,5.5772552490234375,Very Unhealthy,Unhealthy,-26.0,-20.422744750976562,5.5772552490234375
Sialkot,2026-01-11,225.0,251.0,236.24522,14.754776000976562,-14.754776000976562,Very Unhealthy,Very Unhealthy,26.0,11.245223999023438,-14.754776000976562
Gujranwala,2026-01-11,229.0,210.0,229.3142,19.314193725585938,19.314193725585938,Very Unhealthy,Very Unhealthy,-19.0,0.3141937255859375,19.314193725585938
Hyderabad,2026-01-11,125.0,144.0,136.14113,7.8588714599609375,-7.8588714599609375,Unhealthy for Sensitive Groups,Unhealthy for Sensitive Groups,19.0,11.141128540039062,-7.8588714599609375
Peshawar,2026-01-11,164.0,165.0,168.27509,3.27508544921875,3.27508544921875,Unhealthy,Unhealthy,1.0,4.27508544921875,3.27508544921875
Quetta,2026-01-11,69.0,74.0,72.10451,1.8954925537109375,-1.8954925537109375,Moderate,Moderate,5.0,3.1045074462890625,-1.8954925537109375
Faisalabad,2026-01-11,293.0,242.0,252.49277,10.492767333984375,10.492767333984375,Very Unhealthy,Very Unhealthy,-51.0,-40.507232666015625,10.492767333984375
Rawalpindi,2026-01-11,161.0,157.0,162.97873,5.978729248046875,5.978729248046875,Unhealthy,Unhealthy,-4.0,1.978729248046875,5.978729248046875
Islamabad,2026-01-11,161.0,157.0,164.76688,7.766876220703125,7.766876220703125,Unhealthy,Unhealthy,-4.0,3.766876220703125,7.766876220703125
Lahore,2026-01-11,225.0,230.0,234.63274,4.6327362060546875,4.6327362060546875,Very Unhealthy,Very Unhealthy,5.0,9.632736206054688,4.6327362060546875
Karachi,2026-01-11,107.0,133.0,122.153175,10.846824645996094,-10.846824645996094,Unhealthy for Sensitive Groups,Unhealthy for Sensitive Groups,26.0,15.153175354003906,-10.846824645996094
Multan,2026-01-11,336.0,314.0,307.69315,6.306854248046875,-6.306854248046875,Hazardous,Hazardous,-22.0,-28.306854248046875,-6.306854248046875
Bahawalpur,2026-01-12,196.0,178.0,174.8822,3.1177978515625,-3.1177978515625,Unhealthy,Unhealthy,-18.0,-21.1177978515625,-3.1177978515625
Sialkot,2026-01-12,251.0,294.0,258.88242,35.117584228515625,-35.117584228515625,Very Unhealthy,Very Unhealthy,43.0,7.882415771484375,-35.117584228515625
Gujranwala,2026-01-12,210.0,274.0,233.07254,40.927459716796875,-40.927459716796875,Very Unhealthy,Very Unhealthy,64.0,23.072540283203125,-40.927459716796875
Hyderabad,2026-01-12,144.0,136.0,138.27148,2.271484375,2.271484375,Unhealthy for Sensitive Groups,Unhealthy for Sensitive Groups,-8.0,-5.728515625,2.271484375
Quetta,2026-01-12,74.0,71.0,74.36418,3.3641815185546875,3.3641815185546875,Moderate,Moderate,-3.0,0.3641815185546875,3.3641815185546875
Peshawar,2026-01-12,165.0,167.0,169.5757,2.5756988525390625,2.5756988525390625,Unhealthy,Unhealthy,2.0,4.5756988525390625,2.5756988525390625
Multan,2026-01-12,314.0,241.0,241.41315,0.41314697265625,0.41314697265625,Very Unhealthy,Very Unhealthy,-73.0,-72.58685302734375,0.41314697265625
Rawalpindi,2026-01-12,157.0,165.0,162.4901,2.5099029541015625,-2.5099029541015625,Unhealthy,Unhealthy,8.0,5.4900970458984375,-2.5099029541015625
Islamabad,2026-01-12,157.0,165.0,161.99797,3.0020294189453125,-3.0020294189453125,Unhealthy,Unhealthy,8.0,4.9979705810546875,-3.0020294189453125
Lahore,2026-01-12,230.0,287.0,253.86963,33.13037109375,-33.13037109375,Very Unhealthy,Very Unhealthy,57.0,23.86962890625,-33.13037109375
Karachi,2026-01-12,133.0,141.0,146.19348,5.1934814453125,5.1934814453125,Unhealthy for Sensitive Groups,Unhealthy for Sensitive Groups,8.0,13.1934814453125,5.1934814453125
Faisalabad,2026-01-12,242.0,309.0,265.16293,43.837066650390625,-43.837066650390625,Very Unhealthy,Hazardous,67.0,23.162933349609375,-43.837066650390625
Bahawalpur,2026-01-13,178.0,193.0,192.28964,0.710357666015625,-0.710357666015625,Unhealthy,Unhealthy,15.0,14.289642333984375,-0.710357666015625
Sialkot,2026-01-13,294.0,302.0,300.18564,1.814361572265625,-1.814361572265625,Hazardous,Hazardous,8.0,6.185638427734375,-1.814361572265625
Gujranwala,2026-01-13,274.0,277.0,282.50595,5.505950927734375,5.505950927734375,Very Unhealthy,Very Unhealthy,3.0,8.505950927734375,5.505950927734375
Hyderabad,2026-01-13,136.0,154.0,135.17456,18.825439453125,-18.825439453125,Unhealthy for Sensitive Groups,Unhealthy,18.0,-0.825439453125,-18.825439453125
Quetta,2026-01-13,71.0,68.0,70.16685,2.1668472290039062,2.1668472290039062,Moderate,Moderate,-3.0,-0.8331527709960938,2.1668472290039062
Peshawar,2026-01-13,167.0,160.0,168.74048,8.740478515625,8.740478515625,Unhealthy,Unhealthy,-7.0,1.740478515625,8.740478515625
Multan,2026-01-13,241.0,255.0,280.31216,25.312164306640625,25.312164306640625,Very Unhealthy,Very Unhealthy,14.0,39.312164306640625,25.312164306640625
Rawalpindi,2026-01-13,165.0,164.0,168.58037,4.5803680419921875,4.5803680419921875,Unhealthy,Unhealthy,-1.0,3.5803680419921875,4.5803680419921875
Islamabad,2026-01-13,165.0,164.0,167.80441,3.804412841796875,3.804412841796875,Unhealthy,Unhealthy,-1.0,2.804412841796875,3.804412841796875
Lahore,2026-01-13,287.0,294.0,302.74606,8.746063232421875,8.746063232421875,Hazardous,Very Unhealthy,7.0,15.746063232421875,8.746063232421875
Karachi,2026-01-13,141.0,140.0,140.56349,0.5634918212890625,0.5634918212890625,Unhealthy for Sensitive Groups,Unhealthy for Sensitive Groups,-1.0,-0.4365081787109375,0.5634918212890625
Faisalabad,2026-01-13,309.0,309.0,317.18283,8.182830810546875,8.182830810546875,Hazardous,Hazardous,0.0,8.182830810546875,8.182830810546875
Quetta,2026-01-14,68.0,64.0,68.675735,4.6757354736328125,4.6757354736328125,Moderate,Moderate,-4.0,0.6757354736328125,4.6757354736328125
Bahawalpur,2026-01-14,193.0,176.0,182.41966,6.4196624755859375,6.4196624755859375,Unhealthy,Unhealthy,-17.0,-10.580337524414062,6.4196624755859375
Sialkot,2026-01-14,302.0,329.0,293.18146,35.81854248046875,-35.81854248046875,Very Unhealthy,Hazardous,27.0,-8.81854248046875,-35.81854248046875
Gujranwala,2026-01-14,277.0,283.0,261.44266,21.557342529296875,-21.557342529296875,Very Unhealthy,Very Unhealthy,6.0,-15.557342529296875,-21.557342529296875
Peshawar,2026-01-14,160.0,171.0,159.98459,11.015411376953125,-11.015411376953125,Unhealthy,Unhealthy,11.0,-0.015411376953125,-11.015411376953125
Hyderabad,2026-01-14,154.0,151.0,151.30258,0.302581787109375,0.302581787109375,Unhealthy,Unhealthy,-3.0,-2.697418212890625,0.302581787109375
Faisalabad,2026-01-14,309.0,288.0,283.2297,4.770294189453125,-4.770294189453125,Very Unhealthy,Very Unhealthy,-21.0,-25.770294189453125,-4.770294189453125
Karachi,2026-01-14,140.0,118.0,127.55174,9.551742553710938,9.551742553710938,Unhealthy for Sensitive Groups,Unhealthy for Sensitive Groups,-22.0,-12.448257446289062,9.551742553710938
Lahore,2026-01-14,294.0,305.0,292.8749,12.125091552734375,-12.125091552734375,Very Unhealthy,Hazardous,11.0,-1.125091552734375,-12.125091552734375
Multan,2026-01-14,255.0,224.0,240.90686,16.9068603515625,16.9068603515625,Very Unhealthy,Very Unhealthy,-31.0,-14.0931396484375,16.9068603515625
Rawalpindi,2026-01-14,164.0,162.0,159.60445,2.3955535888671875,-2.3955535888671875,Unhealthy,Unhealthy,-2.0,-4.3955535888671875,-2.3955535888671875
Islamabad,2026-01-14,164.0,162.0,159.67632,2.3236846923828125,-2.3236846923828125,Unhealthy,Unhealthy,-2.0,-4.3236846923828125,-2.3236846923828125
Quetta,2026-01-15,64.0,89.0,77.0894,11.910598754882812,-11.910598754882812,Moderate,Moderate,25.0,13.089401245117188,-11.910598754882812
Karachi,2026-01-15,118.0,117.0,112.08957,4.910430908203125,-4.910430908203125,Unhealthy for Sensitive Groups,Unhealthy for Sensitive Groups,-1.0,-5.910430908203125,-4.910430908203125
Lahore,2026-01-15,305.0,329.0,304.16235,24.837646484375,-24.837646484375,Hazardous,Hazardous,24.0,-0.837646484375,-24.837646484375
Islamabad,2026-01-15,162.0,160.0,161.94121,1.9412078857421875,1.9412078857421875,Unhealthy,Unhealthy,-2.0,-0.0587921142578125,1.9412078857421875
Rawalpindi,2026-01-15,162.0,160.0,163.00012,3.0001220703125,3.0001220703125,Unhealthy,Unhealthy,-2.0,1.0001220703125,3.0001220703125
Faisalabad,2026-01-15,288.0,339.0,312.60776,26.392242431640625,-26.392242431640625,Hazardous,Hazardous,51.0,24.607757568359375,-26.392242431640625
Multan,2026-01-15,224.0,264.0,220.67308,43.32691955566406,-43.32691955566406,Very Unhealthy,Very Unhealthy,40.0,-3.3269195556640625,-43.32691955566406
Peshawar,2026-01-15,171.0,171.0,179.10878,8.108779907226562,8.108779907226562,Unhealthy,Unhealthy,0.0,8.108779907226562,8.108779907226562
Hyderabad,2026-01-15,151.0,93.0,109.16039,16.16039276123047,16.16039276123047,Unhealthy for Sensitive Groups,Moderate,-58.0,-41.83960723876953,16.16039276123047
Gujranwala,2026-01-15,283.0,300.0,295.447,4.553009033203125,-4.553009033203125,Very Unhealthy,Very Unhealthy,17.0,12.446990966796875,-4.553009033203125
Sialkot,2026-01-15,329.0,314.0,302.0529,11.947113037109375,-11.947113037109375,Hazardous,Hazardous,-15.0,-26.947113037109375,-11.947113037109375
Bahawalpur,2026-01-15,176.0,172.0,158.61554,13.38446044921875,-13.38446044921875,Unhealthy,Unhealthy,-4.0,-17.38446044921875,-13.38446044921875
Hyderabad,2026-01-16,93.0,99.0,92.421074,6.578926086425781,-6.578926086425781,Moderate,Moderate,6.0,-0.5789260864257812,-6.578926086425781
Gujranwala,2026-01-16,300.0,320.0,310.3785,9.621490478515625,-9.621490478515625,Hazardous,Hazardous,20.0,10.378509521484375,-9.621490478515625
Quetta,2026-01-16,89.0,113.0,93.83171,19.168289184570312,-19.168289184570312,Moderate,Unhealthy for Sensitive Groups,24.0,4.8317108154296875,-19.168289184570312
Bahawalpur,2026-01-16,172.0,177.0,174.54886,2.451141357421875,-2.451141357421875,Unhealthy,Unhealthy,5.0,2.548858642578125,-2.451141357421875
Sialkot,2026-01-16,314.0,313.0,315.7936,2.793609619140625,2.793609619140625,Hazardous,Hazardous,-1.0,1.793609619140625,2.793609619140625
Peshawar,2026-01-16,171.0,177.0,173.68205,3.3179473876953125,-3.3179473876953125,Unhealthy,Unhealthy,6.0,2.6820526123046875,-3.3179473876953125
Lahore,2026-01-16,329.0,339.0,305.44263,33.557373046875,-33.557373046875,Hazardous,Hazardous,10.0,-23.557373046875,-33.557373046875
Faisalabad,2026-01-16,339.0,312.0,299.1516,12.848388671875,-12.848388671875,Very Unhealthy,Hazardous,-27.0,-39.848388671875,-12.848388671875
Rawalpindi,2026-01-16,160.0,165.0,164.61252,0.387481689453125,-0.387481689453125,Unhealthy,Unhealthy,5.0,4.612518310546875,-0.387481689453125
Islamabad,2026-01-16,160.0,165.0,166.34175,1.3417510986328125,1.3417510986328125,Unhealthy,Unhealthy,5.0,6.3417510986328125,1.3417510986328125
Karachi,2026-01-16,117.0,112.0,120.04382,8.0438232421875,8.0438232421875,Unhealthy for Sensitive Groups,Unhealthy for Sensitive Groups,-5.0,3.0438232421875,8.0438232421875
Multan,2026-01-16,264.0,235.0,241.89401,6.894012451171875,6.894012451171875,Very Unhealthy,Very Unhealthy,-29.0,-22.105987548828125,6.894012451171875
Quetta,2026-01-17,113.0,114.0,120.45302,6.4530181884765625,6.4530181884765625,Unhealthy for Sensitive Groups,Unhealthy for Sensitive Groups,1.0,7.4530181884765625,6.4530181884765625
Sialkot,2026-01-17,313.0,238.0,241.79549,3.7954864501953125,3.7954864501953125,Very Unhealthy,Very Unhealthy,-75.0,-71.20451354980469,3.7954864501953125
Gujranwala,2026-01-17,320.0,295.0,297.20465,2.20465087890625,2.20465087890625,Very Unhealthy,Very Unhealthy,-25.0,-22.79534912109375,2.20465087890625
Hyderabad,2026-01-17,99.0,163.0,119.20848,43.79151916503906,-43.79151916503906,Unhealthy for Sensitive Groups,Unhealthy,64.0,20.208480834960938,-43.79151916503906
Peshawar,2026-01-17,177.0,174.0,177.85963,3.8596343994140625,3.8596343994140625,Unhealthy,Unhealthy,-3.0,0.8596343994140625,3.8596343994140625
Bahawalpur,2026-01-17,177.0,207.0,185.85248,21.14752197265625,-21.14752197265625,Unhealthy,Very Unhealthy,30.0,8.85247802734375,-21.14752197265625
Faisalabad,2026-01-17,312.0,328.0,309.42746,18.572540283203125,-18.572540283203125,Hazardous,Hazardous,16.0,-2.572540283203125,-18.572540283203125
Rawalpindi,2026-01-17,165.0,162.0,166.5914,4.591400146484375,4.591400146484375,Unhealthy,Unhealthy,-3.0,1.591400146484375,4.591400146484375
Islamabad,2026-01-17,165.0,162.0,164.04039,2.0403900146484375,2.0403900146484375,Unhealthy,Unhealthy,-3.0,-0.9596099853515625,2.0403900146484375
Lahore,2026-01-17,339.0,295.0,301.86267,6.8626708984375,6.8626708984375,Hazardous,Very Unhealthy,-44.0,-37.1373291015625,6.8626708984375
Karachi,2026-01-17,112.0,95.0,113.18313,18.183128356933594,18.183128356933594,Unhealthy for Sensitive Groups,Moderate,-17.0,1.1831283569335938,18.183128356933594
Multan,2026-01-17,235.0,237.0,226.28468,10.715316772460938,-10.715316772460938,Very Unhealthy,Very Unhealthy,2.0,-8.715316772460938,-10.715316772460938
Bahawalpur,2026-01-18,207.0,204.0,212.39989,8.399887084960938,8.399887084960938,Very Unhealthy,Very Unhealthy,-3.0,5.3998870849609375,8.399887084960938
Sialkot,2026-01-18,238.0,269.0,244.1407,24.859298706054688,-24.859298706054688,Very Unhealthy,Very Unhealthy,31.0,6.1407012939453125,-24.859298706054688
Quetta,2026-01-18,114.0,90.0,91.5883,1.5883026123046875,1.5883026123046875,Moderate,Moderate,-24.0,-22.411697387695312,1.5883026123046875
Gujranwala,2026-01-18,295.0,302.0,264.5062,37.493804931640625,-37.493804931640625,Very Unhealthy,Hazardous,7.0,-30.493804931640625,-37.493804931640625
Hyderabad,2026-01-18,163.0,167.0,167.21925,0.2192535400390625,0.2192535400390625,Unhealthy,Unhealthy,4.0,4.2192535400390625,0.2192535400390625
Peshawar,2026-01-18,174.0,157.0,160.15742,3.1574249267578125,3.1574249267578125,Unhealthy,Unhealthy,-17.0,-13.842575073242188,3.1574249267578125
Lahore,2026-01-18,295.0,306.0,285.32626,20.673736572265625,-20.673736572265625,Very Unhealthy,Hazardous,11.0,-9.673736572265625,-20.673736572265625
Faisalabad,2026-01-18,328.0,344.0,322.063,21.93701171875,-21.93701171875,Hazardous,Hazardous,16.0,-5.93701171875,-21.93701171875
Rawalpindi,2026-01-18,162.0,169.0,160.4779,8.5220947265625,-8.5220947265625,Unhealthy,Unhealthy,7.0,-1.5220947265625,-8.5220947265625
Islamabad,2026-01-18,162.0,169.0,159.17001,9.829986572265625,-9.829986572265625,Unhealthy,Unhealthy,7.0,-2.829986572265625,-9.829986572265625
Karachi,2026-01-18,95.0,115.0,116.78666,1.7866592407226562,1.7866592407226562,Unhealthy for Sensitive Groups,Unhealthy for Sensitive Groups,20.0,21.786659240722656,1.7866592407226562
Multan,2026-01-18,237.0,267.0,255.07977,11.92022705078125,-11.92022705078125,Very Unhealthy,Very Unhealthy,30.0,18.07977294921875,-11.92022705078125
Bahawalpur,2026-01-19,204.0,199.0,190.5701,8.429901123046875,-8.429901123046875,Unhealthy,Unhealthy,-5.0,-13.429901123046875,-8.429901123046875
Sialkot,2026-01-19,269.0,265.0,291.7759,26.775909423828125,26.775909423828125,Very Unhealthy,Very Unhealthy,-4.0,22.775909423828125,26.775909423828125
Gujranwala,2026-01-19,302.0,300.0,346.1364,46.13641357421875,46.13641357421875,Hazardous,Very Unhealthy,-2.0,44.13641357421875,46.13641357421875
Hyderabad,2026-01-19,167.0,151.0,156.54,5.5399932861328125,5.5399932861328125,Unhealthy,Unhealthy,-16.0,-10.460006713867188,5.5399932861328125
Quetta,2026-01-19,90.0,65.0,80.53797,15.537971496582031,15.537971496582031,Moderate,Moderate,-25.0,-9.462028503417969,15.537971496582031
Peshawar,2026-01-19,157.0,158.0,158.74577,0.7457733154296875,0.7457733154296875,Unhealthy,Unhealthy,1.0,1.7457733154296875,0.7457733154296875
Faisalabad,2026-01-19,344.0,371.0,331.8582,39.141815185546875,-39.141815185546875,Hazardous,Hazardous,27.0,-12.141815185546875,-39.141815185546875
Rawalpindi,2026-01-19,169.0,167.0,176.25594,9.255935668945312,9.255935668945312,Unhealthy,Unhealthy,-2.0,7.2559356689453125,9.255935668945312
Islamabad,2026-01-19,169.0,167.0,175.54546,8.545455932617188,8.545455932617188,Unhealthy,Unhealthy,-2.0,6.5454559326171875,8.545455932617188
Lahore,2026-01-19,306.0,292.0,318.92764,26.927642822265625,26.927642822265625,Hazardous,Very Unhealthy,-14.0,12.927642822265625,26.927642822265625
Karachi,2026-01-19,115.0,115.0,123.729324,8.729324340820312,8.729324340820312,Unhealthy for Sensitive Groups,Unhealthy for Sensitive Groups,0.0,8.729324340820312,8.729324340820312
Multan,2026-01-19,267.0,283.0,266.06845,16.931549072265625,-16.931549072265625,Very Unhealthy,Very Unhealthy,16.0,-0.931549072265625,-16.931549072265625
Quetta,2026-01-20,65.0,94.0,82.32589,11.674110412597656,-11.674110412597656,Moderate,Moderate,29.0,17.325889587402344,-11.674110412597656
Bahawalpur,2026-01-20,199.0,189.0,193.68906,4.689056396484375,4.689056396484375,Unhealthy,Unhealthy,-10.0,-5.310943603515625,4.689056396484375
Sialkot,2026-01-20,265.0,233.0,233.9954,0.9954071044921875,0.9954071044921875,Very Unhealthy,Very Unhealthy,-32.0,-31.004592895507812,0.9954071044921875
Gujranwala,2026-01-20,300.0,268.0,279.0581,11.05810546875,11.05810546875,Very Unhealthy,Very Unhealthy,-32.0,-20.94189453125,11.05810546875
Hyderabad,2026-01-20,151.0,107.0,129.56694,22.566940307617188,22.566940307617188,Unhealthy for Sensitive Groups,Unhealthy for Sensitive Groups,-44.0,-21.433059692382812,22.566940307617188
Peshawar,2026-01-20,158.0,156.0,162.13579,6.1357879638671875,6.1357879638671875,Unhealthy,Unhealthy,-2.0,4.1357879638671875,6.1357879638671875
Karachi,2026-01-20,115.0,95.0,109.13053,14.130531311035156,14.130531311035156,Unhealthy for Sensitive Groups,Moderate,-20.0,-5.869468688964844,14.130531311035156
Faisalabad,2026-01-20,371.0,358.0,313.1127,44.887298583984375,-44.887298583984375,Hazardous,Hazardous,-13.0,-57.887298583984375,-44.887298583984375
Rawalpindi,2026-01-20,167.0,152.0,155.47041,3.4704132080078125,3.4704132080078125,Unhealthy,Unhealthy,-15.0,-11.529586791992188,3.4704132080078125
Islamabad,2026-01-20,167.0,152.0,152.54945,0.5494537353515625,0.5494537353515625,Unhealthy,Unhealthy,-15.0,-14.450546264648438,0.5494537353515625
Lahore,2026-01-20,292.0,264.0,290.69342,26.69342041015625,26.69342041015625,Very Unhealthy,Very Unhealthy,-28.0,-1.30657958984375,26.69342041015625
Multan,2026-01-20,283.0,275.0,271.08072,3.919281005859375,-3.919281005859375,Very Unhealthy,Very Unhealthy,-8.0,-11.919281005859375,-3.919281005859375
Peshawar,2026-01-21,156.0,177.0,164.286,12.714004516601562,-12.714004516601562,Unhealthy,Unhealthy,21.0,8.285995483398438,-12.714004516601562
Sialkot,2026-01-21,233.0,233.0,251.20476,18.204757690429688,18.204757690429688,Very Unhealthy,Very Unhealthy,0.0,18.204757690429688,18.204757690429688
Gujranwala,2026-01-21,268.0,221.0,232.87811,11.87811279296875,11.87811279296875,Very Unhealthy,Very Unhealthy,-47.0,-35.12188720703125,11.87811279296875
Hyderabad,2026-01-21,107.0,112.0,129.58786,17.587860107421875,17.587860107421875,Unhealthy for Sensitive Groups,Unhealthy for Sensitive Groups,5.0,22.587860107421875,17.587860107421875
Quetta,2026-01-21,94.0,95.0,102.97046,7.970458984375,7.970458984375,Unhealthy for Sensitive Groups,Moderate,1.0,8.970458984375,7.970458984375
Bahawalpur,2026-01-21,189.0,166.0,174.03098,8.030975341796875,8.030975341796875,Unhealthy,Unhealthy,-23.0,-14.969024658203125,8.030975341796875
Multan,2026-01-21,275.0,250.0,257.38156,7.381561279296875,7.381561279296875,Very Unhealthy,Very Unhealthy,-25.0,-17.618438720703125,7.381561279296875
Rawalpindi,2026-01-21,152.0,151.0,160.31227,9.312271118164062,9.312271118164062,Unhealthy,Unhealthy,-1.0,8.312271118164062,9.312271118164062
Islamabad,2026-01-21,152.0,151.0,159.7389,8.738906860351562,8.738906860351562,Unhealthy,Unhealthy,-1.0,7.7389068603515625,8.738906860351562
Lahore,2026-01-21,264.0,253.0,263.57916,10.57916259765625,10.57916259765625,Very Unhealthy,Very Unhealthy,-11.0,-0.42083740234375,10.57916259765625
Karachi,2026-01-21,95.0,97.0,101.40908,4.409080505371094,4.409080505371094,Unhealthy for Sensitive Groups,Moderate,2.0,6.409080505371094,4.409080505371094
Faisalabad,2026-01-21,358.0,287.0,301.63116,14.63116455078125,14.63116455078125,Hazardous,Very Unhealthy,-71.0,-56.36883544921875,14.63116455078125
Bahawalpur,2026-01-22,166.0,104.0,130.26048,26.260482788085938,26.260482788085938,Unhealthy for Sensitive Groups,Unhealthy for Sensitive Groups,-62.0,-35.73951721191406,26.260482788085938
Sialkot,2026-01-22,233.0,187.0,194.48587,7.485870361328125,7.485870361328125,Unhealthy,Unhealthy,-46.0,-38.514129638671875,7.485870361328125
Gujranwala,2026-01-22,221.0,184.0,192.71135,8.711349487304688,8.711349487304688,Unhealthy,Unhealthy,-37.0,-28.288650512695312,8.711349487304688
Hyderabad,2026-01-22,112.0,81.0,98.05918,17.059181213378906,17.059181213378906,Moderate,Moderate,-31.0,-13.940818786621094,17.059181213378906
Quetta,2026-01-22,95.0,184.0,92.82954,91.17046356201172,-91.17046356201172,Moderate,Unhealthy,89.0,-2.1704635620117188,-91.17046356201172
Peshawar,2026-01-22,177.0,164.0,165.54814,1.5481414794921875,1.5481414794921875,Unhealthy,Unhealthy,-13.0,-11.451858520507812,1.5481414794921875
Multan,2026-01-22,250.0,156.0,181.6043,25.604293823242188,25.604293823242188,Unhealthy,Unhealthy,-94.0,-68.39570617675781,25.604293823242188
Faisalabad,2026-01-22,287.0,191.0,204.86517,13.86517333984375,13.86517333984375,Very Unhealthy,Unhealthy,-96.0,-82.13482666015625,13.86517333984375
Rawalpindi,2026-01-22,151.0,110.0,124.473206,14.47320556640625,14.47320556640625,Unhealthy for Sensitive Groups,Unhealthy for Sensitive Groups,-41.0,-26.52679443359375,14.47320556640625
Islamabad,2026-01-22,151.0,110.0,122.743805,12.743804931640625,12.743804931640625,Unhealthy for Sensitive Groups,Unhealthy for Sensitive Groups,-41.0,-28.256195068359375,12.743804931640625
Lahore,2026-01-22,253.0,197.0,208.11185,11.111846923828125,11.111846923828125,Very Unhealthy,Unhealthy,-56.0,-44.888153076171875,11.111846923828125
Karachi,2026-01-22,97.0,96.0,101.85607,5.856071472167969,5.856071472167969,Unhealthy for Sensitive Groups,Moderate,-1.0,4.856071472167969,5.856071472167969
Bahawalpur,2026-01-23,104.0,110.0,113.06943,3.069427490234375,3.069427490234375,Unhealthy for Sensitive Groups,Unhealthy for Sensitive Groups,6.0,9.069427490234375,3.069427490234375
Sialkot,2026-01-23,187.0,151.0,163.19339,12.193389892578125,12.193389892578125,Unhealthy,Unhealthy,-36.0,-23.806610107421875,12.193389892578125
Gujranwala,2026-01-23,184.0,164.0,150.01588,13.984115600585938,-13.984115600585938,Unhealthy,Unhealthy,-20.0,-33.98411560058594,-13.984115600585938
Hyderabad,2026-01-23,81.0,95.0,104.27357,9.273567199707031,9.273567199707031,Unhealthy for Sensitive Groups,Moderate,14.0,23.27356719970703,9.273567199707031
Quetta,2026-01-23,184.0,173.0,162.97922,10.020782470703125,-10.020782470703125,Unhealthy,Unhealthy,-11.0,-21.020782470703125,-10.020782470703125
Peshawar,2026-01-23,164.0,152.0,124.77388,27.226119995117188,-27.226119995117188,Unhealthy for Sensitive Groups,Unhealthy,-12.0,-39.22611999511719,-27.226119995117188
Faisalabad,2026-01-23,191.0,177.0,151.67548,25.32452392578125,-25.32452392578125,Unhealthy,Unhealthy,-14.0,-39.32452392578125,-25.32452392578125
Rawalpindi,2026-01-23,110.0,82.0,114.462395,32.46239471435547,32.46239471435547,Unhealthy for Sensitive Groups,Moderate,-28.0,4.462394714355469,32.46239471435547
Islamabad,2026-01-23,110.0,82.0,112.80679,30.806793212890625,30.806793212890625,Unhealthy for Sensitive Groups,Moderate,-28.0,2.806793212890625,30.806793212890625
Lahore,2026-01-23,197.0,154.0,148.87314,5.126861572265625,-5.126861572265625,Unhealthy for Sensitive Groups,Unhealthy,-43.0,-48.126861572265625,-5.126861572265625
Karachi,2026-01-23,96.0,109.0,112.92654,3.9265365600585938,3.9265365600585938,Unhealthy for Sensitive Groups,Unhealthy for Sensitive Groups,13.0,16.926536560058594,3.9265365600585938
Multan,2026-01-23,156.0,167.0,133.6269,33.37309265136719,-33.37309265136719,Unhealthy for Sensitive Groups,Unhealthy,11.0,-22.373092651367188,-33.37309265136719
Multan,2026-01-24,167.0,162.0,167.18065,5.1806488037109375,5.1806488037109375,Unhealthy,Unhealthy,-5.0,0.1806488037109375,5.1806488037109375
Bahawalpur,2026-01-24,110.0,151.0,129.13379,21.8662109375,-21.8662109375,Unhealthy for Sensitive Groups,Unhealthy,41.0,19.1337890625,-21.8662109375
Sialkot,2026-01-24,151.0,161.0,141.99167,19.008331298828125,-19.008331298828125,Unhealthy for Sensitive Groups,Unhealthy,10.0,-9.008331298828125,-19.008331298828125
Gujranwala,2026-01-24,164.0,161.0,161.96483,0.9648284912109375,0.9648284912109375,Unhealthy,Unhealthy,-3.0,-2.0351715087890625,0.9648284912109375
Hyderabad,2026-01-24,95.0,81.0,93.32174,12.321739196777344,12.321739196777344,Moderate,Moderate,-14.0,-1.6782608032226562,12.321739196777344
Quetta,2026-01-24,173.0,85.0,135.39076,50.39076232910156,50.39076232910156,Unhealthy for Sensitive Groups,Moderate,-88.0,-37.60923767089844,50.39076232910156
Rawalpindi,2026-01-24,82.0,129.0,109.13696,19.863037109375,-19.863037109375,Unhealthy for Sensitive Groups,Unhealthy for Sensitive Groups,47.0,27.136962890625,-19.863037109375
Faisalabad,2026-01-24,177.0,175.0,179.60521,4.6052093505859375,4.6052093505859375,Unhealthy,Unhealthy,-2.0,2.6052093505859375,4.6052093505859375
Islamabad,2026-01-24,82.0,129.0,113.74125,15.258750915527344,-15.258750915527344,Unhealthy for Sensitive Groups,Unhealthy for Sensitive Groups,47.0,31.741249084472656,-15.258750915527344
Lahore,2026-01-24,154.0,157.0,157.68938,0.6893768310546875,0.6893768310546875,Unhealthy,Unhealthy,3.0,3.6893768310546875,0.6893768310546875
Karachi,2026-01-24,109.0,82.0,95.26632,13.266319274902344,13.266319274902344,Moderate,Moderate,-27.0,-13.733680725097656,13.266319274902344
Peshawar,2026-01-24,152.0,151.0,154.34866,3.348663330078125,3.348663330078125,Unhealthy,Unhealthy,-1.0,2.348663330078125,3.348663330078125
Hyderabad,2026-01-25,81.0,78.0,84.65034,6.650337219238281,6.650337219238281,Moderate,Moderate,-3.0,3.6503372192382812,6.650337219238281
Gujranwala,2026-01-25,161.0,188.0,167.25958,20.74041748046875,-20.74041748046875,Unhealthy,Unhealthy,27.0,6.25958251953125,-20.74041748046875
Quetta,2026-01-25,85.0,77.0,96.41325,19.413253784179688,19.413253784179688,Moderate,Moderate,-8.0,11.413253784179688,19.413253784179688
Bahawalpur,2026-01-25,151.0,161.0,162.46999,1.4699859619140625,1.4699859619140625,Unhealthy,Unhealthy,10.0,11.469985961914062,1.4699859619140625
Sialkot,2026-01-25,161.0,190.0,189.09975,0.9002532958984375,-0.9002532958984375,Unhealthy,Unhealthy,29.0,28.099746704101562,-0.9002532958984375
Peshawar,2026-01-25,151.0,104.0,122.34715,18.347152709960938,18.347152709960938,Unhealthy for Sensitive Groups,Unhealthy for Sensitive Groups,-47.0,-28.652847290039062,18.347152709960938
Karachi,2026-01-25,82.0,98.0,84.65436,13.34564208984375,-13.34564208984375,Moderate,Moderate,16.0,2.65435791015625,-13.34564208984375
Faisalabad,2026-01-25,175.0,195.0,176.46202,18.537979125976562,-18.537979125976562,Unhealthy,Unhealthy,20.0,1.4620208740234375,-18.537979125976562
Rawalpindi,2026-01-25,129.0,148.0,148.71198,0.71197509765625,0.71197509765625,Unhealthy for Sensitive Groups,Unhealthy for Sensitive Groups,19.0,19.71197509765625,0.71197509765625
Islamabad,2026-01-25,129.0,148.0,146.9444,1.05560302734375,-1.05560302734375,Unhealthy for Sensitive Groups,Unhealthy for Sensitive Groups,19.0,17.94439697265625,-1.05560302734375
Lahore,2026-01-25,157.0,188.0,181.02562,6.9743804931640625,-6.9743804931640625,Unhealthy,Unhealthy,31.0,24.025619506835938,-6.9743804931640625
Multan,2026-01-25,162.0,160.0,160.04233,0.042327880859375,0.042327880859375,Unhealthy,Unhealthy,-2.0,-1.957672119140625,0.042327880859375
Bahawalpur,2026-01-26,161.0,157.0,162.60136,5.6013641357421875,5.6013641357421875,Unhealthy,Unhealthy,-4.0,1.6013641357421875,5.6013641357421875
Sialkot,2026-01-26,190.0,190.0,194.87059,4.8705902099609375,4.8705902099609375,Unhealthy,Unhealthy,0.0,4.8705902099609375,4.8705902099609375
Gujranwala,2026-01-26,188.0,190.0,197.15765,7.15765380859375,7.15765380859375,Unhealthy,Unhealthy,2.0,9.15765380859375,7.15765380859375
Hyderabad,2026-01-26,78.0,78.0,97.70497,19.704971313476562,19.704971313476562,Moderate,Moderate,0.0,19.704971313476562,19.704971313476562
Quetta,2026-01-26,77.0,55.0,85.03316,30.033157348632812,30.033157348632812,Moderate,Moderate,-22.0,8.033157348632812,30.033157348632812
Peshawar,2026-01-26,104.0,117.0,133.7571,16.757095336914062,16.757095336914062,Unhealthy for Sensitive Groups,Unhealthy for Sensitive Groups,13.0,29.757095336914062,16.757095336914062
Faisalabad,2026-01-26,195.0,203.0,223.32741,20.327407836914062,20.327407836914062,Very Unhealthy,Very Unhealthy,8.0,28.327407836914062,20.327407836914062
Rawalpindi,2026-01-26,148.0,150.0,153.9849,3.984893798828125,3.984893798828125,Unhealthy,Unhealthy for Sensitive Groups,2.0,5.984893798828125,3.984893798828125
Islamabad,2026-01-26,148.0,150.0,153.619,3.6190032958984375,3.6190032958984375,Unhealthy,Unhealthy for Sensitive Groups,2.0,5.6190032958984375,3.6190032958984375
Lahore,2026-01-26,188.0,188.0,199.81285,11.812850952148438,11.812850952148438,Unhealthy,Unhealthy,0.0,11.812850952148438,11.812850952148438
Karachi,2026-01-26,98.0,86.0,105.18074,19.180740356445312,19.180740356445312,Unhealthy for Sensitive Groups,Moderate,-12.0,7.1807403564453125,19.180740356445312
Multan,2026-01-26,160.0,159.0,173.95457,14.954574584960938,14.954574584960938,Unhealthy,Unhealthy,-1.0,13.954574584960938,14.954574584960938
Quetta,2026-01-27,55.0,54.0,77.743256,23.743255615234375,23.743255615234375,Moderate,Moderate,-1.0,22.743255615234375,23.743255615234375
Bahawalpur,2026-01-27,157.0,164.0,155.90854,8.091461181640625,-8.091461181640625,Unhealthy,Unhealthy,7.0,-1.091461181640625,-8.091461181640625
Sialkot,2026-01-27,190.0,179.0,162.24637,16.753631591796875,-16.753631591796875,Unhealthy,Unhealthy,-11.0,-27.753631591796875,-16.753631591796875
Gujranwala,2026-01-27,190.0,166.0,165.10411,0.8958892822265625,-0.8958892822265625,Unhealthy,Unhealthy,-24.0,-24.895889282226562,-0.8958892822265625
Hyderabad,2026-01-27,78.0,105.0,106.18312,1.1831207275390625,1.1831207275390625,Unhealthy for Sensitive Groups,Unhealthy for Sensitive Groups,27.0,28.183120727539062,1.1831207275390625
Peshawar,2026-01-27,117.0,144.0,119.93146,24.06854248046875,-24.06854248046875,Unhealthy for Sensitive Groups,Unhealthy for Sensitive Groups,27.0,2.93145751953125,-24.06854248046875
Karachi,2026-01-27,86.0,96.0,103.4572,7.4571990966796875,7.4571990966796875,Unhealthy for Sensitive Groups,Moderate,10.0,17.457199096679688,7.4571990966796875
Faisalabad,2026-01-27,203.0,172.0,184.34732,12.347320556640625,12.347320556640625,Unhealthy,Unhealthy,-31.0,-18.652679443359375,12.347320556640625
Rawalpindi,2026-01-27,150.0,123.0,126.49342,3.4934234619140625,3.4934234619140625,Unhealthy for Sensitive Groups,Unhealthy for Sensitive Groups,-27.0,-23.506576538085938,3.4934234619140625
Islamabad,2026-01-27,150.0,123.0,125.04803,2.0480270385742188,2.0480270385742188,Unhealthy for Sensitive Groups,Unhealthy for Sensitive Groups,-27.0,-24.95197296142578,2.0480270385742188
Lahore,2026-01-27,188.0,172.0,172.82646,0.8264617919921875,0.8264617919921875,Unhealthy,Unhealthy,-16.0,-15.173538208007812,0.8264617919921875
Multan,2026-01-27,159.0,175.0,170.95723,4.0427703857421875,-4.0427703857421875,Unhealthy,Unhealthy,16.0,11.957229614257812,-4.0427703857421875
Quetta,2026-01-28,54.0,67.0,76.44347,9.443466186523438,9.443466186523438,Moderate,Moderate,13.0,22.443466186523438,9.443466186523438
Bahawalpur,2026-01-28,164.0,162.0,167.8207,5.8206939697265625,5.8206939697265625,Unhealthy,Unhealthy,-2.0,3.8206939697265625,5.8206939697265625
Sialkot,2026-01-28,179.0,172.0,180.10146,8.101455688476562,8.101455688476562,Unhealthy,Unhealthy,-7.0,1.1014556884765625,8.101455688476562
Gujranwala,2026-01-28,166.0,168.0,180.9775,12.977493286132812,12.977493286132812,Unhealthy,Unhealthy,2.0,14.977493286132812,12.977493286132812
Hyderabad,2026-01-28,105.0,100.0,115.465164,15.465164184570312,15.465164184570312,Unhealthy for Sensitive Groups,Moderate,-5.0,10.465164184570312,15.465164184570312
Peshawar,2026-01-28,144.0,144.0,143.92268,0.0773162841796875,-0.0773162841796875,Unhealthy for Sensitive Groups,Unhealthy for Sensitive Groups,0.0,-0.0773162841796875,-0.0773162841796875
Islamabad,2026-01-28,123.0,127.0,128.80753,1.807525634765625,1.807525634765625,Unhealthy for Sensitive Groups,Unhealthy for Sensitive Groups,4.0,5.807525634765625,1.807525634765625
Faisalabad,2026-01-28,172.0,212.0,190.20795,21.79205322265625,-21.79205322265625,Unhealthy,Very Unhealthy,40.0,18.20794677734375,-21.79205322265625
Rawalpindi,2026-01-28,123.0,127.0,129.4533,2.4532928466796875,2.4532928466796875,Unhealthy for Sensitive Groups,Unhealthy for Sensitive Groups,4.0,6.4532928466796875,2.4532928466796875
Multan,2026-01-28,175.0,177.0,182.25005,5.2500457763671875,5.2500457763671875,Unhealthy,Unhealthy,2.0,7.2500457763671875,5.2500457763671875
Lahore,2026-01-28,172.0,173.0,185.96411,12.964111328125,12.964111328125,Unhealthy,Unhealthy,1.0,13.964111328125,12.964111328125
Karachi,2026-01-28,96.0,101.0,122.585236,21.585235595703125,21.585235595703125,Unhealthy for Sensitive Groups,Unhealthy for Sensitive Groups,5.0,26.585235595703125,21.585235595703125
Sialkot,2026-01-29,172.0,165.0,163.83588,1.16412353515625,-1.16412353515625,Unhealthy,Unhealthy,-7.0,-8.16412353515625,-1.16412353515625
Gujranwala,2026-01-29,168.0,164.0,167.47144,3.471435546875,3.471435546875,Unhealthy,Unhealthy,-4.0,-0.528564453125,3.471435546875
Hyderabad,2026-01-29,100.0,88.0,84.16053,3.8394699096679688,-3.8394699096679688,Moderate,Moderate,-12.0,-15.839469909667969,-3.8394699096679688
Quetta,2026-01-29,67.0,81.0,79.01112,1.9888763427734375,-1.9888763427734375,Moderate,Moderate,14.0,12.011123657226562,-1.9888763427734375
Peshawar,2026-01-29,144.0,117.0,121.71771,4.71771240234375,4.71771240234375,Unhealthy for Sensitive Groups,Unhealthy for Sensitive Groups,-27.0,-22.28228759765625,4.71771240234375
Bahawalpur,2026-01-29,162.0,133.0,141.88483,8.88482666015625,8.88482666015625,Unhealthy for Sensitive Groups,Unhealthy for Sensitive Groups,-29.0,-20.11517333984375,8.88482666015625
Faisalabad,2026-01-29,212.0,204.0,214.27492,10.274917602539062,10.274917602539062,Very Unhealthy,Very Unhealthy,-8.0,2.2749176025390625,10.274917602539062
Rawalpindi,2026-01-29,127.0,125.0,124.134315,0.8656845092773438,-0.8656845092773438,Unhealthy for Sensitive Groups,Unhealthy for Sensitive Groups,-2.0,-2.8656845092773438,-0.8656845092773438
Islamabad,2026-01-29,127.0,125.0,126.04446,1.0444564819335938,1.0444564819335938,Unhealthy for Sensitive Groups,Unhealthy for Sensitive Groups,-2.0,-0.9555435180664062,1.0444564819335938
Lahore,2026-01-29,173.0,168.0,170.31096,2.3109588623046875,2.3109588623046875,Unhealthy,Unhealthy,-5.0,-2.6890411376953125,2.3109588623046875
Karachi,2026-01-29,101.0,101.0,93.730965,7.269035339355469,-7.269035339355469,Moderate,Unhealthy for Sensitive Groups,0.0,-7.269035339355469,-7.269035339355469
Multan,2026-01-29,177.0,197.0,187.65187,9.348129272460938,-9.348129272460938,Unhealthy,Unhealthy,20.0,10.651870727539062,-9.348129272460938
Bahawalpur,2026-01-30,133.0,151.0,144.49852,6.5014801025390625,-6.5014801025390625,Unhealthy for Sensitive Groups,Unhealthy,18.0,11.498519897460938,-6.5014801025390625
Sialkot,2026-01-30,165.0,200.0,174.34067,25.659332275390625,-25.659332275390625,Unhealthy,Unhealthy,35.0,9.340667724609375,-25.659332275390625
Gujranwala,2026-01-30,164.0,197.0,174.18048,22.81951904296875,-22.81951904296875,Unhealthy,Unhealthy,33.0,10.18048095703125,-22.81951904296875
Hyderabad,2026-01-30,88.0,108.0,102.016174,5.98382568359375,-5.98382568359375,Unhealthy for Sensitive Groups,Unhealthy for Sensitive Groups,20.0,14.01617431640625,-5.98382568359375
Quetta,2026-01-30,81.0,129.0,91.96674,37.03325653076172,-37.03325653076172,Moderate,Unhealthy for Sensitive Groups,48.0,10.966743469238281,-37.03325653076172
Peshawar,2026-01-30,117.0,128.0,128.91963,0.9196319580078125,0.9196319580078125,Unhealthy for Sensitive Groups,Unhealthy for Sensitive Groups,11.0,11.919631958007812,0.9196319580078125
Multan,2026-01-30,197.0,209.0,191.46025,17.539749145507812,-17.539749145507812,Unhealthy,Very Unhealthy,12.0,-5.5397491455078125,-17.539749145507812
Rawalpindi,2026-01-30,125.0,147.0,138.62851,8.371490478515625,-8.371490478515625,Unhealthy for Sensitive Groups,Unhealthy for Sensitive Groups,22.0,13.628509521484375,-8.371490478515625
Islamabad,2026-01-30,125.0,147.0,138.1135,8.886505126953125,-8.886505126953125,Unhealthy for Sensitive Groups,Unhealthy for Sensitive Groups,22.0,13.113494873046875,-8.886505126953125
Lahore,2026-01-30,168.0,219.0,186.6791,32.32090759277344,-32.32090759277344,Unhealthy,Very Unhealthy,51.0,18.679092407226562,-32.32090759277344
Karachi,2026-01-30,101.0,137.0,105.62767,31.372329711914062,-31.372329711914062,Unhealthy for Sensitive Groups,Unhealthy for Sensitive Groups,36.0,4.6276702880859375,-31.372329711914062
Faisalabad,2026-01-30,204.0,251.0,213.7813,37.21870422363281,-37.21870422363281,Very Unhealthy,Very Unhealthy,47.0,9.781295776367188,-37.21870422363281
Quetta,2026-01-31,129.0,101.0,112.07081,11.070808410644531,11.070808410644531,Unhealthy for Sensitive Groups,Unhealthy for Sensitive Groups,-28.0,-16.92919158935547,11.070808410644531
Sialkot,2026-01-31,200.0,219.0,209.70084,9.299163818359375,-9.299163818359375,Very Unhealthy,Very Unhealthy,19.0,9.700836181640625,-9.299163818359375
Gujranwala,2026-01-31,197.0,218.0,199.47763,18.522369384765625,-18.522369384765625,Unhealthy,Very Unhealthy,21.0,2.477630615234375,-18.522369384765625
Hyderabad,2026-01-31,108.0,125.0,123.89802,1.1019821166992188,-1.1019821166992188,Unhealthy for Sensitive Groups,Unhealthy for Sensitive Groups,17.0,15.898017883300781,-1.1019821166992188
Peshawar,2026-01-31,128.0,151.0,129.60193,21.3980712890625,-21.3980712890625,Unhealthy for Sensitive Groups,Unhealthy,23.0,1.6019287109375,-21.3980712890625
Bahawalpur,2026-01-31,151.0,159.0,149.05731,9.94268798828125,-9.94268798828125,Unhealthy for Sensitive Groups,Unhealthy,8.0,-1.94268798828125,-9.94268798828125
Faisalabad,2026-01-31,251.0,239.0,233.63716,5.3628387451171875,-5.3628387451171875,Very Unhealthy,Very Unhealthy,-12.0,-17.362838745117188,-5.3628387451171875
Karachi,2026-01-31,137.0,99.0,126.57648,27.57647705078125,27.57647705078125,Unhealthy for Sensitive Groups,Moderate,-38.0,-10.42352294921875,27.57647705078125
Lahore,2026-01-31,219.0,236.0,228.79019,7.209808349609375,-7.209808349609375,Very Unhealthy,Very Unhealthy,17.0,9.790191650390625,-7.209808349609375
Multan,2026-01-31,209.0,204.0,203.01224,0.987762451171875,-0.987762451171875,Very Unhealthy,Very Unhealthy,-5.0,-5.987762451171875,-0.987762451171875
Rawalpindi,2026-01-31,147.0,152.0,149.6802,2.319793701171875,-2.319793701171875,Unhealthy for Sensitive Groups,Unhealthy,5.0,2.680206298828125,-2.319793701171875
Islamabad,2026-01-31,147.0,152.0,149.70354,2.2964630126953125,-2.2964630126953125,Unhealthy for Sensitive Groups,Unhealthy,5.0,2.7035369873046875,-2.2964630126953125
Bahawalpur,2026-02-01,159.0,169.0,160.31012,8.68988037109375,-8.68988037109375,Unhealthy,Unhealthy,10.0,1.31011962890625,-8.68988037109375
Sialkot,2026-02-01,219.0,200.0,196.69716,3.3028411865234375,-3.3028411865234375,Unhealthy,Unhealthy,-19.0,-22.302841186523438,-3.3028411865234375
Gujranwala,2026-02-01,218.0,219.0,218.23029,0.76971435546875,-0.76971435546875,Very Unhealthy,Very Unhealthy,1.0,0.23028564453125,-0.76971435546875
Hyderabad,2026-02-01,125.0,122.0,122.519745,0.519744873046875,0.519744873046875,Unhealthy for Sensitive Groups,Unhealthy for Sensitive Groups,-3.0,-2.480255126953125,0.519744873046875
Peshawar,2026-02-01,151.0,155.0,149.93324,5.0667572021484375,-5.0667572021484375,Unhealthy for Sensitive Groups,Unhealthy,4.0,-1.0667572021484375,-5.0667572021484375
Quetta,2026-02-01,101.0,68.0,77.00549,9.0054931640625,9.0054931640625,Moderate,Moderate,-33.0,-23.9945068359375,9.0054931640625
Faisalabad,2026-02-01,239.0,235.0,236.97682,1.9768218994140625,1.9768218994140625,Very Unhealthy,Very Unhealthy,-4.0,-2.0231781005859375,1.9768218994140625
Rawalpindi,2026-02-01,152.0,159.0,153.64984,5.35015869140625,-5.35015869140625,Unhealthy,Unhealthy,7.0,1.64984130859375,-5.35015869140625
Islamabad,2026-02-01,152.0,159.0,151.87297,7.1270294189453125,-7.1270294189453125,Unhealthy,Unhealthy,7.0,-0.1270294189453125,-7.1270294189453125
Lahore,2026-02-01,236.0,231.0,232.14722,1.147216796875,1.147216796875,Very Unhealthy,Very Unhealthy,-5.0,-3.852783203125,1.147216796875
Karachi,2026-02-01,99.0,104.0,108.67593,4.675926208496094,4.675926208496094,Unhealthy for Sensitive Groups,Unhealthy for Sensitive Groups,5.0,9.675926208496094,4.675926208496094
Multan,2026-02-01,204.0,211.0,208.14372,2.8562774658203125,-2.8562774658203125,Very Unhealthy,Very Unhealthy,7.0,4.1437225341796875,-2.8562774658203125
Bahawalpur,2026-02-02,169.0,172.0,172.92102,0.9210205078125,0.9210205078125,Unhealthy,Unhealthy,3.0,3.9210205078125,0.9210205078125
Sialkot,2026-02-02,200.0,185.0,182.71382,2.2861785888671875,-2.2861785888671875,Unhealthy,Unhealthy,-15.0,-17.286178588867188,-2.2861785888671875
Gujranwala,2026-02-02,219.0,183.0,187.65457,4.654571533203125,4.654571533203125,Unhealthy,Unhealthy,-36.0,-31.345428466796875,4.654571533203125
Hyderabad,2026-02-02,122.0,137.0,129.50525,7.4947509765625,-7.4947509765625,Unhealthy for Sensitive Groups,Unhealthy for Sensitive Groups,15.0,7.5052490234375,-7.4947509765625
Quetta,2026-02-02,68.0,71.0,82.71269,11.712692260742188,11.712692260742188,Moderate,Moderate,3.0,14.712692260742188,11.712692260742188
Peshawar,2026-02-02,155.0,124.0,129.84248,5.8424835205078125,5.8424835205078125,Unhealthy for Sensitive Groups,Unhealthy for Sensitive Groups,-31.0,-25.157516479492188,5.8424835205078125
Multan,2026-02-02,211.0,211.0,218.01735,7.0173492431640625,7.0173492431640625,Very Unhealthy,Very Unhealthy,0.0,7.0173492431640625,7.0173492431640625
Rawalpindi,2026-02-02,159.0,144.0,146.58794,2.5879364013671875,2.5879364013671875,Unhealthy for Sensitive Groups,Unhealthy for Sensitive Groups,-15.0,-12.412063598632812,2.5879364013671875
Islamabad,2026-02-02,159.0,144.0,145.8665,1.8665008544921875,1.8665008544921875,Unhealthy for Sensitive Groups,Unhealthy for Sensitive Groups,-15.0,-13.133499145507812,1.8665008544921875
Lahore,2026-02-02,231.0,194.0,200.1969,6.1968994140625,6.1968994140625,Very Unhealthy,Unhealthy,-37.0,-30.8031005859375,6.1968994140625
Karachi,2026-02-02,104.0,119.0,119.41532,0.41532135009765625,0.41532135009765625,Unhealthy for Sensitive Groups,Unhealthy for Sensitive Groups,15.0,15.415321350097656,0.41532135009765625
Faisalabad,2026-02-02,235.0,225.0,230.92215,5.922149658203125,5.922149658203125,Very Unhealthy,Very Unhealthy,-10.0,-4.077850341796875,5.922149658203125
Bahawalpur,2026-02-03,172.0,166.0,171.59254,5.5925445556640625,5.5925445556640625,Unhealthy,Unhealthy,-6.0,-0.4074554443359375,5.5925445556640625
Sialkot,2026-02-03,185.0,194.0,198.51479,4.5147857666015625,4.5147857666015625,Unhealthy,Unhealthy,9.0,13.514785766601562,4.5147857666015625
Gujranwala,2026-02-03,183.0,195.0,194.24205,0.7579498291015625,-0.7579498291015625,Unhealthy,Unhealthy,12.0,11.242050170898438,-0.7579498291015625
Hyderabad,2026-02-03,137.0,136.0,140.25093,4.2509307861328125,4.2509307861328125,Unhealthy for Sensitive Groups,Unhealthy for Sensitive Groups,-1.0,3.2509307861328125,4.2509307861328125
Quetta,2026-02-03,71.0,82.0,77.326935,4.673065185546875,-4.673065185546875,Moderate,Moderate,11.0,6.326934814453125,-4.673065185546875
Peshawar,2026-02-03,124.0,142.0,134.16556,7.834442138671875,-7.834442138671875,Unhealthy for Sensitive Groups,Unhealthy for Sensitive Groups,18.0,10.165557861328125,-7.834442138671875
Multan,2026-02-03,211.0,183.0,188.22731,5.2273101806640625,5.2273101806640625,Unhealthy,Unhealthy,-28.0,-22.772689819335938,5.2273101806640625
Rawalpindi,2026-02-03,144.0,106.0,122.54243,16.54242706298828,16.54242706298828,Unhealthy for Sensitive Groups,Unhealthy for Sensitive Groups,-38.0,-21.45757293701172,16.54242706298828
Islamabad,2026-02-03,144.0,106.0,123.34077,17.34076690673828,17.34076690673828,Unhealthy for Sensitive Groups,Unhealthy for Sensitive Groups,-38.0,-20.65923309326172,17.34076690673828
Lahore,2026-02-03,194.0,214.0,219.58807,5.58807373046875,5.58807373046875,Very Unhealthy,Very Unhealthy,20.0,25.58807373046875,5.58807373046875
Karachi,2026-02-03,119.0,126.0,134.71065,8.710647583007812,8.710647583007812,Unhealthy for Sensitive Groups,Unhealthy for Sensitive Groups,7.0,15.710647583007812,8.710647583007812
Faisalabad,2026-02-03,225.0,200.0,206.1259,6.1259002685546875,6.1259002685546875,Very Unhealthy,Unhealthy,-25.0,-18.874099731445312,6.1259002685546875
Hyderabad,2026-02-04,136.0,104.0,109.040665,5.0406646728515625,5.0406646728515625,Unhealthy for Sensitive Groups,Unhealthy for Sensitive Groups,-32.0,-26.959335327148438,5.0406646728515625
Bahawalpur,2026-02-04,166.0,166.0,152.27464,13.725357055664062,-13.725357055664062,Unhealthy,Unhealthy,0.0,-13.725357055664062,-13.725357055664062
Sialkot,2026-02-04,194.0,169.0,174.20949,5.2094879150390625,5.2094879150390625,Unhealthy,Unhealthy,-25.0,-19.790512084960938,5.2094879150390625
Gujranwala,2026-02-04,195.0,176.0,181.98277,5.9827728271484375,5.9827728271484375,Unhealthy,Unhealthy,-19.0,-13.017227172851562,5.9827728271484375
Quetta,2026-02-04,82.0,125.0,79.061356,45.93864440917969,-45.93864440917969,Moderate,Unhealthy for Sensitive Groups,43.0,-2.9386444091796875,-45.93864440917969
Peshawar,2026-02-04,142.0,131.0,135.91112,4.9111175537109375,4.9111175537109375,Unhealthy for Sensitive Groups,Unhealthy for Sensitive Groups,-11.0,-6.0888824462890625,4.9111175537109375
Multan,2026-02-04,183.0,182.0,185.61069,3.610687255859375,3.610687255859375,Unhealthy,Unhealthy,-1.0,2.610687255859375,3.610687255859375
Faisalabad,2026-02-04,200.0,192.0,210.18964,18.18963623046875,18.18963623046875,Very Unhealthy,Unhealthy,-8.0,10.18963623046875,18.18963623046875
Rawalpindi,2026-02-04,106.0,104.0,104.800964,0.80096435546875,0.80096435546875,Unhealthy for Sensitive Groups,Unhealthy for Sensitive Groups,-2.0,-1.19903564453125,0.80096435546875
Islamabad,2026-02-04,106.0,104.0,106.72872,2.7287216186523438,2.7287216186523438,Unhealthy for Sensitive Groups,Unhealthy for Sensitive Groups,-2.0,0.7287216186523438,2.7287216186523438
Lahore,2026-02-04,214.0,190.0,203.8202,13.820205688476562,13.820205688476562,Very Unhealthy,Unhealthy,-24.0,-10.179794311523438,13.820205688476562
Karachi,2026-02-04,126.0,106.0,107.686165,1.6861648559570312,1.6861648559570312,Unhealthy for Sensitive Groups,Unhealthy for Sensitive Groups,-20.0,-18.31383514404297,1.6861648559570312
Sialkot,2026-02-05,169.0,175.0,176.10617,1.106170654296875,1.106170654296875,Unhealthy,Unhealthy,6.0,7.106170654296875,1.106170654296875
Hyderabad,2026-02-05,104.0,107.0,117.30676,10.3067626953125,10.3067626953125,Unhealthy for Sensitive Groups,Unhealthy for Sensitive Groups,3.0,13.3067626953125,10.3067626953125
Quetta,2026-02-05,125.0,124.0,128.98907,4.98907470703125,4.98907470703125,Unhealthy for Sensitive Groups,Unhealthy for Sensitive Groups,-1.0,3.98907470703125,4.98907470703125
Peshawar,2026-02-05,131.0,123.0,130.0328,7.032806396484375,7.032806396484375,Unhealthy for Sensitive Groups,Unhealthy for Sensitive Groups,-8.0,-0.967193603515625,7.032806396484375
Multan,2026-02-05,182.0,197.0,189.55548,7.44451904296875,-7.44451904296875,Unhealthy,Unhealthy,15.0,7.55548095703125,-7.44451904296875
Bahawalpur,2026-02-05,166.0,172.0,172.19225,0.1922454833984375,0.1922454833984375,Unhealthy,Unhealthy,6.0,6.1922454833984375,0.1922454833984375
Rawalpindi,2026-02-05,104.0,116.0,119.4502,3.4502029418945312,3.4502029418945312,Unhealthy for Sensitive Groups,Unhealthy for Sensitive Groups,12.0,15.450202941894531,3.4502029418945312
Faisalabad,2026-02-05,192.0,240.0,181.62433,58.37567138671875,-58.37567138671875,Unhealthy,Very Unhealthy,48.0,-10.37567138671875,-58.37567138671875
Karachi,2026-02-05,106.0,141.0,132.24115,8.75885009765625,-8.75885009765625,Unhealthy for Sensitive Groups,Unhealthy for Sensitive Groups,35.0,26.24114990234375,-8.75885009765625
Gujranwala,2026-02-05,176.0,169.0,161.38135,7.61865234375,-7.61865234375,Unhealthy,Unhealthy,-7.0,-14.61865234375,-7.61865234375
Lahore,2026-02-05,190.0,177.0,180.94498,3.944976806640625,3.944976806640625,Unhealthy,Unhealthy,-13.0,-9.055023193359375,3.944976806640625
Islamabad,2026-02-05,104.0,116.0,116.88625,0.8862533569335938,0.8862533569335938,Unhealthy for Sensitive Groups,Unhealthy for Sensitive Groups,12.0,12.886253356933594,0.8862533569335938
Karachi,2026-02-06,141.0,101.0,125.03104,24.031036376953125,24.031036376953125,Unhealthy for Sensitive Groups,Unhealthy for Sensitive Groups,-40.0,-15.968963623046875,24.031036376953125
Lahore,2026-02-06,177.0,182.0,198.62164,16.62164306640625,16.62164306640625,Unhealthy,Unhealthy,5.0,21.62164306640625,16.62164306640625
Islamabad,2026-02-06,116.0,92.0,108.924446,16.92444610595703,16.92444610595703,Unhealthy for Sensitive Groups,Moderate,-24.0,-7.075553894042969,16.92444610595703
Faisalabad,2026-02-06,240.0,236.0,272.29462,36.29461669921875,36.29461669921875,Very Unhealthy,Very Unhealthy,-4.0,32.29461669921875,36.29461669921875
Multan,2026-02-06,197.0,185.0,189.7393,4.7393035888671875,4.7393035888671875,Unhealthy,Unhealthy,-12.0,-7.2606964111328125,4.7393035888671875
Peshawar,2026-02-06,123.0,134.0,131.8741,2.1259002685546875,-2.1259002685546875,Unhealthy for Sensitive Groups,Unhealthy for Sensitive Groups,11.0,8.874099731445312,-2.1259002685546875
Quetta,2026-02-06,124.0,99.0,107.16242,8.162422180175781,8.162422180175781,Unhealthy for Sensitive Groups,Moderate,-25.0,-16.83757781982422,8.162422180175781
Hyderabad,2026-02-06,107.0,114.0,124.890175,10.890174865722656,10.890174865722656,Unhealthy for Sensitive Groups,Unhealthy for Sensitive Groups,7.0,17.890174865722656,10.890174865722656
Gujranwala,2026-02-06,169.0,171.0,179.78552,8.7855224609375,8.7855224609375,Unhealthy,Unhealthy,2.0,10.7855224609375,8.7855224609375
Sialkot,2026-02-06,175.0,166.0,177.91254,11.91253662109375,11.91253662109375,Unhealthy,Unhealthy,-9.0,2.91253662109375,11.91253662109375
Bahawalpur,2026-02-06,172.0,154.0,152.42322,1.5767822265625,-1.5767822265625,Unhealthy,Unhealthy,-18.0,-19.5767822265625,-1.5767822265625
Rawalpindi,2026-02-06,116.0,92.0,108.371086,16.37108612060547,16.37108612060547,Unhealthy for Sensitive Groups,Moderate,-24.0,-7.628913879394531,16.37108612060547
Hyderabad,2026-02-07,114.0,143.0,127.578575,15.421424865722656,-15.421424865722656,Unhealthy for Sensitive Groups,Unhealthy for Sensitive Groups,29.0,13.578575134277344,-15.421424865722656
Bahawalpur,2026-02-07,154.0,161.0,167.01205,6.012054443359375,6.012054443359375,Unhealthy,Unhealthy,7.0,13.012054443359375,6.012054443359375
Quetta,2026-02-07,99.0,77.0,93.78621,16.786209106445312,16.786209106445312,Moderate,Moderate,-22.0,-5.2137908935546875,16.786209106445312
Sialkot,2026-02-07,166.0,154.0,139.9649,14.03509521484375,-14.03509521484375,Unhealthy for Sensitive Groups,Unhealthy,-12.0,-26.03509521484375,-14.03509521484375
Peshawar,2026-02-07,134.0,111.0,121.591644,10.591644287109375,10.591644287109375,Unhealthy for Sensitive Groups,Unhealthy for Sensitive Groups,-23.0,-12.408355712890625,10.591644287109375
Gujranwala,2026-02-07,171.0,128.0,136.8744,8.874404907226562,8.874404907226562,Unhealthy for Sensitive Groups,Unhealthy for Sensitive Groups,-43.0,-34.12559509277344,8.874404907226562
Faisalabad,2026-02-07,236.0,165.0,177.75636,12.756362915039062,12.756362915039062,Unhealthy,Unhealthy,-71.0,-58.24363708496094,12.756362915039062
Rawalpindi,2026-02-07,92.0,94.0,112.61091,18.61090850830078,18.61090850830078,Unhealthy for Sensitive Groups,Moderate,2.0,20.61090850830078,18.61090850830078
Islamabad,2026-02-07,92.0,94.0,109.28181,15.281806945800781,15.281806945800781,Unhealthy for Sensitive Groups,Moderate,2.0,17.28180694580078,15.281806945800781
Multan,2026-02-07,185.0,196.0,177.65358,18.346420288085938,-18.346420288085938,Unhealthy,Unhealthy,11.0,-7.3464202880859375,-18.346420288085938
Lahore,2026-02-07,182.0,138.0,166.88219,28.882186889648438,28.882186889648438,Unhealthy,Unhealthy for Sensitive Groups,-44.0,-15.117813110351562,28.882186889648438
Karachi,2026-02-07,101.0,136.0,117.7212,18.27880096435547,-18.27880096435547,Unhealthy for Sensitive Groups,Unhealthy for Sensitive Groups,35.0,16.72119903564453,-18.27880096435547
Bahawalpur,2026-02-08,161.0,159.0,168.63525,9.63525390625,9.63525390625,Unhealthy,Unhealthy,-2.0,7.63525390625,9.63525390625
Sialkot,2026-02-08,154.0,174.0,172.5489,1.4510955810546875,-1.4510955810546875,Unhealthy,Unhealthy,20.0,18.548904418945312,-1.4510955810546875
Gujranwala,2026-02-08,128.0,172.0,171.0855,0.9145050048828125,-0.9145050048828125,Unhealthy,Unhealthy,44.0,43.08549499511719,-0.9145050048828125
Hyderabad,2026-02-08,143.0,134.0,142.66049,8.660491943359375,8.660491943359375,Unhealthy for Sensitive Groups,Unhealthy for Sensitive Groups,-9.0,-0.339508056640625,8.660491943359375
Quetta,2026-02-08,77.0,80.0,86.53881,6.538810729980469,6.538810729980469,Moderate,Moderate,3.0,9.538810729980469,6.538810729980469
Peshawar,2026-02-08,111.0,126.0,116.00378,9.996223449707031,-9.996223449707031,Unhealthy for Sensitive Groups,Unhealthy for Sensitive Groups,15.0,5.003776550292969,-9.996223449707031
Multan,2026-02-08,196.0,192.0,206.84592,14.845916748046875,14.845916748046875,Very Unhealthy,Unhealthy,-4.0,10.845916748046875,14.845916748046875
Faisalabad,2026-02-08,165.0,199.0,180.5022,18.497802734375,-18.497802734375,Unhealthy,Unhealthy,34.0,15.502197265625,-18.497802734375
Rawalpindi,2026-02-08,94.0,117.0,109.59112,7.408882141113281,-7.408882141113281,Unhealthy for Sensitive Groups,Unhealthy for Sensitive Groups,23.0,15.591117858886719,-7.408882141113281
Islamabad,2026-02-08,94.0,117.0,112.557594,4.442405700683594,-4.442405700683594,Unhealthy for Sensitive Groups,Unhealthy for Sensitive Groups,23.0,18.557594299316406,-4.442405700683594
Lahore,2026-02-08,138.0,175.0,173.9557,1.0442962646484375,-1.0442962646484375,Unhealthy,Unhealthy,37.0,35.95570373535156,-1.0442962646484375
Karachi,2026-02-08,136.0,133.0,140.4428,7.4427947998046875,7.4427947998046875,Unhealthy for Sensitive Groups,Unhealthy for Sensitive Groups,-3.0,4.4427947998046875,7.4427947998046875
Sialkot,2026-02-09,174.0,182.0,174.65994,7.340057373046875,-7.340057373046875,Unhealthy,Unhealthy,8.0,0.659942626953125,-7.340057373046875
Gujranwala,2026-02-09,172.0,175.0,178.10338,3.1033782958984375,3.1033782958984375,Unhealthy,Unhealthy,3.0,6.1033782958984375,3.1033782958984375
Hyderabad,2026-02-09,134.0,99.0,94.207146,4.792854309082031,-4.792854309082031,Moderate,Moderate,-35.0,-39.79285430908203,-4.792854309082031
Bahawalpur,2026-02-09,159.0,144.0,127.25081,16.749191284179688,-16.749191284179688,Unhealthy for Sensitive Groups,Unhealthy for Sensitive Groups,-15.0,-31.749191284179688,-16.749191284179688
Quetta,2026-02-09,80.0,78.0,82.23364,4.233642578125,4.233642578125,Moderate,Moderate,-2.0,2.233642578125,4.233642578125
Peshawar,2026-02-09,126.0,126.0,132.3452,6.3451995849609375,6.3451995849609375,Unhealthy for Sensitive Groups,Unhealthy for Sensitive Groups,0.0,6.3451995849609375,6.3451995849609375
Rawalpindi,2026-02-09,117.0,122.0,127.088615,5.088615417480469,5.088615417480469,Unhealthy for Sensitive Groups,Unhealthy for Sensitive Groups,5.0,10.088615417480469,5.088615417480469
Faisalabad,2026-02-09,199.0,190.0,207.33371,17.333709716796875,17.333709716796875,Very Unhealthy,Unhealthy,-9.0,8.333709716796875,17.333709716796875
Islamabad,2026-02-09,117.0,122.0,127.64592,5.6459197998046875,5.6459197998046875,Unhealthy for Sensitive Groups,Unhealthy for Sensitive Groups,5.0,10.645919799804688,5.6459197998046875
Lahore,2026-02-09,175.0,178.0,180.50824,2.50823974609375,2.50823974609375,Unhealthy,Unhealthy,3.0,5.50823974609375,2.50823974609375
Karachi,2026-02-09,133.0,94.0,97.81752,3.8175201416015625,3.8175201416015625,Moderate,Moderate,-39.0,-35.18247985839844,3.8175201416015625
Multan,2026-02-09,192.0,160.0,161.11241,1.1124114990234375,1.1124114990234375,Unhealthy,Unhealthy,-32.0,-30.887588500976562,1.1124114990234375
Bahawalpur,2026-02-10,144.0,144.0,153.15222,9.1522216796875,9.1522216796875,Unhealthy,Unhealthy for Sensitive Groups,0.0,9.1522216796875,9.1522216796875
Sialkot,2026-02-10,182.0,152.0,157.2532,5.253204345703125,5.253204345703125,Unhealthy,Unhealthy,-30.0,-24.746795654296875,5.253204345703125
Gujranwala,2026-02-10,175.0,139.0,152.75507,13.75506591796875,13.75506591796875,Unhealthy,Unhealthy for Sensitive Groups,-36.0,-22.24493408203125,13.75506591796875
Hyderabad,2026-02-10,99.0,136.0,114.85073,21.149269104003906,-21.149269104003906,Unhealthy for Sensitive Groups,Unhealthy for Sensitive Groups,37.0,15.850730895996094,-21.149269104003906
Quetta,2026-02-10,78.0,71.0,80.151146,9.151145935058594,9.151145935058594,Moderate,Moderate,-7.0,2.1511459350585938,9.151145935058594
Peshawar,2026-02-10,126.0,127.0,110.33763,16.662368774414062,-16.662368774414062,Unhealthy for Sensitive Groups,Unhealthy for Sensitive Groups,1.0,-15.662368774414062,-16.662368774414062
Faisalabad,2026-02-10,190.0,137.0,155.55038,18.550384521484375,18.550384521484375,Unhealthy,Unhealthy for Sensitive Groups,-53.0,-34.449615478515625,18.550384521484375
Rawalpindi,2026-02-10,122.0,102.0,105.619354,3.619354248046875,3.619354248046875,Unhealthy for Sensitive Groups,Unhealthy for Sensitive Groups,-20.0,-16.380645751953125,3.619354248046875
Islamabad,2026-02-10,122.0,102.0,107.03968,5.039680480957031,5.039680480957031,Unhealthy for Sensitive Groups,Unhealthy for Sensitive Groups,-20.0,-14.960319519042969,5.039680480957031
Lahore,2026-02-10,178.0,164.0,178.29544,14.295440673828125,14.295440673828125,Unhealthy,Unhealthy,-14.0,0.295440673828125,14.295440673828125
Karachi,2026-02-10,94.0,133.0,115.36318,17.636817932128906,-17.636817932128906,Unhealthy for Sensitive Groups,Unhealthy for Sensitive Groups,39.0,21.363182067871094,-17.636817932128906
Multan,2026-02-10,160.0,133.0,132.54343,0.456573486328125,-0.456573486328125,Unhealthy for Sensitive Groups,Unhealthy for Sensitive Groups,-27.0,-27.456573486328125,-0.456573486328125
Hyderabad,2026-02-11,136.0,127.0,126.7631,0.23690032958984375,-0.23690032958984375,Unhealthy for Sensitive Groups,Unhealthy for Sensitive Groups,-9.0,-9.236900329589844,-0.23690032958984375
Gujranwala,2026-02-11,139.0,118.0,126.753426,8.753425598144531,8.753425598144531,Unhealthy for Sensitive Groups,Unhealthy for Sensitive Groups,-21.0,-12.246574401855469,8.753425598144531
Quetta,2026-02-11,71.0,63.0,72.45602,9.456016540527344,9.456016540527344,Moderate,Moderate,-8.0,1.4560165405273438,9.456016540527344
Bahawalpur,2026-02-11,144.0,153.0,134.13913,18.860870361328125,-18.860870361328125,Unhealthy for Sensitive Groups,Unhealthy,9.0,-9.860870361328125,-18.860870361328125
Sialkot,2026-02-11,152.0,144.0,129.94885,14.0511474609375,-14.0511474609375,Unhealthy for Sensitive Groups,Unhealthy for Sensitive Groups,-8.0,-22.0511474609375,-14.0511474609375
Peshawar,2026-02-11,127.0,98.0,109.178406,11.17840576171875,11.17840576171875,Unhealthy for Sensitive Groups,Moderate,-29.0,-17.82159423828125,11.17840576171875
Karachi,2026-02-11,133.0,128.0,137.20503,9.205032348632812,9.205032348632812,Unhealthy for Sensitive Groups,Unhealthy for Sensitive Groups,-5.0,4.2050323486328125,9.205032348632812
Faisalabad,2026-02-11,137.0,137.0,157.61652,20.61651611328125,20.61651611328125,Unhealthy,Unhealthy for Sensitive Groups,0.0,20.61651611328125,20.61651611328125
Rawalpindi,2026-02-11,102.0,91.0,96.95094,5.9509429931640625,5.9509429931640625,Moderate,Moderate,-11.0,-5.0490570068359375,5.9509429931640625
Islamabad,2026-02-11,102.0,91.0,97.15703,6.1570281982421875,6.1570281982421875,Moderate,Moderate,-11.0,-4.8429718017578125,6.1570281982421875
Lahore,2026-02-11,164.0,114.0,136.15341,22.153411865234375,22.153411865234375,Unhealthy for Sensitive Groups,Unhealthy for Sensitive Groups,-50.0,-27.846588134765625,22.153411865234375
Multan,2026-02-11,133.0,154.0,158.45126,4.451263427734375,4.451263427734375,Unhealthy,Unhealthy,21.0,25.451263427734375,4.451263427734375
Bahawalpur,2026-02-12,153.0,157.0,164.36752,7.367523193359375,7.367523193359375,Unhealthy,Unhealthy,4.0,11.367523193359375,7.367523193359375
Sialkot,2026-02-12,144.0,165.0,160.73888,4.2611236572265625,-4.2611236572265625,Unhealthy,Unhealthy,21.0,16.738876342773438,-4.2611236572265625
Gujranwala,2026-02-12,118.0,162.0,147.23543,14.764572143554688,-14.764572143554688,Unhealthy for Sensitive Groups,Unhealthy,44.0,29.235427856445312,-14.764572143554688
Hyderabad,2026-02-12,127.0,106.0,113.374985,7.3749847412109375,7.3749847412109375,Unhealthy for Sensitive Groups,Unhealthy for Sensitive Groups,-21.0,-13.625015258789062,7.3749847412109375
Quetta,2026-02-12,63.0,71.0,80.51813,9.51812744140625,9.51812744140625,Moderate,Moderate,8.0,17.51812744140625,9.51812744140625
Peshawar,2026-02-12,98.0,108.0,107.13636,0.8636398315429688,-0.8636398315429688,Unhealthy for Sensitive Groups,Unhealthy for Sensitive Groups,10.0,9.136360168457031,-0.8636398315429688
Multan,2026-02-12,154.0,173.0,154.4042,18.595794677734375,-18.595794677734375,Unhealthy,Unhealthy,19.0,0.404205322265625,-18.595794677734375
Faisalabad,2026-02-12,137.0,169.0,165.51714,3.4828643798828125,-3.4828643798828125,Unhealthy,Unhealthy,32.0,28.517135620117188,-3.4828643798828125
Rawalpindi,2026-02-12,91.0,105.0,103.21259,1.7874069213867188,-1.7874069213867188,Unhealthy for Sensitive Groups,Unhealthy for Sensitive Groups,14.0,12.212593078613281,-1.7874069213867188
Islamabad,2026-02-12,91.0,105.0,102.52528,2.4747161865234375,-2.4747161865234375,Unhealthy for Sensitive Groups,Unhealthy for Sensitive Groups,14.0,11.525283813476562,-2.4747161865234375
Lahore,2026-02-12,114.0,159.0,164.07341,5.0734100341796875,5.0734100341796875,Unhealthy,Unhealthy,45.0,50.07341003417969,5.0734100341796875
Karachi,2026-02-12,128.0,140.0,129.52556,10.474441528320312,-10.474441528320312,Unhealthy for Sensitive Groups,Unhealthy for Sensitive Groups,12.0,1.5255584716796875,-10.474441528320312
Bahawalpur,2026-02-13,157.0,160.0,159.5241,0.4759063720703125,-0.4759063720703125,Unhealthy,Unhealthy,3.0,2.5240936279296875,-0.4759063720703125
Sialkot,2026-02-13,165.0,168.0,172.5402,4.5402069091796875,4.5402069091796875,Unhealthy,Unhealthy,3.0,7.5402069091796875,4.5402069091796875
Gujranwala,2026-02-13,162.0,166.0,171.6116,5.611602783203125,5.611602783203125,Unhealthy,Unhealthy,4.0,9.611602783203125,5.611602783203125
Hyderabad,2026-02-13,106.0,103.0,130.64503,27.645034790039062,27.645034790039062,Unhealthy for Sensitive Groups,Unhealthy for Sensitive Groups,-3.0,24.645034790039062,27.645034790039062
Quetta,2026-02-13,71.0,76.0,86.37569,10.375686645507812,10.375686645507812,Moderate,Moderate,5.0,15.375686645507812,10.375686645507812
Peshawar,2026-02-13,108.0,112.0,118.28554,6.2855377197265625,6.2855377197265625,Unhealthy for Sensitive Groups,Unhealthy for Sensitive Groups,4.0,10.285537719726562,6.2855377197265625
Faisalabad,2026-02-13,169.0,202.0,182.06071,19.939285278320312,-19.939285278320312,Unhealthy,Very Unhealthy,33.0,13.060714721679688,-19.939285278320312
Rawalpindi,2026-02-13,105.0,101.0,113.73155,12.731552124023438,12.731552124023438,Unhealthy for Sensitive Groups,Unhealthy for Sensitive Groups,-4.0,8.731552124023438,12.731552124023438
Islamabad,2026-02-13,105.0,101.0,113.44894,12.448936462402344,12.448936462402344,Unhealthy for Sensitive Groups,Unhealthy for Sensitive Groups,-4.0,8.448936462402344,12.448936462402344
Lahore,2026-02-13,159.0,169.0,165.13013,3.869873046875,-3.869873046875,Unhealthy,Unhealthy,10.0,6.130126953125,-3.869873046875
Karachi,2026-02-13,140.0,122.0,133.81203,11.812026977539062,11.812026977539062,Unhealthy for Sensitive Groups,Unhealthy for Sensitive Groups,-18.0,-6.1879730224609375,11.812026977539062
Multan,2026-02-13,173.0,172.0,172.06427,0.06427001953125,0.06427001953125,Unhealthy,Unhealthy,-1.0,-0.93572998046875,0.06427001953125
Multan,2026-02-14,172.0,177.0,174.33408,2.665924072265625,-2.665924072265625,Unhealthy,Unhealthy,5.0,2.334075927734375,-2.665924072265625
Bahawalpur,2026-02-14,160.0,161.0,166.69772,5.697723388671875,5.697723388671875,Unhealthy,Unhealthy,1.0,6.697723388671875,5.697723388671875
Sialkot,2026-02-14,168.0,162.0,161.96071,0.0392913818359375,-0.0392913818359375,Unhealthy,Unhealthy,-6.0,-6.0392913818359375,-0.0392913818359375
Gujranwala,2026-02-14,166.0,162.0,168.18239,6.1823883056640625,6.1823883056640625,Unhealthy,Unhealthy,-4.0,2.1823883056640625,6.1823883056640625
Hyderabad,2026-02-14,103.0,75.0,106.20536,31.205360412597656,31.205360412597656,Unhealthy for Sensitive Groups,Moderate,-28.0,3.2053604125976562,31.205360412597656
Quetta,2026-02-14,76.0,73.0,76.6263,3.6262969970703125,3.6262969970703125,Moderate,Moderate,-3.0,0.6262969970703125,3.6262969970703125
Rawalpindi,2026-02-14,101.0,99.0,102.84274,3.842742919921875,3.842742919921875,Unhealthy for Sensitive Groups,Moderate,-2.0,1.842742919921875,3.842742919921875
Faisalabad,2026-02-14,202.0,197.0,202.46364,5.4636383056640625,5.4636383056640625,Very Unhealthy,Unhealthy,-5.0,0.4636383056640625,5.4636383056640625
Islamabad,2026-02-14,101.0,99.0,100.71275,1.7127532958984375,1.7127532958984375,Unhealthy for Sensitive Groups,Moderate,-2.0,-0.2872467041015625,1.7127532958984375
Lahore,2026-02-14,169.0,166.0,171.20715,5.2071533203125,5.2071533203125,Unhealthy,Unhealthy,-3.0,2.2071533203125,5.2071533203125
Karachi,2026-02-14,122.0,95.0,102.85849,7.858489990234375,7.858489990234375,Unhealthy for Sensitive Groups,Moderate,-27.0,-19.141510009765625,7.858489990234375
Peshawar,2026-02-14,112.0,104.0,114.50259,10.502586364746094,10.502586364746094,Unhealthy for Sensitive Groups,Unhealthy for Sensitive Groups,-8.0,2.5025863647460938,10.502586364746094
Hyderabad,2026-02-15,75.0,84.0,86.48698,2.4869766235351562,2.4869766235351562,Moderate,Moderate,9.0,11.486976623535156,2.4869766235351562
Gujranwala,2026-02-15,162.0,166.0,162.50894,3.491058349609375,-3.491058349609375,Unhealthy,Unhealthy,4.0,0.508941650390625,-3.491058349609375
Quetta,2026-02-15,73.0,68.0,74.63438,6.634376525878906,6.634376525878906,Moderate,Moderate,-5.0,1.6343765258789062,6.634376525878906
Bahawalpur,2026-02-15,161.0,157.0,164.2869,7.286895751953125,7.286895751953125,Unhealthy,Unhealthy,-4.0,3.286895751953125,7.286895751953125
Sialkot,2026-02-15,162.0,171.0,170.04843,0.951568603515625,-0.951568603515625,Unhealthy,Unhealthy,9.0,8.048431396484375,-0.951568603515625
Peshawar,2026-02-15,104.0,108.0,109.26732,1.2673187255859375,1.2673187255859375,Unhealthy for Sensitive Groups,Unhealthy for Sensitive Groups,4.0,5.2673187255859375,1.2673187255859375
Karachi,2026-02-15,95.0,103.0,104.31365,1.3136520385742188,1.3136520385742188,Unhealthy for Sensitive Groups,Unhealthy for Sensitive Groups,8.0,9.313652038574219,1.3136520385742188
Faisalabad,2026-02-15,197.0,178.0,171.23785,6.76214599609375,-6.76214599609375,Unhealthy,Unhealthy,-19.0,-25.76214599609375,-6.76214599609375
Rawalpindi,2026-02-15,99.0,100.0,113.493515,13.493515014648438,13.493515014648438,Unhealthy for Sensitive Groups,Moderate,1.0,14.493515014648438,13.493515014648438
Islamabad,2026-02-15,99.0,100.0,115.15671,15.156707763671875,15.156707763671875,Unhealthy for Sensitive Groups,Moderate,1.0,16.156707763671875,15.156707763671875
Lahore,2026-02-15,166.0,169.0,166.98668,2.0133209228515625,-2.0133209228515625,Unhealthy,Unhealthy,3.0,0.9866790771484375,-2.0133209228515625
Multan,2026-02-15,177.0,175.0,179.5757,4.5756988525390625,4.5756988525390625,Unhealthy,Unhealthy,-2.0,2.5756988525390625,4.5756988525390625
Bahawalpur,2026-02-16,157.0,108.0,126.33588,18.33587646484375,18.33587646484375,Unhealthy for Sensitive Groups,Unhealthy for Sensitive Groups,-49.0,-30.66412353515625,18.33587646484375
Sialkot,2026-02-16,171.0,171.0,176.34427,5.344268798828125,5.344268798828125,Unhealthy,Unhealthy,0.0,5.344268798828125,5.344268798828125
Gujranwala,2026-02-16,166.0,173.0,175.89648,2.896484375,2.896484375,Unhealthy,Unhealthy,7.0,9.896484375,2.896484375
Hyderabad,2026-02-16,84.0,83.0,89.20738,6.2073822021484375,6.2073822021484375,Moderate,Moderate,-1.0,5.2073822021484375,6.2073822021484375
Quetta,2026-02-16,68.0,80.0,71.802826,8.197174072265625,-8.197174072265625,Moderate,Moderate,12.0,3.802825927734375,-8.197174072265625
Peshawar,2026-02-16,108.0,105.0,112.61857,7.618568420410156,7.618568420410156,Unhealthy for Sensitive Groups,Unhealthy for Sensitive Groups,-3.0,4.618568420410156,7.618568420410156
Faisalabad,2026-02-16,178.0,176.0,182.5079,6.507904052734375,6.507904052734375,Unhealthy,Unhealthy,-2.0,4.507904052734375,6.507904052734375
Rawalpindi,2026-02-16,100.0,116.0,103.51336,12.486640930175781,-12.486640930175781,Unhealthy for Sensitive Groups,Unhealthy for Sensitive Groups,16.0,3.5133590698242188,-12.486640930175781
Islamabad,2026-02-16,100.0,116.0,104.031654,11.968345642089844,-11.968345642089844,Unhealthy for Sensitive Groups,Unhealthy for Sensitive Groups,16.0,4.031654357910156,-11.968345642089844
Lahore,2026-02-16,169.0,169.0,175.34937,6.349365234375,6.349365234375,Unhealthy,Unhealthy,0.0,6.349365234375,6.349365234375
Karachi,2026-02-16,103.0,93.0,108.38024,15.380241394042969,15.380241394042969,Unhealthy for Sensitive Groups,Moderate,-10.0,5.380241394042969,15.380241394042969
Multan,2026-02-16,175.0,156.0,157.1804,1.1804046630859375,1.1804046630859375,Unhealthy,Unhealthy,-19.0,-17.819595336914062,1.1804046630859375
Quetta,2026-02-17,80.0,89.0,70.74139,18.25861358642578,-18.25861358642578,Moderate,Moderate,9.0,-9.258613586425781,-18.25861358642578
Bahawalpur,2026-02-17,108.0,131.0,125.734535,5.265464782714844,-5.265464782714844,Unhealthy for Sensitive Groups,Unhealthy for Sensitive Groups,23.0,17.734535217285156,-5.265464782714844
Sialkot,2026-02-17,171.0,172.0,172.55229,0.5522918701171875,0.5522918701171875,Unhealthy,Unhealthy,1.0,1.5522918701171875,0.5522918701171875
Gujranwala,2026-02-17,173.0,167.0,170.91353,3.9135284423828125,3.9135284423828125,Unhealthy,Unhealthy,-6.0,-2.0864715576171875,3.9135284423828125
Hyderabad,2026-02-17,83.0,95.0,89.59614,5.403861999511719,-5.403861999511719,Moderate,Moderate,12.0,6.596138000488281,-5.403861999511719
Peshawar,2026-02-17,105.0,93.0,98.41504,5.4150390625,5.4150390625,Moderate,Moderate,-12.0,-6.5849609375,5.4150390625
Karachi,2026-02-17,93.0,108.0,108.337524,0.3375244140625,0.3375244140625,Unhealthy for Sensitive Groups,Unhealthy for Sensitive Groups,15.0,15.3375244140625,0.3375244140625
Faisalabad,2026-02-17,176.0,168.0,172.93811,4.9381103515625,4.9381103515625,Unhealthy,Unhealthy,-8.0,-3.0618896484375,4.9381103515625
Rawalpindi,2026-02-17,116.0,130.0,124.7346,5.265403747558594,-5.265403747558594,Unhealthy for Sensitive Groups,Unhealthy for Sensitive Groups,14.0,8.734596252441406,-5.265403747558594
Islamabad,2026-02-17,116.0,130.0,125.76436,4.2356414794921875,-4.2356414794921875,Unhealthy for Sensitive Groups,Unhealthy for Sensitive Groups,14.0,9.764358520507812,-4.2356414794921875
Lahore,2026-02-17,169.0,164.0,157.10538,6.894622802734375,-6.894622802734375,Unhealthy,Unhealthy,-5.0,-11.894622802734375,-6.894622802734375
Multan,2026-02-17,156.0,109.0,124.92228,15.922279357910156,15.922279357910156,Unhealthy for Sensitive Groups,Unhealthy for Sensitive Groups,-47.0,-31.077720642089844,15.922279357910156
Quetta,2026-02-18,89.0,89.0,86.77861,2.2213897705078125,-2.2213897705078125,Moderate,Moderate,0.0,-2.2213897705078125,-2.2213897705078125
Bahawalpur,2026-02-18,131.0,130.0,129.65616,0.343841552734375,-0.343841552734375,Unhealthy for Sensitive Groups,Unhealthy for Sensitive Groups,-1.0,-1.343841552734375,-0.343841552734375
Sialkot,2026-02-18,172.0,183.0,172.46544,10.534561157226562,-10.534561157226562,Unhealthy,Unhealthy,11.0,0.4654388427734375,-10.534561157226562
Gujranwala,2026-02-18,167.0,179.0,166.26385,12.73614501953125,-12.73614501953125,Unhealthy,Unhealthy,12.0,-0.73614501953125,-12.73614501953125
Hyderabad,2026-02-18,95.0,91.0,102.19757,11.19757080078125,11.19757080078125,Unhealthy for Sensitive Groups,Moderate,-4.0,7.19757080078125,11.19757080078125
Peshawar,2026-02-18,93.0,151.0,103.59583,47.40416717529297,-47.40416717529297,Unhealthy for Sensitive Groups,Unhealthy,58.0,10.595832824707031,-47.40416717529297
Karachi,2026-02-18,108.0,101.0,110.6416,9.6416015625,9.6416015625,Unhealthy for Sensitive Groups,Unhealthy for Sensitive Groups,-7.0,2.6416015625,9.6416015625
Faisalabad,2026-02-18,168.0,194.0,171.67375,22.326248168945312,-22.326248168945312,Unhealthy,Unhealthy,26.0,3.6737518310546875,-22.326248168945312
Lahore,2026-02-18,164.0,172.0,166.48636,5.513641357421875,-5.513641357421875,Unhealthy,Unhealthy,8.0,2.486358642578125,-5.513641357421875
Multan,2026-02-18,109.0,156.0,121.592926,34.407073974609375,-34.407073974609375,Unhealthy for Sensitive Groups,Unhealthy,47.0,12.592926025390625,-34.407073974609375
Rawalpindi,2026-02-18,130.0,126.0,131.34386,5.3438568115234375,5.3438568115234375,Unhealthy for Sensitive Groups,Unhealthy for Sensitive Groups,-4.0,1.3438568115234375,5.3438568115234375
Islamabad,2026-02-18,130.0,126.0,130.04408,4.0440826416015625,4.0440826416015625,Unhealthy for Sensitive Groups,Unhealthy for Sensitive Groups,-4.0,0.0440826416015625,4.0440826416015625
Sialkot,2026-02-19,183.0,179.0,179.13708,0.1370849609375,0.1370849609375,Unhealthy,Unhealthy,-4.0,-3.8629150390625,0.1370849609375
Gujranwala,2026-02-19,179.0,188.0,183.23442,4.7655792236328125,-4.7655792236328125,Unhealthy,Unhealthy,9.0,4.2344207763671875,-4.7655792236328125
Hyderabad,2026-02-19,91.0,92.0,104.12952,12.1295166015625,12.1295166015625,Unhealthy for Sensitive Groups,Moderate,1.0,13.1295166015625,12.1295166015625
Quetta,2026-02-19,89.0,90.0,91.783646,1.7836456298828125,1.7836456298828125,Moderate,Moderate,1.0,2.7836456298828125,1.7836456298828125
Peshawar,2026-02-19,151.0,162.0,135.06107,26.938934326171875,-26.938934326171875,Unhealthy for Sensitive Groups,Unhealthy,11.0,-15.938934326171875,-26.938934326171875
Bahawalpur,2026-02-19,130.0,132.0,142.09444,10.094436645507812,10.094436645507812,Unhealthy for Sensitive Groups,Unhealthy for Sensitive Groups,2.0,12.094436645507812,10.094436645507812
Faisalabad,2026-02-19,194.0,199.0,202.92441,3.924407958984375,3.924407958984375,Very Unhealthy,Unhealthy,5.0,8.924407958984375,3.924407958984375
Rawalpindi,2026-02-19,126.0,120.0,129.76607,9.766067504882812,9.766067504882812,Unhealthy for Sensitive Groups,Unhealthy for Sensitive Groups,-6.0,3.7660675048828125,9.766067504882812
Islamabad,2026-02-19,126.0,120.0,128.52151,8.521514892578125,8.521514892578125,Unhealthy for Sensitive Groups,Unhealthy for Sensitive Groups,-6.0,2.521514892578125,8.521514892578125
Lahore,2026-02-19,172.0,190.0,177.94157,12.058425903320312,-12.058425903320312,Unhealthy,Unhealthy,18.0,5.9415740966796875,-12.058425903320312
Karachi,2026-02-19,101.0,115.0,112.21738,2.782623291015625,-2.782623291015625,Unhealthy for Sensitive Groups,Unhealthy for Sensitive Groups,14.0,11.217376708984375,-2.782623291015625
Multan,2026-02-19,156.0,170.0,155.5383,14.461700439453125,-14.461700439453125,Unhealthy,Unhealthy,14.0,-0.461700439453125,-14.461700439453125
Bahawalpur,2026-02-20,132.0,147.0,126.511665,20.48833465576172,-20.48833465576172,Unhealthy for Sensitive Groups,Unhealthy for Sensitive Groups,15.0,-5.488334655761719,-20.48833465576172
Sialkot,2026-02-20,179.0,159.0,165.29193,6.29193115234375,6.29193115234375,Unhealthy,Unhealthy,-20.0,-13.70806884765625,6.29193115234375
Gujranwala,2026-02-20,188.0,174.0,176.79756,2.7975616455078125,2.7975616455078125,Unhealthy,Unhealthy,-14.0,-11.202438354492188,2.7975616455078125
Hyderabad,2026-02-20,92.0,128.0,100.16059,27.83940887451172,-27.83940887451172,Unhealthy for Sensitive Groups,Unhealthy for Sensitive Groups,36.0,8.160591125488281,-27.83940887451172
Quetta,2026-02-20,90.0,80.0,86.35868,6.358680725097656,6.358680725097656,Moderate,Moderate,-10.0,-3.6413192749023438,6.358680725097656
Peshawar,2026-02-20,162.0,155.0,145.21606,9.783935546875,-9.783935546875,Unhealthy for Sensitive Groups,Unhealthy,-7.0,-16.783935546875,-9.783935546875
Multan,2026-02-20,170.0,174.0,177.51868,3.5186767578125,3.5186767578125,Unhealthy,Unhealthy,4.0,7.5186767578125,3.5186767578125
Rawalpindi,2026-02-20,120.0,134.0,125.16396,8.836036682128906,-8.836036682128906,Unhealthy for Sensitive Groups,Unhealthy for Sensitive Groups,14.0,5.163963317871094,-8.836036682128906
Islamabad,2026-02-20,120.0,134.0,124.36735,9.632652282714844,-9.632652282714844,Unhealthy for Sensitive Groups,Unhealthy for Sensitive Groups,14.0,4.367347717285156,-9.632652282714844
Karachi,2026-02-20,115.0,165.0,117.21072,47.789283752441406,-47.789283752441406,Unhealthy for Sensitive Groups,Unhealthy,50.0,2.2107162475585938,-47.789283752441406
Faisalabad,2026-02-20,199.0,197.0,200.4691,3.4691009521484375,3.4691009521484375,Very Unhealthy,Unhealthy,-2.0,1.4691009521484375,3.4691009521484375
Lahore,2026-02-20,190.0,167.0,171.34863,4.3486328125,4.3486328125,Unhealthy,Unhealthy,-23.0,-18.6513671875,4.3486328125
Bahawalpur,2026-02-21,147.0,144.0,146.86032,2.860321044921875,2.860321044921875,Unhealthy for Sensitive Groups,Unhealthy for Sensitive Groups,-3.0,-0.139678955078125,2.860321044921875
Quetta,2026-02-21,80.0,68.0,81.40292,13.402923583984375,13.402923583984375,Moderate,Moderate,-12.0,1.402923583984375,13.402923583984375
Sialkot,2026-02-21,159.0,180.0,172.33867,7.6613311767578125,-7.6613311767578125,Unhealthy,Unhealthy,21.0,13.338668823242188,-7.6613311767578125
Gujranwala,2026-02-21,174.0,183.0,168.9463,14.053695678710938,-14.053695678710938,Unhealthy,Unhealthy,9.0,-5.0536956787109375,-14.053695678710938
Hyderabad,2026-02-21,128.0,130.0,119.57898,10.4210205078125,-10.4210205078125,Unhealthy for Sensitive Groups,Unhealthy for Sensitive Groups,2.0,-8.4210205078125,-10.4210205078125
Peshawar,2026-02-21,155.0,126.0,147.09636,21.096359252929688,21.096359252929688,Unhealthy for Sensitive Groups,Unhealthy for Sensitive Groups,-29.0,-7.9036407470703125,21.096359252929688
Faisalabad,2026-02-21,197.0,190.0,175.68886,14.311141967773438,-14.311141967773438,Unhealthy,Unhealthy,-7.0,-21.311141967773438,-14.311141967773438
Rawalpindi,2026-02-21,134.0,129.0,136.18983,7.1898345947265625,7.1898345947265625,Unhealthy for Sensitive Groups,Unhealthy for Sensitive Groups,-5.0,2.1898345947265625,7.1898345947265625
Islamabad,2026-02-21,134.0,129.0,137.30032,8.300323486328125,8.300323486328125,Unhealthy for Sensitive Groups,Unhealthy for Sensitive Groups,-5.0,3.300323486328125,8.300323486328125
Lahore,2026-02-21,167.0,180.0,166.63249,13.367507934570312,-13.367507934570312,Unhealthy,Unhealthy,13.0,-0.3675079345703125,-13.367507934570312
Karachi,2026-02-21,165.0,119.0,142.0482,23.048202514648438,23.048202514648438,Unhealthy for Sensitive Groups,Unhealthy for Sensitive Groups,-46.0,-22.951797485351562,23.048202514648438
Multan,2026-02-21,174.0,173.0,168.83598,4.1640167236328125,-4.1640167236328125,Unhealthy,Unhealthy,-1.0,-5.1640167236328125,-4.1640167236328125
Sialkot,2026-02-22,180.0,180.0,182.4857,2.4857025146484375,2.4857025146484375,Unhealthy,Unhealthy,0.0,2.4857025146484375,2.4857025146484375
Gujranwala,2026-02-22,183.0,184.0,186.2617,2.2617034912109375,2.2617034912109375,Unhealthy,Unhealthy,1.0,3.2617034912109375,2.2617034912109375
Hyderabad,2026-02-22,130.0,88.0,107.8895,19.889503479003906,19.889503479003906,Unhealthy for Sensitive Groups,Moderate,-42.0,-22.110496520996094,19.889503479003906
Quetta,2026-02-22,68.0,74.0,77.925835,3.9258346557617188,3.9258346557617188,Moderate,Moderate,6.0,9.925834655761719,3.9258346557617188
Peshawar,2026-02-22,126.0,123.0,109.62968,13.370323181152344,-13.370323181152344,Unhealthy for Sensitive Groups,Unhealthy for Sensitive Groups,-3.0,-16.370323181152344,-13.370323181152344
Bahawalpur,2026-02-22,144.0,152.0,147.19952,4.80047607421875,-4.80047607421875,Unhealthy for Sensitive Groups,Unhealthy,8.0,3.19952392578125,-4.80047607421875
Faisalabad,2026-02-22,190.0,189.0,196.37123,7.3712310791015625,7.3712310791015625,Unhealthy,Unhealthy,-1.0,6.3712310791015625,7.3712310791015625
Rawalpindi,2026-02-22,129.0,130.0,142.53592,12.535919189453125,12.535919189453125,Unhealthy for Sensitive Groups,Unhealthy for Sensitive Groups,1.0,13.535919189453125,12.535919189453125
Islamabad,2026-02-22,129.0,130.0,142.18779,12.187789916992188,12.187789916992188,Unhealthy for Sensitive Groups,Unhealthy for Sensitive Groups,1.0,13.187789916992188,12.187789916992188
Lahore,2026-02-22,180.0,180.0,189.46523,9.465225219726562,9.465225219726562,Unhealthy,Unhealthy,0.0,9.465225219726562,9.465225219726562
Karachi,2026-02-22,119.0,101.0,119.32752,18.32752227783203,18.32752227783203,Unhealthy for Sensitive Groups,Unhealthy for Sensitive Groups,-18.0,0.32752227783203125,18.32752227783203
Multan,2026-02-22,173.0,185.0,173.65205,11.347946166992188,-11.347946166992188,Unhealthy,Unhealthy,12.0,0.6520538330078125,-11.347946166992188
Bahawalpur,2026-02-23,152.0,126.0,140.35004,14.35003662109375,14.35003662109375,Unhealthy for Sensitive Groups,Unhealthy for Sensitive Groups,-26.0,-11.64996337890625,14.35003662109375
Sialkot,2026-02-23,180.0,186.0,181.70477,4.29522705078125,-4.29522705078125,Unhealthy,Unhealthy,6.0,1.70477294921875,-4.29522705078125
Gujranwala,2026-02-23,184.0,175.0,172.91907,2.0809326171875,-2.0809326171875,Unhealthy,Unhealthy,-9.0,-11.0809326171875,-2.0809326171875
Hyderabad,2026-02-23,88.0,95.0,98.680664,3.6806640625,3.6806640625,Moderate,Moderate,7.0,10.6806640625,3.6806640625
Quetta,2026-02-23,74.0,73.0,82.77636,9.776359558105469,9.776359558105469,Moderate,Moderate,-1.0,8.776359558105469,9.776359558105469
Peshawar,2026-02-23,123.0,134.0,126.87337,7.1266326904296875,-7.1266326904296875,Unhealthy for Sensitive Groups,Unhealthy for Sensitive Groups,11.0,3.8733673095703125,-7.1266326904296875
Multan,2026-02-23,185.0,175.0,175.02328,0.023284912109375,0.023284912109375,Unhealthy,Unhealthy,-10.0,-9.976715087890625,0.023284912109375
Rawalpindi,2026-02-23,130.0,119.0,132.52919,13.529190063476562,13.529190063476562,Unhealthy for Sensitive Groups,Unhealthy for Sensitive Groups,-11.0,2.5291900634765625,13.529190063476562
Islamabad,2026-02-23,130.0,119.0,130.74123,11.741226196289062,11.741226196289062,Unhealthy for Sensitive Groups,Unhealthy for Sensitive Groups,-11.0,0.7412261962890625,11.741226196289062
Lahore,2026-02-23,180.0,182.0,174.4193,7.5807037353515625,-7.5807037353515625,Unhealthy,Unhealthy,2.0,-5.5807037353515625,-7.5807037353515625
Karachi,2026-02-23,101.0,102.0,107.75271,5.752708435058594,5.752708435058594,Unhealthy for Sensitive Groups,Unhealthy for Sensitive Groups,1.0,6.752708435058594,5.752708435058594
Faisalabad,2026-02-23,189.0,191.0,187.5026,3.497406005859375,-3.497406005859375,Unhealthy,Unhealthy,2.0,-1.497406005859375,-3.497406005859375
Quetta,2026-02-24,73.0,75.0,73.52146,1.4785385131835938,-1.4785385131835938,Moderate,Moderate,2.0,0.5214614868164062,-1.4785385131835938
Bahawalpur,2026-02-24,126.0,85.0,109.62902,24.62902069091797,24.62902069091797,Unhealthy for Sensitive Groups,Moderate,-41.0,-16.37097930908203,24.62902069091797
Sialkot,2026-02-24,186.0,188.0,183.86931,4.1306915283203125,-4.1306915283203125,Unhealthy,Unhealthy,2.0,-2.1306915283203125,-4.1306915283203125
Gujranwala,2026-02-24,175.0,179.0,173.31941,5.6805877685546875,-5.6805877685546875,Unhealthy,Unhealthy,4.0,-1.6805877685546875,-5.6805877685546875
Hyderabad,2026-02-24,95.0,100.0,92.163475,7.836524963378906,-7.836524963378906,Moderate,Moderate,5.0,-2.8365249633789062,-7.836524963378906
Peshawar,2026-02-24,134.0,120.0,132.6127,12.612701416015625,12.612701416015625,Unhealthy for Sensitive Groups,Unhealthy for Sensitive Groups,-14.0,-1.387298583984375,12.612701416015625
Islamabad,2026-02-24,119.0,112.0,117.062195,5.06219482421875,5.06219482421875,Unhealthy for Sensitive Groups,Unhealthy for Sensitive Groups,-7.0,-1.93780517578125,5.06219482421875
Faisalabad,2026-02-24,191.0,192.0,191.41623,0.583770751953125,-0.583770751953125,Unhealthy,Unhealthy,1.0,0.416229248046875,-0.583770751953125
Karachi,2026-02-24,102.0,101.0,107.69232,6.69232177734375,6.69232177734375,Unhealthy for Sensitive Groups,Unhealthy for Sensitive Groups,-1.0,5.69232177734375,6.69232177734375
Lahore,2026-02-24,182.0,187.0,181.93744,5.06256103515625,-5.06256103515625,Unhealthy,Unhealthy,5.0,-0.06256103515625,-5.06256103515625
Multan,2026-02-24,175.0,140.0,150.50574,10.5057373046875,10.5057373046875,Unhealthy,Unhealthy for Sensitive Groups,-35.0,-24.4942626953125,10.5057373046875
Rawalpindi,2026-02-24,119.0,112.0,118.1835,6.183502197265625,6.183502197265625,Unhealthy for Sensitive Groups,Unhealthy for Sensitive Groups,-7.0,-0.816497802734375,6.183502197265625
Bahawalpur,2026-02-25,85.0,87.0,97.38413,10.384132385253906,10.384132385253906,Moderate,Moderate,2.0,12.384132385253906,10.384132385253906
Sialkot,2026-02-25,188.0,177.0,172.28766,4.71234130859375,-4.71234130859375,Unhealthy,Unhealthy,-11.0,-15.71234130859375,-4.71234130859375
Gujranwala,2026-02-25,179.0,174.0,172.27608,1.7239227294921875,-1.7239227294921875,Unhealthy,Unhealthy,-5.0,-6.7239227294921875,-1.7239227294921875
Hyderabad,2026-02-25,100.0,96.0,102.11538,6.115379333496094,6.115379333496094,Unhealthy for Sensitive Groups,Moderate,-4.0,2.1153793334960938,6.115379333496094
Peshawar,2026-02-25,120.0,119.0,130.9301,11.930099487304688,11.930099487304688,Unhealthy for Sensitive Groups,Unhealthy for Sensitive Groups,-1.0,10.930099487304688,11.930099487304688
Quetta,2026-02-25,75.0,86.0,81.967804,4.032196044921875,-4.032196044921875,Moderate,Moderate,11.0,6.967803955078125,-4.032196044921875
Faisalabad,2026-02-25,192.0,192.0,189.9178,2.0821990966796875,-2.0821990966796875,Unhealthy,Unhealthy,0.0,-2.0821990966796875,-2.0821990966796875
Rawalpindi,2026-02-25,112.0,103.0,109.6512,6.6511993408203125,6.6511993408203125,Unhealthy for Sensitive Groups,Unhealthy for Sensitive Groups,-9.0,-2.3488006591796875,6.6511993408203125
Islamabad,2026-02-25,112.0,103.0,111.48065,8.48065185546875,8.48065185546875,Unhealthy for Sensitive Groups,Unhealthy for Sensitive Groups,-9.0,-0.51934814453125,8.48065185546875
Lahore,2026-02-25,187.0,179.0,176.78212,2.2178802490234375,-2.2178802490234375,Unhealthy,Unhealthy,-8.0,-10.217880249023438,-2.2178802490234375
Karachi,2026-02-25,101.0,86.0,100.42118,14.421180725097656,14.421180725097656,Unhealthy for Sensitive Groups,Moderate,-15.0,-0.5788192749023438,14.421180725097656
Multan,2026-02-25,140.0,135.0,138.23067,3.2306671142578125,3.2306671142578125,Unhealthy for Sensitive Groups,Unhealthy for Sensitive Groups,-5.0,-1.7693328857421875,3.2306671142578125
Quetta,2026-02-26,86.0,80.0,84.99771,4.997711181640625,4.997711181640625,Moderate,Moderate,-6.0,-1.002288818359375,4.997711181640625
Bahawalpur,2026-02-26,87.0,121.0,112.02366,8.976341247558594,-8.976341247558594,Unhealthy for Sensitive Groups,Unhealthy for Sensitive Groups,34.0,25.023658752441406,-8.976341247558594
Sialkot,2026-02-26,177.0,162.0,162.64484,0.64483642578125,0.64483642578125,Unhealthy,Unhealthy,-15.0,-14.35516357421875,0.64483642578125
Gujranwala,2026-02-26,174.0,164.0,164.86592,0.8659210205078125,0.8659210205078125,Unhealthy,Unhealthy,-10.0,-9.134078979492188,0.8659210205078125
Peshawar,2026-02-26,119.0,131.0,122.56366,8.43634033203125,-8.43634033203125,Unhealthy for Sensitive Groups,Unhealthy for Sensitive Groups,12.0,3.56365966796875,-8.43634033203125
Hyderabad,2026-02-26,96.0,89.0,92.09442,3.09442138671875,3.09442138671875,Moderate,Moderate,-7.0,-3.90557861328125,3.09442138671875
Faisalabad,2026-02-26,192.0,189.0,192.03645,3.0364532470703125,3.0364532470703125,Unhealthy,Unhealthy,-3.0,0.0364532470703125,3.0364532470703125
Rawalpindi,2026-02-26,103.0,110.0,109.97657,0.02342987060546875,-0.02342987060546875,Unhealthy for Sensitive Groups,Unhealthy for Sensitive Groups,7.0,6.976570129394531,-0.02342987060546875
Islamabad,2026-02-26,103.0,110.0,109.62662,0.373382568359375,-0.373382568359375,Unhealthy for Sensitive Groups,Unhealthy for Sensitive Groups,7.0,6.626617431640625,-0.373382568359375
Lahore,2026-02-26,179.0,168.0,170.62134,2.621337890625,2.621337890625,Unhealthy,Unhealthy,-11.0,-8.378662109375,2.621337890625
Karachi,2026-02-26,86.0,78.0,86.9647,8.964698791503906,8.964698791503906,Moderate,Moderate,-8.0,0.9646987915039062,8.964698791503906
Multan,2026-02-26,135.0,163.0,149.62462,13.375381469726562,-13.375381469726562,Unhealthy for Sensitive Groups,Unhealthy,28.0,14.624618530273438,-13.375381469726562
Bahawalpur,2026-02-27,121.0,151.0,132.5676,18.432403564453125,-18.432403564453125,Unhealthy for Sensitive Groups,Unhealthy,30.0,11.567596435546875,-18.432403564453125
Sialkot,2026-02-27,162.0,163.0,170.0964,7.096405029296875,7.096405029296875,Unhealthy,Unhealthy,1.0,8.096405029296875,7.096405029296875
Gujranwala,2026-02-27,164.0,164.0,172.2386,8.238601684570312,8.238601684570312,Unhealthy,Unhealthy,0.0,8.238601684570312,8.238601684570312
Hyderabad,2026-02-27,89.0,97.0,89.239174,7.760826110839844,-7.760826110839844,Moderate,Moderate,8.0,0.23917388916015625,-7.760826110839844
Quetta,2026-02-27,80.0,84.0,89.926765,5.926765441894531,5.926765441894531,Moderate,Moderate,4.0,9.926765441894531,5.926765441894531
Peshawar,2026-02-27,131.0,121.0,124.62583,3.6258316040039062,3.6258316040039062,Unhealthy for Sensitive Groups,Unhealthy for Sensitive Groups,-10.0,-6.374168395996094,3.6258316040039062
Multan,2026-02-27,163.0,174.0,166.63586,7.3641357421875,-7.3641357421875,Unhealthy,Unhealthy,11.0,3.6358642578125,-7.3641357421875
Rawalpindi,2026-02-27,110.0,107.0,122.98743,15.9874267578125,15.9874267578125,Unhealthy for Sensitive Groups,Unhealthy for Sensitive Groups,-3.0,12.9874267578125,15.9874267578125
Islamabad,2026-02-27,110.0,107.0,123.2087,16.208702087402344,16.208702087402344,Unhealthy for Sensitive Groups,Unhealthy for Sensitive Groups,-3.0,13.208702087402344,16.208702087402344
Lahore,2026-02-27,168.0,167.0,175.02773,8.027725219726562,8.027725219726562,Unhealthy,Unhealthy,-1.0,7.0277252197265625,8.027725219726562
Karachi,2026-02-27,78.0,95.0,95.55379,0.5537872314453125,0.5537872314453125,Moderate,Moderate,17.0,17.553787231445312,0.5537872314453125
Faisalabad,2026-02-27,189.0,174.0,172.62541,1.3745880126953125,-1.3745880126953125,Unhealthy,Unhealthy,-15.0,-16.374588012695312,-1.3745880126953125
Quetta,2026-02-28,84.0,85.0,90.14497,5.1449737548828125,5.1449737548828125,Moderate,Moderate,1.0,6.1449737548828125,5.1449737548828125
Bahawalpur,2026-02-28,151.0,148.0,149.11916,1.1191558837890625,1.1191558837890625,Unhealthy for Sensitive Groups,Unhealthy for Sensitive Groups,-3.0,-1.8808441162109375,1.1191558837890625
Sialkot,2026-02-28,163.0,130.0,136.61874,6.618743896484375,6.618743896484375,Unhealthy for Sensitive Groups,Unhealthy for Sensitive Groups,-33.0,-26.381256103515625,6.618743896484375
Gujranwala,2026-02-28,164.0,150.0,151.4789,1.4788970947265625,1.4788970947265625,Unhealthy,Unhealthy for Sensitive Groups,-14.0,-12.521102905273438,1.4788970947265625
Hyderabad,2026-02-28,97.0,88.0,96.8643,8.864303588867188,8.864303588867188,Moderate,Moderate,-9.0,-0.1356964111328125,8.864303588867188
Peshawar,2026-02-28,121.0,110.0,113.542885,3.5428848266601562,3.5428848266601562,Unhealthy for Sensitive Groups,Unhealthy for Sensitive Groups,-11.0,-7.457115173339844,3.5428848266601562
Lahore,2026-02-28,167.0,152.0,156.10562,4.105621337890625,4.105621337890625,Unhealthy,Unhealthy,-15.0,-10.894378662109375,4.105621337890625
Faisalabad,2026-02-28,174.0,177.0,176.92737,0.0726318359375,-0.0726318359375,Unhealthy,Unhealthy,3.0,2.9273681640625,-0.0726318359375
Rawalpindi,2026-02-28,107.0,90.0,106.22926,16.229263305664062,16.229263305664062,Unhealthy for Sensitive Groups,Moderate,-17.0,-0.7707366943359375,16.229263305664062
Islamabad,2026-02-28,107.0,90.0,105.864265,15.864265441894531,15.864265441894531,Unhealthy for Sensitive Groups,Moderate,-17.0,-1.1357345581054688,15.864265441894531
Multan,2026-02-28,174.0,171.0,165.99301,5.006988525390625,-5.006988525390625,Unhealthy,Unhealthy,-3.0,-8.006988525390625,-5.006988525390625
Karachi,2026-02-28,95.0,109.0,100.79809,8.201911926269531,-8.201911926269531,Unhealthy for Sensitive Groups,Unhealthy for Sensitive Groups,14.0,5.798088073730469,-8.201911926269531
Sialkot,2026-03-01,130.0,145.0,161.14304,16.143035888671875,16.143035888671875,Unhealthy,Unhealthy for Sensitive Groups,15.0,31.143035888671875,16.143035888671875
Gujranwala,2026-03-01,150.0,152.0,149.85281,2.147186279296875,-2.147186279296875,Unhealthy for Sensitive Groups,Unhealthy,2.0,-0.147186279296875,-2.147186279296875
Hyderabad,2026-03-01,88.0,93.0,99.07666,6.07666015625,6.07666015625,Moderate,Moderate,5.0,11.07666015625,6.07666015625
Quetta,2026-03-01,85.0,76.0,75.718475,0.281524658203125,-0.281524658203125,Moderate,Moderate,-9.0,-9.281524658203125,-0.281524658203125
Peshawar,2026-03-01,110.0,112.0,106.05838,5.941619873046875,-5.941619873046875,Unhealthy for Sensitive Groups,Unhealthy for Sensitive Groups,2.0,-3.941619873046875,-5.941619873046875
Bahawalpur,2026-03-01,148.0,136.0,133.4076,2.5924072265625,-2.5924072265625,Unhealthy for Sensitive Groups,Unhealthy for Sensitive Groups,-12.0,-14.5924072265625,-2.5924072265625
Faisalabad,2026-03-01,177.0,185.0,187.17735,2.1773529052734375,2.1773529052734375,Unhealthy,Unhealthy,8.0,10.177352905273438,2.1773529052734375
Rawalpindi,2026-03-01,90.0,89.0,107.25208,18.25208282470703,18.25208282470703,Unhealthy for Sensitive Groups,Moderate,-1.0,17.25208282470703,18.25208282470703
Islamabad,2026-03-01,90.0,89.0,106.582245,17.582244873046875,17.582244873046875,Unhealthy for Sensitive Groups,Moderate,-1.0,16.582244873046875,17.582244873046875
Lahore,2026-03-01,152.0,147.0,153.37833,6.378326416015625,6.378326416015625,Unhealthy,Unhealthy for Sensitive Groups,-5.0,1.378326416015625,6.378326416015625
Karachi,2026-03-01,109.0,120.0,107.387535,12.612464904785156,-12.612464904785156,Unhealthy for Sensitive Groups,Unhealthy for Sensitive Groups,11.0,-1.6124649047851562,-12.612464904785156
Multan,2026-03-01,171.0,174.0,172.49152,1.50848388671875,-1.50848388671875,Unhealthy,Unhealthy,3.0,1.49151611328125,-1.50848388671875
Bahawalpur,2026-03-02,136.0,154.0,150.04979,3.9502105712890625,-3.9502105712890625,Unhealthy,Unhealthy,18.0,14.049789428710938,-3.9502105712890625
Sialkot,2026-03-02,145.0,131.0,144.2225,13.222503662109375,13.222503662109375,Unhealthy for Sensitive Groups,Unhealthy for Sensitive Groups,-14.0,-0.777496337890625,13.222503662109375
Gujranwala,2026-03-02,152.0,140.0,152.58553,12.585525512695312,12.585525512695312,Unhealthy,Unhealthy for Sensitive Groups,-12.0,0.5855255126953125,12.585525512695312
Hyderabad,2026-03-02,93.0,99.0,98.9236,0.0764007568359375,-0.0764007568359375,Moderate,Moderate,6.0,5.9235992431640625,-0.0764007568359375
Quetta,2026-03-02,76.0,78.0,80.03044,2.0304412841796875,2.0304412841796875,Moderate,Moderate,2.0,4.0304412841796875,2.0304412841796875
Peshawar,2026-03-02,112.0,121.0,115.040825,5.959175109863281,-5.959175109863281,Unhealthy for Sensitive Groups,Unhealthy for Sensitive Groups,9.0,3.0408248901367188,-5.959175109863281
Multan,2026-03-02,174.0,171.0,172.88246,1.8824615478515625,1.8824615478515625,Unhealthy,Unhealthy,-3.0,-1.1175384521484375,1.8824615478515625
Rawalpindi,2026-03-02,89.0,85.0,102.87801,17.878013610839844,17.878013610839844,Unhealthy for Sensitive Groups,Moderate,-4.0,13.878013610839844,17.878013610839844
Islamabad,2026-03-02,89.0,85.0,102.095024,17.09502410888672,17.09502410888672,Unhealthy for Sensitive Groups,Moderate,-4.0,13.095024108886719,17.09502410888672
Lahore,2026-03-02,147.0,132.0,148.377,16.376998901367188,16.376998901367188,Unhealthy for Sensitive Groups,Unhealthy for Sensitive Groups,-15.0,1.3769989013671875,16.376998901367188
Karachi,2026-03-02,120.0,118.0,114.160194,3.8398056030273438,-3.8398056030273438,Unhealthy for Sensitive Groups,Unhealthy for Sensitive Groups,-2.0,-5.839805603027344,-3.8398056030273438
Faisalabad,2026-03-02,185.0,175.0,176.24208,1.2420806884765625,1.2420806884765625,Unhealthy,Unhealthy,-10.0,-8.757919311523438,1.2420806884765625
Quetta,2026-03-03,78.0,76.0,78.921394,2.9213943481445312,2.9213943481445312,Moderate,Moderate,-2.0,0.9213943481445312,2.9213943481445312
Bahawalpur,2026-03-03,154.0,138.0,140.92152,2.9215240478515625,2.9215240478515625,Unhealthy for Sensitive Groups,Unhealthy for Sensitive Groups,-16.0,-13.078475952148438,2.9215240478515625
Sialkot,2026-03-03,131.0,140.0,125.41308,14.586921691894531,-14.586921691894531,Unhealthy for Sensitive Groups,Unhealthy for Sensitive Groups,9.0,-5.586921691894531,-14.586921691894531
Gujranwala,2026-03-03,140.0,154.0,131.79501,22.204986572265625,-22.204986572265625,Unhealthy for Sensitive Groups,Unhealthy,14.0,-8.204986572265625,-22.204986572265625
Peshawar,2026-03-03,121.0,100.0,120.834496,20.834495544433594,20.834495544433594,Unhealthy for Sensitive Groups,Moderate,-21.0,-0.16550445556640625,20.834495544433594
Hyderabad,2026-03-03,99.0,111.0,97.565704,13.434295654296875,-13.434295654296875,Moderate,Unhealthy for Sensitive Groups,12.0,-1.434295654296875,-13.434295654296875
Faisalabad,2026-03-03,175.0,175.0,174.8452,0.1548004150390625,-0.1548004150390625,Unhealthy,Unhealthy,0.0,-0.1548004150390625,-0.1548004150390625
Rawalpindi,2026-03-03,85.0,86.0,103.5132,17.513198852539062,17.513198852539062,Unhealthy for Sensitive Groups,Moderate,1.0,18.513198852539062,17.513198852539062
Multan,2026-03-03,171.0,164.0,169.37549,5.37548828125,5.37548828125,Unhealthy,Unhealthy,-7.0,-1.62451171875,5.37548828125
Islamabad,2026-03-03,85.0,86.0,102.63135,16.63134765625,16.63134765625,Unhealthy for Sensitive Groups,Moderate,1.0,17.63134765625,16.63134765625
Lahore,2026-03-03,132.0,156.0,135.06972,20.930282592773438,-20.930282592773438,Unhealthy for Sensitive Groups,Unhealthy,24.0,3.0697174072265625,-20.930282592773438
Karachi,2026-03-03,118.0,86.0,112.97475,26.974746704101562,26.974746704101562,Unhealthy for Sensitive Groups,Moderate,-32.0,-5.0252532958984375,26.974746704101562
Sialkot,2026-03-04,140.0,146.0,157.45857,11.458572387695312,11.458572387695312,Unhealthy,Unhealthy for Sensitive Groups,6.0,17.458572387695312,11.458572387695312
Gujranwala,2026-03-04,154.0,155.0,164.91415,9.914154052734375,9.914154052734375,Unhealthy,Unhealthy,1.0,10.914154052734375,9.914154052734375
Hyderabad,2026-03-04,111.0,85.0,102.35168,17.35167694091797,17.35167694091797,Unhealthy for Sensitive Groups,Moderate,-26.0,-8.648323059082031,17.35167694091797
Quetta,2026-03-04,76.0,85.0,73.48188,11.518119812011719,-11.518119812011719,Moderate,Moderate,9.0,-2.5181198120117188,-11.518119812011719
Peshawar,2026-03-04,100.0,94.0,115.922775,21.922775268554688,21.922775268554688,Unhealthy for Sensitive Groups,Moderate,-6.0,15.922775268554688,21.922775268554688
Bahawalpur,2026-03-04,138.0,129.0,132.87697,3.8769683837890625,3.8769683837890625,Unhealthy for Sensitive Groups,Unhealthy for Sensitive Groups,-9.0,-5.1230316162109375,3.8769683837890625
Faisalabad,2026-03-04,175.0,181.0,183.06865,2.0686492919921875,2.0686492919921875,Unhealthy,Unhealthy,6.0,8.068649291992188,2.0686492919921875
Rawalpindi,2026-03-04,86.0,103.0,109.87852,6.878517150878906,6.878517150878906,Unhealthy for Sensitive Groups,Unhealthy for Sensitive Groups,17.0,23.878517150878906,6.878517150878906
Islamabad,2026-03-04,86.0,103.0,110.22877,7.228767395019531,7.228767395019531,Unhealthy for Sensitive Groups,Unhealthy for Sensitive Groups,17.0,24.22876739501953,7.228767395019531
Lahore,2026-03-04,156.0,157.0,163.92163,6.921630859375,6.921630859375,Unhealthy,Unhealthy,1.0,7.921630859375,6.921630859375
Karachi,2026-03-04,86.0,81.0,97.3409,16.340896606445312,16.340896606445312,Moderate,Moderate,-5.0,11.340896606445312,16.340896606445312
Multan,2026-03-04,164.0,168.0,155.65051,12.3494873046875,-12.3494873046875,Unhealthy,Unhealthy,4.0,-8.3494873046875,-12.3494873046875
Bahawalpur,2026-03-05,129.0,115.0,128.11943,13.119430541992188,13.119430541992188,Unhealthy for Sensitive Groups,Unhealthy for Sensitive Groups,-14.0,-0.8805694580078125,13.119430541992188
Sialkot,2026-03-05,146.0,168.0,142.776,25.2239990234375,-25.2239990234375,Unhealthy for Sensitive Groups,Unhealthy,22.0,-3.2239990234375,-25.2239990234375
Gujranwala,2026-03-05,155.0,160.0,153.6013,6.3986968994140625,-6.3986968994140625,Unhealthy,Unhealthy,5.0,-1.3986968994140625,-6.3986968994140625
Hyderabad,2026-03-05,85.0,88.0,81.766174,6.23382568359375,-6.23382568359375,Moderate,Moderate,3.0,-3.23382568359375,-6.23382568359375
Quetta,2026-03-05,85.0,65.0,82.135475,17.135475158691406,17.135475158691406,Moderate,Moderate,-20.0,-2.8645248413085938,17.135475158691406
Peshawar,2026-03-05,94.0,93.0,103.116776,10.116775512695312,10.116775512695312,Unhealthy for Sensitive Groups,Moderate,-1.0,9.116775512695312,10.116775512695312
Multan,2026-03-05,168.0,162.0,168.59486,6.5948638916015625,6.5948638916015625,Unhealthy,Unhealthy,-6.0,0.5948638916015625,6.5948638916015625
Rawalpindi,2026-03-05,103.0,109.0,114.42186,5.4218597412109375,5.4218597412109375,Unhealthy for Sensitive Groups,Unhealthy for Sensitive Groups,6.0,11.421859741210938,5.4218597412109375
Islamabad,2026-03-05,103.0,109.0,114.01311,5.0131072998046875,5.0131072998046875,Unhealthy for Sensitive Groups,Unhealthy for Sensitive Groups,6.0,11.013107299804688,5.0131072998046875
Lahore,2026-03-05,157.0,176.0,158.04527,17.954727172851562,-17.954727172851562,Unhealthy,Unhealthy,19.0,1.0452728271484375,-17.954727172851562
Karachi,2026-03-05,81.0,76.0,83.850586,7.8505859375,7.8505859375,Moderate,Moderate,-5.0,2.8505859375,7.8505859375
Faisalabad,2026-03-05,181.0,167.0,173.0755,6.07550048828125,6.07550048828125,Unhealthy,Unhealthy,-14.0,-7.92449951171875,6.07550048828125
Quetta,2026-03-06,65.0,78.0,77.40031,0.5996932983398438,-0.5996932983398438,Moderate,Moderate,13.0,12.400306701660156,-0.5996932983398438
Sialkot,2026-03-06,168.0,171.0,170.94768,0.0523223876953125,-0.0523223876953125,Unhealthy,Unhealthy,3.0,2.9476776123046875,-0.0523223876953125
Gujranwala,2026-03-06,160.0,160.0,164.90627,4.9062652587890625,4.9062652587890625,Unhealthy,Unhealthy,0.0,4.9062652587890625,4.9062652587890625
Hyderabad,2026-03-06,88.0,78.0,97.25255,19.252548217773438,19.252548217773438,Moderate,Moderate,-10.0,9.252548217773438,19.252548217773438
Peshawar,2026-03-06,93.0,99.0,102.21247,3.2124710083007812,3.2124710083007812,Unhealthy for Sensitive Groups,Moderate,6.0,9.212471008300781,3.2124710083007812
Bahawalpur,2026-03-06,115.0,94.0,122.39234,28.39234161376953,28.39234161376953,Unhealthy for Sensitive Groups,Moderate,-21.0,7.392341613769531,28.39234161376953
Faisalabad,2026-03-06,167.0,162.0,169.0658,7.0657958984375,7.0657958984375,Unhealthy,Unhealthy,-5.0,2.0657958984375,7.0657958984375
Karachi,2026-03-06,76.0,96.0,93.4424,2.5576019287109375,-2.5576019287109375,Moderate,Moderate,20.0,17.442398071289062,-2.5576019287109375
Lahore,2026-03-06,176.0,157.0,164.28445,7.284454345703125,7.284454345703125,Unhealthy,Unhealthy,-19.0,-11.715545654296875,7.284454345703125
Multan,2026-03-06,162.0,154.0,151.0563,2.943695068359375,-2.943695068359375,Unhealthy,Unhealthy,-8.0,-10.943695068359375,-2.943695068359375
Rawalpindi,2026-03-06,109.0,114.0,124.38868,10.388679504394531,10.388679504394531,Unhealthy for Sensitive Groups,Unhealthy for Sensitive Groups,5.0,15.388679504394531,10.388679504394531
Islamabad,2026-03-06,109.0,114.0,126.83959,12.839591979980469,12.839591979980469,Unhealthy for Sensitive Groups,Unhealthy for Sensitive Groups,5.0,17.83959197998047,12.839591979980469
Bahawalpur,2026-03-07,94.0,157.0,113.74026,43.259742736816406,-43.259742736816406,Unhealthy for Sensitive Groups,Unhealthy,63.0,19.740257263183594,-43.259742736816406
Sialkot,2026-03-07,171.0,160.0,162.38908,2.3890838623046875,2.3890838623046875,Unhealthy,Unhealthy,-11.0,-8.610916137695312,2.3890838623046875
Gujranwala,2026-03-07,160.0,147.0,148.08908,1.089080810546875,1.089080810546875,Unhealthy for Sensitive Groups,Unhealthy for Sensitive Groups,-13.0,-11.910919189453125,1.089080810546875
Hyderabad,2026-03-07,78.0,86.0,90.451454,4.451454162597656,4.451454162597656,Moderate,Moderate,8.0,12.451454162597656,4.451454162597656
Peshawar,2026-03-07,99.0,100.0,117.00929,17.009292602539062,17.009292602539062,Unhealthy for Sensitive Groups,Moderate,1.0,18.009292602539062,17.009292602539062
Quetta,2026-03-07,78.0,79.0,79.16071,0.16071319580078125,0.16071319580078125,Moderate,Moderate,1.0,1.1607131958007812,0.16071319580078125
Faisalabad,2026-03-07,162.0,163.0,167.3214,4.3213958740234375,4.3213958740234375,Unhealthy,Unhealthy,1.0,5.3213958740234375,4.3213958740234375
Rawalpindi,2026-03-07,114.0,94.0,102.63116,8.631156921386719,8.631156921386719,Unhealthy for Sensitive Groups,Moderate,-20.0,-11.368843078613281,8.631156921386719
Islamabad,2026-03-07,114.0,94.0,102.28045,8.280448913574219,8.280448913574219,Unhealthy for Sensitive Groups,Moderate,-20.0,-11.719551086425781,8.280448913574219
Lahore,2026-03-07,157.0,169.0,142.29344,26.706558227539062,-26.706558227539062,Unhealthy for Sensitive Groups,Unhealthy,12.0,-14.706558227539062,-26.706558227539062
Karachi,2026-03-07,96.0,126.0,109.73333,16.26667022705078,-16.26667022705078,Unhealthy for Sensitive Groups,Unhealthy for Sensitive Groups,30.0,13.733329772949219,-16.26667022705078
Multan,2026-03-07,154.0,175.0,164.9544,10.04559326171875,-10.04559326171875,Unhealthy,Unhealthy,21.0,10.95440673828125,-10.04559326171875
Bahawalpur,2026-03-08,157.0,166.0,163.79208,2.207916259765625,-2.207916259765625,Unhealthy,Unhealthy,9.0,6.792083740234375,-2.207916259765625
Sialkot,2026-03-08,160.0,155.0,138.65562,16.344375610351562,-16.344375610351562,Unhealthy for Sensitive Groups,Unhealthy,-5.0,-21.344375610351562,-16.344375610351562
Gujranwala,2026-03-08,147.0,158.0,157.61497,0.3850250244140625,-0.3850250244140625,Unhealthy,Unhealthy,11.0,10.614974975585938,-0.3850250244140625
Hyderabad,2026-03-08,86.0,127.0,94.213585,32.786415100097656,-32.786415100097656,Moderate,Unhealthy for Sensitive Groups,41.0,8.213584899902344,-32.786415100097656
Quetta,2026-03-08,79.0,84.0,89.3439,5.343902587890625,5.343902587890625,Moderate,Moderate,5.0,10.343902587890625,5.343902587890625
Peshawar,2026-03-08,100.0,95.0,108.7651,13.765098571777344,13.765098571777344,Unhealthy for Sensitive Groups,Moderate,-5.0,8.765098571777344,13.765098571777344
Multan,2026-03-08,175.0,185.0,173.47008,11.529922485351562,-11.529922485351562,Unhealthy,Unhealthy,10.0,-1.5299224853515625,-11.529922485351562
Rawalpindi,2026-03-08,94.0,95.0,106.39583,11.395828247070312,11.395828247070312,Unhealthy for Sensitive Groups,Moderate,1.0,12.395828247070312,11.395828247070312
Islamabad,2026-03-08,94.0,95.0,104.59636,9.596359252929688,9.596359252929688,Unhealthy for Sensitive Groups,Moderate,1.0,10.596359252929688,9.596359252929688
Lahore,2026-03-08,169.0,170.0,176.65976,6.659759521484375,6.659759521484375,Unhealthy,Unhealthy,1.0,7.659759521484375,6.659759521484375
Karachi,2026-03-08,126.0,102.0,123.07454,21.074539184570312,21.074539184570312,Unhealthy for Sensitive Groups,Unhealthy for Sensitive Groups,-24.0,-2.9254608154296875,21.074539184570312
Faisalabad,2026-03-08,163.0,195.0,175.38675,19.613250732421875,-19.613250732421875,Unhealthy,Unhealthy,32.0,12.386749267578125,-19.613250732421875
Bahawalpur,2026-03-09,166.0,153.0,162.14949,9.149490356445312,9.149490356445312,Unhealthy,Unhealthy,-13.0,-3.8505096435546875,9.149490356445312
Sialkot,2026-03-09,155.0,164.0,163.71373,0.2862701416015625,-0.2862701416015625,Unhealthy,Unhealthy,9.0,8.713729858398438,-0.2862701416015625
Gujranwala,2026-03-09,158.0,163.0,163.10944,0.10943603515625,0.10943603515625,Unhealthy,Unhealthy,5.0,5.10943603515625,0.10943603515625
Hyderabad,2026-03-09,127.0,123.0,100.45635,22.54364776611328,-22.54364776611328,Unhealthy for Sensitive Groups,Unhealthy for Sensitive Groups,-4.0,-26.54364776611328,-22.54364776611328
Quetta,2026-03-09,84.0,110.0,86.29763,23.702369689941406,-23.702369689941406,Moderate,Unhealthy for Sensitive Groups,26.0,2.2976303100585938,-23.702369689941406
Peshawar,2026-03-09,95.0,116.0,92.88317,23.11682891845703,-23.11682891845703,Moderate,Unhealthy for Sensitive Groups,21.0,-2.1168289184570312,-23.11682891845703
Faisalabad,2026-03-09,195.0,193.0,192.45837,0.5416259765625,-0.5416259765625,Unhealthy,Unhealthy,-2.0,-2.5416259765625,-0.5416259765625
Rawalpindi,2026-03-09,95.0,95.0,109.06251,14.062507629394531,14.062507629394531,Unhealthy for Sensitive Groups,Moderate,0.0,14.062507629394531,14.062507629394531
Islamabad,2026-03-09,95.0,95.0,107.453835,12.453834533691406,12.453834533691406,Unhealthy for Sensitive Groups,Moderate,0.0,12.453834533691406,12.453834533691406
Lahore,2026-03-09,170.0,169.0,171.34677,2.346771240234375,2.346771240234375,Unhealthy,Unhealthy,-1.0,1.346771240234375,2.346771240234375
Karachi,2026-03-09,102.0,100.0,115.63948,15.639480590820312,15.639480590820312,Unhealthy for Sensitive Groups,Moderate,-2.0,13.639480590820312,15.639480590820312
Multan,2026-03-09,185.0,167.0,170.3638,3.363800048828125,3.363800048828125,Unhealthy,Unhealthy,-18.0,-14.636199951171875,3.363800048828125
Quetta,2026-03-10,110.0,142.0,101.56288,40.43711853027344,-40.43711853027344,Unhealthy for Sensitive Groups,Unhealthy for Sensitive Groups,32.0,-8.437118530273438,-40.43711853027344
Bahawalpur,2026-03-10,153.0,142.0,141.32797,0.672027587890625,-0.672027587890625,Unhealthy for Sensitive Groups,Unhealthy for Sensitive Groups,-11.0,-11.672027587890625,-0.672027587890625
Sialkot,2026-03-10,164.0,163.0,159.72826,3.2717437744140625,-3.2717437744140625,Unhealthy,Unhealthy,-1.0,-4.2717437744140625,-3.2717437744140625
Gujranwala,2026-03-10,163.0,165.0,162.23073,2.7692718505859375,-2.7692718505859375,Unhealthy,Unhealthy,2.0,-0.7692718505859375,-2.7692718505859375
Hyderabad,2026-03-10,123.0,82.0,112.34005,30.340049743652344,30.340049743652344,Unhealthy for Sensitive Groups,Moderate,-41.0,-10.659950256347656,30.340049743652344
Peshawar,2026-03-10,116.0,123.0,126.73678,3.7367782592773438,3.7367782592773438,Unhealthy for Sensitive Groups,Unhealthy for Sensitive Groups,7.0,10.736778259277344,3.7367782592773438
Islamabad,2026-03-10,95.0,90.0,98.67368,8.673683166503906,8.673683166503906,Moderate,Moderate,-5.0,3.6736831665039062,8.673683166503906
Faisalabad,2026-03-10,193.0,164.0,162.48093,1.519073486328125,-1.519073486328125,Unhealthy,Unhealthy,-29.0,-30.519073486328125,-1.519073486328125
Multan,2026-03-10,167.0,178.0,153.05977,24.940231323242188,-24.940231323242188,Unhealthy,Unhealthy,11.0,-13.940231323242188,-24.940231323242188
Lahore,2026-03-10,169.0,159.0,161.3228,2.3227996826171875,2.3227996826171875,Unhealthy,Unhealthy,-10.0,-7.6772003173828125,2.3227996826171875
Karachi,2026-03-10,100.0,97.0,87.90575,9.094253540039062,-9.094253540039062,Moderate,Moderate,-3.0,-12.094253540039062,-9.094253540039062
Rawalpindi,2026-03-10,95.0,90.0,100.34571,10.345710754394531,10.345710754394531,Unhealthy for Sensitive Groups,Moderate,-5.0,5.345710754394531,10.345710754394531
Bahawalpur,2026-03-11,142.0,149.0,152.68211,3.6821136474609375,3.6821136474609375,Unhealthy,Unhealthy for Sensitive Groups,7.0,10.682113647460938,3.6821136474609375
Sialkot,2026-03-11,163.0,137.0,145.86464,8.864639282226562,8.864639282226562,Unhealthy for Sensitive Groups,Unhealthy for Sensitive Groups,-26.0,-17.135360717773438,8.864639282226562
Gujranwala,2026-03-11,165.0,157.0,160.5524,3.552398681640625,3.552398681640625,Unhealthy,Unhealthy,-8.0,-4.447601318359375,3.552398681640625
Hyderabad,2026-03-11,82.0,118.0,92.72618,25.273818969726562,-25.273818969726562,Moderate,Unhealthy for Sensitive Groups,36.0,10.726181030273438,-25.273818969726562
Peshawar,2026-03-11,123.0,134.0,134.35611,0.356109619140625,0.356109619140625,Unhealthy for Sensitive Groups,Unhealthy for Sensitive Groups,11.0,11.356109619140625,0.356109619140625
Quetta,2026-03-11,142.0,129.0,131.78374,2.7837371826171875,2.7837371826171875,Unhealthy for Sensitive Groups,Unhealthy for Sensitive Groups,-13.0,-10.216262817382812,2.7837371826171875
Faisalabad,2026-03-11,164.0,161.0,169.76767,8.767669677734375,8.767669677734375,Unhealthy,Unhealthy,-3.0,5.767669677734375,8.767669677734375
Rawalpindi,2026-03-11,90.0,95.0,102.66037,7.660369873046875,7.660369873046875,Unhealthy for Sensitive Groups,Moderate,5.0,12.660369873046875,7.660369873046875
Islamabad,2026-03-11,90.0,95.0,97.87287,2.8728713989257812,2.8728713989257812,Moderate,Moderate,5.0,7.872871398925781,2.8728713989257812
Lahore,2026-03-11,159.0,163.0,163.88219,0.8821868896484375,0.8821868896484375,Unhealthy,Unhealthy,4.0,4.8821868896484375,0.8821868896484375
Karachi,2026-03-11,97.0,131.0,103.9749,27.025100708007812,-27.025100708007812,Unhealthy for Sensitive Groups,Unhealthy for Sensitive Groups,34.0,6.9748992919921875,-27.025100708007812
Multan,2026-03-11,178.0,174.0,175.181,1.180999755859375,1.180999755859375,Unhealthy,Unhealthy,-4.0,-2.819000244140625,1.180999755859375
Quetta,2026-03-12,129.0,145.0,100.4222,44.577796936035156,-44.577796936035156,Unhealthy for Sensitive Groups,Unhealthy for Sensitive Groups,16.0,-28.577796936035156,-44.577796936035156
Bahawalpur,2026-03-12,149.0,135.0,140.51782,5.517822265625,5.517822265625,Unhealthy for Sensitive Groups,Unhealthy for Sensitive Groups,-14.0,-8.482177734375,5.517822265625
Sialkot,2026-03-12,137.0,121.0,127.53274,6.532737731933594,6.532737731933594,Unhealthy for Sensitive Groups,Unhealthy for Sensitive Groups,-16.0,-9.467262268066406,6.532737731933594
Gujranwala,2026-03-12,157.0,133.0,131.87529,1.1247100830078125,-1.1247100830078125,Unhealthy for Sensitive Groups,Unhealthy for Sensitive Groups,-24.0,-25.124710083007812,-1.1247100830078125
Hyderabad,2026-03-12,118.0,119.0,125.30355,6.303550720214844,6.303550720214844,Unhealthy for Sensitive Groups,Unhealthy for Sensitive Groups,1.0,7.303550720214844,6.303550720214844
Peshawar,2026-03-12,134.0,107.0,114.27987,7.279869079589844,7.279869079589844,Unhealthy for Sensitive Groups,Unhealthy for Sensitive Groups,-27.0,-19.720130920410156,7.279869079589844
Faisalabad,2026-03-12,161.0,151.0,147.57666,3.42333984375,-3.42333984375,Unhealthy for Sensitive Groups,Unhealthy,-10.0,-13.42333984375,-3.42333984375
Rawalpindi,2026-03-12,95.0,108.0,108.40924,0.40924072265625,0.40924072265625,Unhealthy for Sensitive Groups,Unhealthy for Sensitive Groups,13.0,13.40924072265625,0.40924072265625
Islamabad,2026-03-12,95.0,108.0,106.81755,1.1824493408203125,-1.1824493408203125,Unhealthy for Sensitive Groups,Unhealthy for Sensitive Groups,13.0,11.817550659179688,-1.1824493408203125
Lahore,2026-03-12,163.0,153.0,152.11731,0.8826904296875,-0.8826904296875,Unhealthy,Unhealthy,-10.0,-10.8826904296875,-0.8826904296875
Karachi,2026-03-12,131.0,147.0,133.26544,13.73455810546875,-13.73455810546875,Unhealthy for Sensitive Groups,Unhealthy for Sensitive Groups,16.0,2.26544189453125,-13.73455810546875
Multan,2026-03-12,174.0,150.0,149.62752,0.3724822998046875,-0.3724822998046875,Unhealthy for Sensitive Groups,Unhealthy for Sensitive Groups,-24.0,-24.372482299804688,-0.3724822998046875
Bahawalpur,2026-03-13,135.0,97.0,124.42814,27.428138732910156,27.428138732910156,Unhealthy for Sensitive Groups,Moderate,-38.0,-10.571861267089844,27.428138732910156
Sialkot,2026-03-13,121.0,98.0,105.869934,7.86993408203125,7.86993408203125,Unhealthy for Sensitive Groups,Moderate,-23.0,-15.13006591796875,7.86993408203125
Gujranwala,2026-03-13,133.0,94.0,112.98361,18.983612060546875,18.983612060546875,Unhealthy for Sensitive Groups,Moderate,-39.0,-20.016387939453125,18.983612060546875
Hyderabad,2026-03-13,119.0,109.0,113.076256,4.076255798339844,4.076255798339844,Unhealthy for Sensitive Groups,Unhealthy for Sensitive Groups,-10.0,-5.923744201660156,4.076255798339844
Quetta,2026-03-13,145.0,116.0,119.64513,3.6451263427734375,3.6451263427734375,Unhealthy for Sensitive Groups,Unhealthy for Sensitive Groups,-29.0,-25.354873657226562,3.6451263427734375
Peshawar,2026-03-13,107.0,79.0,86.51423,7.514228820800781,7.514228820800781,Moderate,Moderate,-28.0,-20.48577117919922,7.514228820800781
Rawalpindi,2026-03-13,108.0,79.0,95.96849,16.968490600585938,16.968490600585938,Moderate,Moderate,-29.0,-12.031509399414062,16.968490600585938
Faisalabad,2026-03-13,151.0,161.0,147.78372,13.216278076171875,-13.216278076171875,Unhealthy for Sensitive Groups,Unhealthy,10.0,-3.216278076171875,-13.216278076171875
Islamabad,2026-03-13,108.0,79.0,94.03927,15.039268493652344,15.039268493652344,Moderate,Moderate,-29.0,-13.960731506347656,15.039268493652344
Lahore,2026-03-13,153.0,104.0,120.283646,16.283645629882812,16.283645629882812,Unhealthy for Sensitive Groups,Unhealthy for Sensitive Groups,-49.0,-32.71635437011719,16.283645629882812
Karachi,2026-03-13,147.0,147.0,151.11516,4.1151580810546875,4.1151580810546875,Unhealthy,Unhealthy for Sensitive Groups,0.0,4.1151580810546875,4.1151580810546875
Multan,2026-03-13,150.0,132.0,155.54085,23.540847778320312,23.540847778320312,Unhealthy,Unhealthy for Sensitive Groups,-18.0,5.5408477783203125,23.540847778320312
Gujranwala,2026-03-14,94.0,106.0,124.391304,18.39130401611328,18.39130401611328,Unhealthy for Sensitive Groups,Unhealthy for Sensitive Groups,12.0,30.39130401611328,18.39130401611328
Sialkot,2026-03-14,98.0,122.0,127.096756,5.0967559814453125,5.0967559814453125,Unhealthy for Sensitive Groups,Unhealthy for Sensitive Groups,24.0,29.096755981445312,5.0967559814453125
Islamabad,2026-03-14,79.0,95.0,96.72182,1.7218170166015625,1.7218170166015625,Moderate,Moderate,16.0,17.721817016601562,1.7218170166015625
Hyderabad,2026-03-14,109.0,91.0,94.908165,3.9081649780273438,3.9081649780273438,Moderate,Moderate,-18.0,-14.091835021972656,3.9081649780273438
Bahawalpur,2026-03-14,97.0,92.0,109.91567,17.915672302246094,17.915672302246094,Unhealthy for Sensitive Groups,Moderate,-5.0,12.915672302246094,17.915672302246094
Quetta,2026-03-14,116.0,104.0,91.96873,12.031272888183594,-12.031272888183594,Moderate,Unhealthy for Sensitive Groups,-12.0,-24.031272888183594,-12.031272888183594
Karachi,2026-03-14,147.0,93.0,99.60622,6.6062164306640625,6.6062164306640625,Moderate,Moderate,-54.0,-47.39378356933594,6.6062164306640625
Multan,2026-03-14,132.0,130.0,139.39267,9.392669677734375,9.392669677734375,Unhealthy for Sensitive Groups,Unhealthy for Sensitive Groups,-2.0,7.392669677734375,9.392669677734375
Faisalabad,2026-03-14,161.0,159.0,165.99219,6.9921875,6.9921875,Unhealthy,Unhealthy,-2.0,4.9921875,6.9921875
Rawalpindi,2026-03-14,79.0,95.0,101.495255,6.4952545166015625,6.4952545166015625,Unhealthy for Sensitive Groups,Moderate,16.0,22.495254516601562,6.4952545166015625
Lahore,2026-03-14,104.0,120.0,133.77376,13.773757934570312,13.773757934570312,Unhealthy for Sensitive Groups,Unhealthy for Sensitive Groups,16.0,29.773757934570312,13.773757934570312
Peshawar,2026-03-14,79.0,69.0,89.214584,20.214584350585938,20.214584350585938,Moderate,Moderate,-10.0,10.214584350585938,20.214584350585938
Bahawalpur,2026-03-15,92.0,90.0,107.53154,17.531539916992188,17.531539916992188,Unhealthy for Sensitive Groups,Moderate,-2.0,15.531539916992188,17.531539916992188
Gujranwala,2026-03-15,106.0,98.0,108.32322,10.323219299316406,10.323219299316406,Unhealthy for Sensitive Groups,Moderate,-8.0,2.3232192993164062,10.323219299316406
Hyderabad,2026-03-15,91.0,77.0,91.19452,14.19451904296875,14.19451904296875,Moderate,Moderate,-14.0,0.19451904296875,14.19451904296875
Quetta,2026-03-15,104.0,132.0,115.29301,16.706993103027344,-16.706993103027344,Unhealthy for Sensitive Groups,Unhealthy for Sensitive Groups,28.0,11.293006896972656,-16.706993103027344
Peshawar,2026-03-15,69.0,93.0,85.15779,7.8422088623046875,-7.8422088623046875,Moderate,Moderate,24.0,16.157791137695312,-7.8422088623046875
Sialkot,2026-03-15,122.0,106.0,111.17362,5.173622131347656,5.173622131347656,Unhealthy for Sensitive Groups,Unhealthy for Sensitive Groups,-16.0,-10.826377868652344,5.173622131347656
Faisalabad,2026-03-15,159.0,106.0,124.4024,18.40239715576172,18.40239715576172,Unhealthy for Sensitive Groups,Unhealthy for Sensitive Groups,-53.0,-34.59760284423828,18.40239715576172
Rawalpindi,2026-03-15,95.0,85.0,84.051765,0.9482345581054688,-0.9482345581054688,Moderate,Moderate,-10.0,-10.948234558105469,-0.9482345581054688
Islamabad,2026-03-15,95.0,85.0,82.791214,2.2087860107421875,-2.2087860107421875,Moderate,Moderate,-10.0,-12.208786010742188,-2.2087860107421875
Lahore,2026-03-15,120.0,106.0,125.443825,19.443824768066406,19.443824768066406,Unhealthy for Sensitive Groups,Unhealthy for Sensitive Groups,-14.0,5.443824768066406,19.443824768066406
Karachi,2026-03-15,93.0,70.0,97.09335,27.093353271484375,27.093353271484375,Moderate,Moderate,-23.0,4.093353271484375,27.093353271484375
Multan,2026-03-15,130.0,120.0,134.25615,14.256149291992188,14.256149291992188,Unhealthy for Sensitive Groups,Unhealthy for Sensitive Groups,-10.0,4.2561492919921875,14.256149291992188
Bahawalpur,2026-03-16,90.0,95.0,115.58564,20.58563995361328,20.58563995361328,Unhealthy for Sensitive Groups,Moderate,5.0,25.58563995361328,20.58563995361328
Sialkot,2026-03-16,106.0,98.0,109.82429,11.824287414550781,11.824287414550781,Unhealthy for Sensitive Groups,Moderate,-8.0,3.8242874145507812,11.824287414550781
Gujranwala,2026-03-16,98.0,89.0,110.22416,21.224159240722656,21.224159240722656,Unhealthy for Sensitive Groups,Moderate,-9.0,12.224159240722656,21.224159240722656
Hyderabad,2026-03-16,77.0,92.0,91.045975,0.9540252685546875,-0.9540252685546875,Moderate,Moderate,15.0,14.045974731445312,-0.9540252685546875
Quetta,2026-03-16,132.0,89.0,108.31695,19.31694793701172,19.31694793701172,Unhealthy for Sensitive Groups,Moderate,-43.0,-23.68305206298828,19.31694793701172
Peshawar,2026-03-16,93.0,129.0,101.7265,27.27349853515625,-27.27349853515625,Unhealthy for Sensitive Groups,Unhealthy for Sensitive Groups,36.0,8.72650146484375,-27.27349853515625
Rawalpindi,2026-03-16,85.0,102.0,102.18295,0.182952880859375,0.182952880859375,Unhealthy for Sensitive Groups,Unhealthy for Sensitive Groups,17.0,17.182952880859375,0.182952880859375
Faisalabad,2026-03-16,106.0,121.0,129.07198,8.071975708007812,8.071975708007812,Unhealthy for Sensitive Groups,Unhealthy for Sensitive Groups,15.0,23.071975708007812,8.071975708007812
Islamabad,2026-03-16,85.0,102.0,101.67388,0.32611846923828125,-0.32611846923828125,Unhealthy for Sensitive Groups,Unhealthy for Sensitive Groups,17.0,16.67388153076172,-0.32611846923828125
Lahore,2026-03-16,106.0,105.0,119.94926,14.949256896972656,14.949256896972656,Unhealthy for Sensitive Groups,Unhealthy for Sensitive Groups,-1.0,13.949256896972656,14.949256896972656
Karachi,2026-03-16,70.0,72.0,90.933014,18.933013916015625,18.933013916015625,Moderate,Moderate,2.0,20.933013916015625,18.933013916015625
Multan,2026-03-16,120.0,108.0,113.36921,5.369209289550781,5.369209289550781,Unhealthy for Sensitive Groups,Unhealthy for Sensitive Groups,-12.0,-6.630790710449219,5.369209289550781
Gujranwala,2026-03-17,89.0,107.0,118.38797,11.387969970703125,11.387969970703125,Unhealthy for Sensitive Groups,Unhealthy for Sensitive Groups,18.0,29.387969970703125,11.387969970703125
Sialkot,2026-03-17,98.0,136.0,129.76276,6.23724365234375,-6.23724365234375,Unhealthy for Sensitive Groups,Unhealthy for Sensitive Groups,38.0,31.76275634765625,-6.23724365234375
Islamabad,2026-03-17,102.0,94.0,106.40496,12.404960632324219,12.404960632324219,Unhealthy for Sensitive Groups,Moderate,-8.0,4.404960632324219,12.404960632324219
Hyderabad,2026-03-17,92.0,68.0,90.88945,22.889450073242188,22.889450073242188,Moderate,Moderate,-24.0,-1.1105499267578125,22.889450073242188
Bahawalpur,2026-03-17,95.0,88.0,109.759254,21.759254455566406,21.759254455566406,Unhealthy for Sensitive Groups,Moderate,-7.0,14.759254455566406,21.759254455566406
Quetta,2026-03-17,89.0,91.0,105.688705,14.688705444335938,14.688705444335938,Unhealthy for Sensitive Groups,Moderate,2.0,16.688705444335938,14.688705444335938
Karachi,2026-03-17,72.0,80.0,84.277306,4.277305603027344,4.277305603027344,Moderate,Moderate,8.0,12.277305603027344,4.277305603027344
Multan,2026-03-17,108.0,97.0,121.925415,24.9254150390625,24.9254150390625,Unhealthy for Sensitive Groups,Moderate,-11.0,13.9254150390625,24.9254150390625
Lahore,2026-03-17,105.0,119.0,131.60004,12.60003662109375,12.60003662109375,Unhealthy for Sensitive Groups,Unhealthy for Sensitive Groups,14.0,26.60003662109375,12.60003662109375
Peshawar,2026-03-17,129.0,122.0,130.40163,8.401626586914062,8.401626586914062,Unhealthy for Sensitive Groups,Unhealthy for Sensitive Groups,-7.0,1.4016265869140625,8.401626586914062
Faisalabad,2026-03-17,121.0,150.0,148.04912,1.9508819580078125,-1.9508819580078125,Unhealthy for Sensitive Groups,Unhealthy for Sensitive Groups,29.0,27.049118041992188,-1.9508819580078125
Rawalpindi,2026-03-17,102.0,94.0,106.8331,12.833099365234375,12.833099365234375,Unhealthy for Sensitive Groups,Moderate,-8.0,4.833099365234375,12.833099365234375
Bahawalpur,2026-03-18,88.0,108.0,113.38956,5.389556884765625,5.389556884765625,Unhealthy for Sensitive Groups,Unhealthy for Sensitive Groups,20.0,25.389556884765625,5.389556884765625
Sialkot,2026-03-18,136.0,106.0,113.69077,7.690773010253906,7.690773010253906,Unhealthy for Sensitive Groups,Unhealthy for Sensitive Groups,-30.0,-22.309226989746094,7.690773010253906
Gujranwala,2026-03-18,107.0,103.0,118.13566,15.135658264160156,15.135658264160156,Unhealthy for Sensitive Groups,Unhealthy for Sensitive Groups,-4.0,11.135658264160156,15.135658264160156
Hyderabad,2026-03-18,68.0,76.0,75.9308,0.0691986083984375,-0.0691986083984375,Moderate,Moderate,8.0,7.9308013916015625,-0.0691986083984375
Peshawar,2026-03-18,122.0,82.0,92.18535,10.185348510742188,10.185348510742188,Moderate,Moderate,-40.0,-29.814651489257812,10.185348510742188
Quetta,2026-03-18,91.0,87.0,106.517815,19.51781463623047,19.51781463623047,Unhealthy for Sensitive Groups,Moderate,-4.0,15.517814636230469,19.51781463623047
Faisalabad,2026-03-18,150.0,141.0,146.2269,5.226898193359375,5.226898193359375,Unhealthy for Sensitive Groups,Unhealthy for Sensitive Groups,-9.0,-3.773101806640625,5.226898193359375
Rawalpindi,2026-03-18,94.0,90.0,92.76923,2.7692337036132812,2.7692337036132812,Moderate,Moderate,-4.0,-1.2307662963867188,2.7692337036132812
Islamabad,2026-03-18,94.0,90.0,91.60508,1.6050796508789062,1.6050796508789062,Moderate,Moderate,-4.0,-2.3949203491210938,1.6050796508789062
Lahore,2026-03-18,119.0,101.0,115.21457,14.214569091796875,14.214569091796875,Unhealthy for Sensitive Groups,Unhealthy for Sensitive Groups,-18.0,-3.785430908203125,14.214569091796875
Karachi,2026-03-18,80.0,85.0,96.2775,11.277496337890625,11.277496337890625,Moderate,Moderate,5.0,16.277496337890625,11.277496337890625
Multan,2026-03-18,97.0,104.0,118.14309,14.143089294433594,14.143089294433594,Unhealthy for Sensitive Groups,Unhealthy for Sensitive Groups,7.0,21.143089294433594,14.143089294433594
Quetta,2026-03-19,87.0,87.0,85.71438,1.2856216430664062,-1.2856216430664062,Moderate,Moderate,0.0,-1.2856216430664062,-1.2856216430664062
Bahawalpur,2026-03-19,108.0,115.0,109.44685,5.5531463623046875,-5.5531463623046875,Unhealthy for Sensitive Groups,Unhealthy for Sensitive Groups,7.0,1.4468536376953125,-5.5531463623046875
Sialkot,2026-03-19,106.0,120.0,108.00301,11.996986389160156,-11.996986389160156,Unhealthy for Sensitive Groups,Unhealthy for Sensitive Groups,14.0,2.0030136108398438,-11.996986389160156
Gujranwala,2026-03-19,103.0,120.0,110.912865,9.087135314941406,-9.087135314941406,Unhealthy for Sensitive Groups,Unhealthy for Sensitive Groups,17.0,7.912864685058594,-9.087135314941406
Hyderabad,2026-03-19,76.0,85.0,90.20519,5.205192565917969,5.205192565917969,Moderate,Moderate,9.0,14.205192565917969,5.205192565917969
Peshawar,2026-03-19,82.0,107.0,89.34082,17.6591796875,-17.6591796875,Moderate,Unhealthy for Sensitive Groups,25.0,7.3408203125,-17.6591796875
Lahore,2026-03-19,101.0,118.0,113.61202,4.387977600097656,-4.387977600097656,Unhealthy for Sensitive Groups,Unhealthy for Sensitive Groups,17.0,12.612022399902344,-4.387977600097656
Faisalabad,2026-03-19,141.0,150.0,143.08978,6.91021728515625,-6.91021728515625,Unhealthy for Sensitive Groups,Unhealthy for Sensitive Groups,9.0,2.08978271484375,-6.91021728515625
Rawalpindi,2026-03-19,90.0,115.0,100.93161,14.068389892578125,-14.068389892578125,Unhealthy for Sensitive Groups,Unhealthy for Sensitive Groups,25.0,10.931610107421875,-14.068389892578125
Islamabad,2026-03-19,90.0,115.0,100.58798,14.412017822265625,-14.412017822265625,Unhealthy for Sensitive Groups,Unhealthy for Sensitive Groups,25.0,10.587982177734375,-14.412017822265625
Karachi,2026-03-19,85.0,100.0,102.13061,2.1306076049804688,2.1306076049804688,Unhealthy for Sensitive Groups,Moderate,15.0,17.13060760498047,2.1306076049804688
Multan,2026-03-19,104.0,151.0,123.04037,27.959632873535156,-27.959632873535156,Unhealthy for Sensitive Groups,Unhealthy,47.0,19.040367126464844,-27.959632873535156
Quetta,2026-03-20,87.0,84.0,97.27088,13.270881652832031,13.270881652832031,Moderate,Moderate,-3.0,10.270881652832031,13.270881652832031
Sialkot,2026-03-20,120.0,134.0,116.016495,17.983505249023438,-17.983505249023438,Unhealthy for Sensitive Groups,Unhealthy for Sensitive Groups,14.0,-3.9835052490234375,-17.983505249023438
Gujranwala,2026-03-20,120.0,134.0,125.49359,8.50640869140625,-8.50640869140625,Unhealthy for Sensitive Groups,Unhealthy for Sensitive Groups,14.0,5.49359130859375,-8.50640869140625
Hyderabad,2026-03-20,85.0,82.0,91.686005,9.686004638671875,9.686004638671875,Moderate,Moderate,-3.0,6.686004638671875,9.686004638671875
Bahawalpur,2026-03-20,115.0,104.0,116.07356,12.073562622070312,12.073562622070312,Unhealthy for Sensitive Groups,Unhealthy for Sensitive Groups,-11.0,1.0735626220703125,12.073562622070312
Peshawar,2026-03-20,107.0,122.0,111.015205,10.984794616699219,-10.984794616699219,Unhealthy for Sensitive Groups,Unhealthy for Sensitive Groups,15.0,4.015205383300781,-10.984794616699219
Faisalabad,2026-03-20,150.0,164.0,153.19247,10.807525634765625,-10.807525634765625,Unhealthy,Unhealthy,14.0,3.192474365234375,-10.807525634765625
Rawalpindi,2026-03-20,115.0,109.0,118.80344,9.803436279296875,9.803436279296875,Unhealthy for Sensitive Groups,Unhealthy for Sensitive Groups,-6.0,3.803436279296875,9.803436279296875
Islamabad,2026-03-20,115.0,109.0,115.91439,6.914390563964844,6.914390563964844,Unhealthy for Sensitive Groups,Unhealthy for Sensitive Groups,-6.0,0.9143905639648438,6.914390563964844
Lahore,2026-03-20,118.0,139.0,128.37447,10.625534057617188,-10.625534057617188,Unhealthy for Sensitive Groups,Unhealthy for Sensitive Groups,21.0,10.374465942382812,-10.625534057617188
Karachi,2026-03-20,100.0,91.0,100.30109,9.30108642578125,9.30108642578125,Unhealthy for Sensitive Groups,Moderate,-9.0,0.30108642578125,9.30108642578125
Multan,2026-03-20,151.0,136.0,134.9308,1.0691986083984375,-1.0691986083984375,Unhealthy for Sensitive Groups,Unhealthy for Sensitive Groups,-15.0,-16.069198608398438,-1.0691986083984375
Sialkot,2026-03-21,134.0,154.0,148.31015,5.689849853515625,-5.689849853515625,Unhealthy for Sensitive Groups,Unhealthy,20.0,14.310150146484375,-5.689849853515625
Gujranwala,2026-03-21,134.0,155.0,148.67174,6.3282623291015625,-6.3282623291015625,Unhealthy for Sensitive Groups,Unhealthy,21.0,14.671737670898438,-6.3282623291015625
Hyderabad,2026-03-21,82.0,73.0,80.47572,7.4757232666015625,7.4757232666015625,Moderate,Moderate,-9.0,-1.5242767333984375,7.4757232666015625
Quetta,2026-03-21,84.0,73.0,80.98912,7.9891204833984375,7.9891204833984375,Moderate,Moderate,-11.0,-3.0108795166015625,7.9891204833984375
Peshawar,2026-03-21,122.0,124.0,136.03435,12.034347534179688,12.034347534179688,Unhealthy for Sensitive Groups,Unhealthy for Sensitive Groups,2.0,14.034347534179688,12.034347534179688
Bahawalpur,2026-03-21,104.0,122.0,103.11345,18.886550903320312,-18.886550903320312,Unhealthy for Sensitive Groups,Unhealthy for Sensitive Groups,18.0,-0.8865509033203125,-18.886550903320312
Faisalabad,2026-03-21,164.0,173.0,169.36627,3.63372802734375,-3.63372802734375,Unhealthy,Unhealthy,9.0,5.36627197265625,-3.63372802734375
Rawalpindi,2026-03-21,109.0,114.0,118.57453,4.574531555175781,4.574531555175781,Unhealthy for Sensitive Groups,Unhealthy for Sensitive Groups,5.0,9.574531555175781,4.574531555175781
Islamabad,2026-03-21,109.0,114.0,118.74203,4.742027282714844,4.742027282714844,Unhealthy for Sensitive Groups,Unhealthy for Sensitive Groups,5.0,9.742027282714844,4.742027282714844
Lahore,2026-03-21,139.0,162.0,154.02452,7.9754791259765625,-7.9754791259765625,Unhealthy,Unhealthy,23.0,15.024520874023438,-7.9754791259765625
Karachi,2026-03-21,91.0,82.0,90.987045,8.987045288085938,8.987045288085938,Moderate,Moderate,-9.0,-0.0129547119140625,8.987045288085938
Multan,2026-03-21,136.0,128.0,119.99392,8.006080627441406,-8.006080627441406,Unhealthy for Sensitive Groups,Unhealthy for Sensitive Groups,-8.0,-16.006080627441406,-8.006080627441406
Bahawalpur,2026-03-22,122.0,128.0,129.82727,1.8272705078125,1.8272705078125,Unhealthy for Sensitive Groups,Unhealthy for Sensitive Groups,6.0,7.8272705078125,1.8272705078125
Sialkot,2026-03-22,154.0,133.0,141.5231,8.523101806640625,8.523101806640625,Unhealthy for Sensitive Groups,Unhealthy for Sensitive Groups,-21.0,-12.476898193359375,8.523101806640625
Gujranwala,2026-03-22,155.0,140.0,150.78935,10.789352416992188,10.789352416992188,Unhealthy,Unhealthy for Sensitive Groups,-15.0,-4.2106475830078125,10.789352416992188
Hyderabad,2026-03-22,73.0,73.0,77.75119,4.751190185546875,4.751190185546875,Moderate,Moderate,0.0,4.751190185546875,4.751190185546875
Quetta,2026-03-22,73.0,76.0,87.69268,11.692680358886719,11.692680358886719,Moderate,Moderate,3.0,14.692680358886719,11.692680358886719
Peshawar,2026-03-22,124.0,108.0,124.04322,16.04322052001953,16.04322052001953,Unhealthy for Sensitive Groups,Unhealthy for Sensitive Groups,-16.0,0.04322052001953125,16.04322052001953
Multan,2026-03-22,128.0,158.0,139.5952,18.404800415039062,-18.404800415039062,Unhealthy for Sensitive Groups,Unhealthy,30.0,11.595199584960938,-18.404800415039062
Rawalpindi,2026-03-22,114.0,106.0,114.34625,8.34625244140625,8.34625244140625,Unhealthy for Sensitive Groups,Unhealthy for Sensitive Groups,-8.0,0.34625244140625,8.34625244140625
Islamabad,2026-03-22,114.0,106.0,114.25397,8.25396728515625,8.25396728515625,Unhealthy for Sensitive Groups,Unhealthy for Sensitive Groups,-8.0,0.25396728515625,8.25396728515625
Lahore,2026-03-22,162.0,156.0,161.90276,5.9027557373046875,5.9027557373046875,Unhealthy,Unhealthy,-6.0,-0.0972442626953125,5.9027557373046875
Karachi,2026-03-22,82.0,82.0,89.02537,7.025367736816406,7.025367736816406,Moderate,Moderate,0.0,7.025367736816406,7.025367736816406
Faisalabad,2026-03-22,173.0,163.0,164.84044,1.8404388427734375,1.8404388427734375,Unhealthy,Unhealthy,-10.0,-8.159561157226562,1.8404388427734375
Bahawalpur,2026-03-23,128.0,118.0,126.66953,8.669532775878906,8.669532775878906,Unhealthy for Sensitive Groups,Unhealthy for Sensitive Groups,-10.0,-1.3304672241210938,8.669532775878906
Sialkot,2026-03-23,133.0,116.0,131.64809,15.648086547851562,15.648086547851562,Unhealthy for Sensitive Groups,Unhealthy for Sensitive Groups,-17.0,-1.3519134521484375,15.648086547851562
Gujranwala,2026-03-23,140.0,111.0,123.651184,12.65118408203125,12.65118408203125,Unhealthy for Sensitive Groups,Unhealthy for Sensitive Groups,-29.0,-16.34881591796875,12.65118408203125
Hyderabad,2026-03-23,73.0,66.0,75.30618,9.306182861328125,9.306182861328125,Moderate,Moderate,-7.0,2.306182861328125,9.306182861328125
Quetta,2026-03-23,76.0,68.0,84.6506,16.650596618652344,16.650596618652344,Moderate,Moderate,-8.0,8.650596618652344,16.650596618652344
Peshawar,2026-03-23,108.0,143.0,109.51154,33.48845672607422,-33.48845672607422,Unhealthy for Sensitive Groups,Unhealthy for Sensitive Groups,35.0,1.5115432739257812,-33.48845672607422
Multan,2026-03-23,158.0,155.0,152.29376,2.70623779296875,-2.70623779296875,Unhealthy,Unhealthy,-3.0,-5.70623779296875,-2.70623779296875
Rawalpindi,2026-03-23,106.0,108.0,98.3349,9.66510009765625,-9.66510009765625,Moderate,Unhealthy for Sensitive Groups,2.0,-7.66510009765625,-9.66510009765625
Islamabad,2026-03-23,106.0,108.0,96.22048,11.779518127441406,-11.779518127441406,Moderate,Unhealthy for Sensitive Groups,2.0,-9.779518127441406,-11.779518127441406
Lahore,2026-03-23,156.0,131.0,144.85881,13.858810424804688,13.858810424804688,Unhealthy for Sensitive Groups,Unhealthy for Sensitive Groups,-25.0,-11.141189575195312,13.858810424804688
Karachi,2026-03-23,82.0,61.0,76.572975,15.572975158691406,15.572975158691406,Moderate,Moderate,-21.0,-5.427024841308594,15.572975158691406
Faisalabad,2026-03-23,163.0,144.0,149.62576,5.625762939453125,5.625762939453125,Unhealthy for Sensitive Groups,Unhealthy for Sensitive Groups,-19.0,-13.374237060546875,5.625762939453125
Bahawalpur,2026-03-24,118.0,77.0,96.73022,19.73021697998047,19.73021697998047,Moderate,Moderate,-41.0,-21.26978302001953,19.73021697998047
Sialkot,2026-03-24,116.0,140.0,114.621284,25.37871551513672,-25.37871551513672,Unhealthy for Sensitive Groups,Unhealthy for Sensitive Groups,24.0,-1.3787155151367188,-25.37871551513672
Gujranwala,2026-03-24,111.0,126.0,119.35301,6.6469879150390625,-6.6469879150390625,Unhealthy for Sensitive Groups,Unhealthy for Sensitive Groups,15.0,8.353012084960938,-6.6469879150390625
Hyderabad,2026-03-24,66.0,61.0,65.92524,4.925239562988281,4.925239562988281,Moderate,Moderate,-5.0,-0.07476043701171875,4.925239562988281
Quetta,2026-03-24,68.0,86.0,68.121765,17.87823486328125,-17.87823486328125,Moderate,Moderate,18.0,0.12176513671875,-17.87823486328125
Peshawar,2026-03-24,143.0,104.0,125.88474,21.884742736816406,21.884742736816406,Unhealthy for Sensitive Groups,Unhealthy for Sensitive Groups,-39.0,-17.115257263183594,21.884742736816406
Faisalabad,2026-03-24,144.0,141.0,154.95918,13.959182739257812,13.959182739257812,Unhealthy,Unhealthy for Sensitive Groups,-3.0,10.959182739257812,13.959182739257812
Rawalpindi,2026-03-24,108.0,100.0,105.60978,5.609779357910156,5.609779357910156,Unhealthy for Sensitive Groups,Moderate,-8.0,-2.3902206420898438,5.609779357910156
Islamabad,2026-03-24,108.0,100.0,103.95116,3.9511566162109375,3.9511566162109375,Unhealthy for Sensitive Groups,Moderate,-8.0,-4.0488433837890625,3.9511566162109375
Lahore,2026-03-24,131.0,155.0,126.34553,28.65447235107422,-28.65447235107422,Unhealthy for Sensitive Groups,Unhealthy,24.0,-4.654472351074219,-28.65447235107422
Karachi,2026-03-24,61.0,70.0,69.778984,0.22101593017578125,-0.22101593017578125,Moderate,Moderate,9.0,8.778984069824219,-0.22101593017578125
Multan,2026-03-24,155.0,104.0,114.019264,10.019264221191406,10.019264221191406,Unhealthy for Sensitive Groups,Unhealthy for Sensitive Groups,-51.0,-40.980735778808594,10.019264221191406
Quetta,2026-03-25,86.0,132.0,96.51028,35.489723205566406,-35.489723205566406,Moderate,Unhealthy for Sensitive Groups,46.0,10.510276794433594,-35.489723205566406
Bahawalpur,2026-03-25,77.0,94.0,84.78839,9.21160888671875,-9.21160888671875,Moderate,Moderate,17.0,7.78839111328125,-9.21160888671875
Sialkot,2026-03-25,140.0,124.0,125.39301,1.3930130004882812,1.3930130004882812,Unhealthy for Sensitive Groups,Unhealthy for Sensitive Groups,-16.0,-14.606986999511719,1.3930130004882812
Gujranwala,2026-03-25,126.0,101.0,121.056656,20.056655883789062,20.056655883789062,Unhealthy for Sensitive Groups,Unhealthy for Sensitive Groups,-25.0,-4.9433441162109375,20.056655883789062
Hyderabad,2026-03-25,61.0,67.0,70.444565,3.4445648193359375,3.4445648193359375,Moderate,Moderate,6.0,9.444564819335938,3.4445648193359375
Peshawar,2026-03-25,104.0,92.0,101.58559,9.585586547851562,9.585586547851562,Unhealthy for Sensitive Groups,Moderate,-12.0,-2.4144134521484375,9.585586547851562
Karachi,2026-03-25,70.0,83.0,79.80718,3.1928176879882812,-3.1928176879882812,Moderate,Moderate,13.0,9.807182312011719,-3.1928176879882812
Faisalabad,2026-03-25,141.0,125.0,138.90254,13.902542114257812,13.902542114257812,Unhealthy for Sensitive Groups,Unhealthy for Sensitive Groups,-16.0,-2.0974578857421875,13.902542114257812
Rawalpindi,2026-03-25,100.0,99.0,103.790634,4.7906341552734375,4.7906341552734375,Unhealthy for Sensitive Groups,Moderate,-1.0,3.7906341552734375,4.7906341552734375
Islamabad,2026-03-25,100.0,99.0,107.46869,8.46868896484375,8.46868896484375,Unhealthy for Sensitive Groups,Moderate,-1.0,7.46868896484375,8.46868896484375
Lahore,2026-03-25,155.0,98.0,148.18263,50.18263244628906,50.18263244628906,Unhealthy for Sensitive Groups,Moderate,-57.0,-6.8173675537109375,50.18263244628906
Multan,2026-03-25,104.0,101.0,120.92085,19.920852661132812,19.920852661132812,Unhealthy for Sensitive Groups,Unhealthy for Sensitive Groups,-3.0,16.920852661132812,19.920852661132812
Quetta,2026-03-26,132.0,121.0,110.951126,10.048873901367188,-10.048873901367188,Unhealthy for Sensitive Groups,Unhealthy for Sensitive Groups,-11.0,-21.048873901367188,-10.048873901367188
Bahawalpur,2026-03-26,94.0,91.0,98.22682,7.2268218994140625,7.2268218994140625,Moderate,Moderate,-3.0,4.2268218994140625,7.2268218994140625
Sialkot,2026-03-26,124.0,129.0,101.23559,27.76441192626953,-27.76441192626953,Unhealthy for Sensitive Groups,Unhealthy for Sensitive Groups,5.0,-22.76441192626953,-27.76441192626953
Gujranwala,2026-03-26,101.0,115.0,97.31107,17.688926696777344,-17.688926696777344,Moderate,Unhealthy for Sensitive Groups,14.0,-3.6889266967773438,-17.688926696777344
Hyderabad,2026-03-26,67.0,90.0,69.43705,20.562950134277344,-20.562950134277344,Moderate,Moderate,23.0,2.4370498657226562,-20.562950134277344
Peshawar,2026-03-26,92.0,106.0,86.19404,19.80596160888672,-19.80596160888672,Moderate,Unhealthy for Sensitive Groups,14.0,-5.805961608886719,-19.80596160888672
Multan,2026-03-26,101.0,90.0,94.320946,4.320945739746094,4.320945739746094,Moderate,Moderate,-11.0,-6.679054260253906,4.320945739746094
Faisalabad,2026-03-26,125.0,112.0,109.963264,2.0367355346679688,-2.0367355346679688,Unhealthy for Sensitive Groups,Unhealthy for Sensitive Groups,-13.0,-15.036735534667969,-2.0367355346679688
Rawalpindi,2026-03-26,99.0,131.0,114.56569,16.434310913085938,-16.434310913085938,Unhealthy for Sensitive Groups,Unhealthy for Sensitive Groups,32.0,15.565689086914062,-16.434310913085938
Islamabad,2026-03-26,99.0,131.0,115.56905,15.430946350097656,-15.430946350097656,Unhealthy for Sensitive Groups,Unhealthy for Sensitive Groups,32.0,16.569053649902344,-15.430946350097656
Lahore,2026-03-26,98.0,129.0,105.06003,23.939971923828125,-23.939971923828125,Unhealthy for Sensitive Groups,Unhealthy for Sensitive Groups,31.0,7.060028076171875,-23.939971923828125
Karachi,2026-03-26,83.0,78.0,85.99479,7.994789123535156,7.994789123535156,Moderate,Moderate,-5.0,2.9947891235351562,7.994789123535156
Sialkot,2026-03-27,129.0,147.0,125.282936,21.717063903808594,-21.717063903808594,Unhealthy for Sensitive Groups,Unhealthy for Sensitive Groups,18.0,-3.7170639038085938,-21.717063903808594
Gujranwala,2026-03-27,115.0,123.0,118.03073,4.969268798828125,-4.969268798828125,Unhealthy for Sensitive Groups,Unhealthy for Sensitive Groups,8.0,3.030731201171875,-4.969268798828125
Hyderabad,2026-03-27,90.0,63.0,82.30291,19.30290985107422,19.30290985107422,Moderate,Moderate,-27.0,-7.697090148925781,19.30290985107422
Quetta,2026-03-27,121.0,158.0,109.373,48.62699890136719,-48.62699890136719,Unhealthy for Sensitive Groups,Unhealthy,37.0,-11.626998901367188,-48.62699890136719
Peshawar,2026-03-27,106.0,118.0,103.62337,14.376632690429688,-14.376632690429688,Unhealthy for Sensitive Groups,Unhealthy for Sensitive Groups,12.0,-2.3766326904296875,-14.376632690429688
Bahawalpur,2026-03-27,91.0,74.0,86.848076,12.848075866699219,12.848075866699219,Moderate,Moderate,-17.0,-4.151924133300781,12.848075866699219
Faisalabad,2026-03-27,112.0,156.0,125.2356,30.76439666748047,-30.76439666748047,Unhealthy for Sensitive Groups,Unhealthy,44.0,13.235603332519531,-30.76439666748047
Rawalpindi,2026-03-27,131.0,100.0,132.33641,32.33641052246094,32.33641052246094,Unhealthy for Sensitive Groups,Moderate,-31.0,1.3364105224609375,32.33641052246094
Islamabad,2026-03-27,131.0,100.0,131.8003,31.80029296875,31.80029296875,Unhealthy for Sensitive Groups,Moderate,-31.0,0.80029296875,31.80029296875
Lahore,2026-03-27,129.0,153.0,148.05038,4.949615478515625,-4.949615478515625,Unhealthy for Sensitive Groups,Unhealthy,24.0,19.050384521484375,-4.949615478515625
Karachi,2026-03-27,78.0,58.0,68.23704,10.237037658691406,10.237037658691406,Moderate,Moderate,-20.0,-9.762962341308594,10.237037658691406
Multan,2026-03-27,90.0,87.0,104.2031,17.203102111816406,17.203102111816406,Unhealthy for Sensitive Groups,Moderate,-3.0,14.203102111816406,17.203102111816406
Bahawalpur,2026-03-28,74.0,88.0,98.60228,10.602279663085938,10.602279663085938,Moderate,Moderate,14.0,24.602279663085938,10.602279663085938
Sialkot,2026-03-28,147.0,124.0,142.19072,18.190719604492188,18.190719604492188,Unhealthy for Sensitive Groups,Unhealthy for Sensitive Groups,-23.0,-4.8092803955078125,18.190719604492188
Gujranwala,2026-03-28,123.0,93.0,140.358,47.358001708984375,47.358001708984375,Unhealthy for Sensitive Groups,Moderate,-30.0,17.358001708984375,47.358001708984375
Hyderabad,2026-03-28,63.0,101.0,58.536674,42.46332550048828,-42.46332550048828,Moderate,Unhealthy for Sensitive Groups,38.0,-4.463325500488281,-42.46332550048828
Quetta,2026-03-28,158.0,168.0,139.3644,28.635604858398438,-28.635604858398438,Unhealthy for Sensitive Groups,Unhealthy,10.0,-18.635604858398438,-28.635604858398438
Peshawar,2026-03-28,118.0,109.0,115.95133,6.951332092285156,6.951332092285156,Unhealthy for Sensitive Groups,Unhealthy for Sensitive Groups,-9.0,-2.0486679077148438,6.951332092285156
Multan,2026-03-28,87.0,94.0,108.201744,14.201744079589844,14.201744079589844,Unhealthy for Sensitive Groups,Moderate,7.0,21.201744079589844,14.201744079589844
Rawalpindi,2026-03-28,100.0,79.0,96.41255,17.412551879882812,17.412551879882812,Moderate,Moderate,-21.0,-3.5874481201171875,17.412551879882812
Islamabad,2026-03-28,100.0,79.0,95.94579,16.94579315185547,16.94579315185547,Moderate,Moderate,-21.0,-4.054206848144531,16.94579315185547
Lahore,2026-03-28,153.0,99.0,144.24135,45.24134826660156,45.24134826660156,Unhealthy for Sensitive Groups,Moderate,-54.0,-8.758651733398438,45.24134826660156
Karachi,2026-03-28,58.0,98.0,61.49356,36.506439208984375,-36.506439208984375,Moderate,Moderate,40.0,3.493560791015625,-36.506439208984375
Faisalabad,2026-03-28,156.0,136.0,141.10878,5.1087799072265625,5.1087799072265625,Unhealthy for Sensitive Groups,Unhealthy for Sensitive Groups,-20.0,-14.891220092773438,5.1087799072265625
Quetta,2026-03-29,168.0,113.0,128.0074,15.007400512695312,15.007400512695312,Unhealthy for Sensitive Groups,Unhealthy for Sensitive Groups,-55.0,-39.99259948730469,15.007400512695312
Sialkot,2026-03-29,124.0,90.0,103.706566,13.706565856933594,13.706565856933594,Unhealthy for Sensitive Groups,Moderate,-34.0,-20.293434143066406,13.706565856933594
Gujranwala,2026-03-29,93.0,88.0,107.735245,19.735244750976562,19.735244750976562,Unhealthy for Sensitive Groups,Moderate,-5.0,14.735244750976562,19.735244750976562
Hyderabad,2026-03-29,101.0,107.0,91.61643,15.383567810058594,-15.383567810058594,Moderate,Unhealthy for Sensitive Groups,6.0,-9.383567810058594,-15.383567810058594
Peshawar,2026-03-29,109.0,84.0,109.24458,25.244583129882812,25.244583129882812,Unhealthy for Sensitive Groups,Moderate,-25.0,0.2445831298828125,25.244583129882812
Bahawalpur,2026-03-29,88.0,98.0,97.77461,0.2253875732421875,-0.2253875732421875,Moderate,Moderate,10.0,9.774612426757812,-0.2253875732421875
Faisalabad,2026-03-29,136.0,98.0,117.83003,19.830032348632812,19.830032348632812,Unhealthy for Sensitive Groups,Moderate,-38.0,-18.169967651367188,19.830032348632812
Rawalpindi,2026-03-29,79.0,87.0,90.30024,3.3002395629882812,3.3002395629882812,Moderate,Moderate,8.0,11.300239562988281,3.3002395629882812
Islamabad,2026-03-29,79.0,87.0,88.4291,1.4291000366210938,1.4291000366210938,Moderate,Moderate,8.0,9.429100036621094,1.4291000366210938
Lahore,2026-03-29,99.0,102.0,117.61354,15.613540649414062,15.613540649414062,Unhealthy for Sensitive Groups,Unhealthy for Sensitive Groups,3.0,18.613540649414062,15.613540649414062
Karachi,2026-03-29,98.0,107.0,96.0595,10.940498352050781,-10.940498352050781,Moderate,Unhealthy for Sensitive Groups,9.0,-1.9404983520507812,-10.940498352050781
Multan,2026-03-29,94.0,115.0,100.91014,14.089859008789062,-14.089859008789062,Unhealthy for Sensitive Groups,Unhealthy for Sensitive Groups,21.0,6.9101409912109375,-14.089859008789062
Sialkot,2026-03-30,90.0,92.0,100.64115,8.641151428222656,8.641151428222656,Unhealthy for Sensitive Groups,Moderate,2.0,10.641151428222656,8.641151428222656
Gujranwala,2026-03-30,88.0,99.0,108.917465,9.917465209960938,9.917465209960938,Unhealthy for Sensitive Groups,Moderate,11.0,20.917465209960938,9.917465209960938
Hyderabad,2026-03-30,107.0,120.0,94.84288,25.157119750976562,-25.157119750976562,Moderate,Unhealthy for Sensitive Groups,13.0,-12.157119750976562,-25.157119750976562
Quetta,2026-03-30,113.0,79.0,89.1976,10.197601318359375,10.197601318359375,Moderate,Moderate,-34.0,-23.802398681640625,10.197601318359375
Peshawar,2026-03-30,84.0,85.0,93.48108,8.4810791015625,8.4810791015625,Moderate,Moderate,1.0,9.4810791015625,8.4810791015625
Bahawalpur,2026-03-30,98.0,94.0,94.93553,0.9355316162109375,0.9355316162109375,Moderate,Moderate,-4.0,-3.0644683837890625,0.9355316162109375
Faisalabad,2026-03-30,98.0,135.0,114.897255,20.102745056152344,-20.102745056152344,Unhealthy for Sensitive Groups,Unhealthy for Sensitive Groups,37.0,16.897254943847656,-20.102745056152344
Rawalpindi,2026-03-30,87.0,84.0,93.12417,9.124168395996094,9.124168395996094,Moderate,Moderate,-3.0,6.124168395996094,9.124168395996094
Islamabad,2026-03-30,87.0,84.0,90.93634,6.93634033203125,6.93634033203125,Moderate,Moderate,-3.0,3.93634033203125,6.93634033203125
Lahore,2026-03-30,102.0,114.0,116.55522,2.5552215576171875,2.5552215576171875,Unhealthy for Sensitive Groups,Unhealthy for Sensitive Groups,12.0,14.555221557617188,2.5552215576171875
Karachi,2026-03-30,107.0,97.0,102.84291,5.8429107666015625,5.8429107666015625,Unhealthy for Sensitive Groups,Moderate,-10.0,-4.1570892333984375,5.8429107666015625
Multan,2026-03-30,115.0,111.0,121.30311,10.303108215332031,10.303108215332031,Unhealthy for Sensitive Groups,Unhealthy for Sensitive Groups,-4.0,6.303108215332031,10.303108215332031
Bahawalpur,2026-03-31,94.0,89.0,106.37629,17.37628936767578,17.37628936767578,Unhealthy for Sensitive Groups,Moderate,-5.0,12.376289367675781,17.37628936767578
Sialkot,2026-03-31,92.0,126.0,109.14782,16.85218048095703,-16.85218048095703,Unhealthy for Sensitive Groups,Unhealthy for Sensitive Groups,34.0,17.14781951904297,-16.85218048095703
Gujranwala,2026-03-31,99.0,126.0,127.95933,1.9593276977539062,1.9593276977539062,Unhealthy for Sensitive Groups,Unhealthy for Sensitive Groups,27.0,28.959327697753906,1.9593276977539062
Hyderabad,2026-03-31,120.0,95.0,99.22999,4.229988098144531,4.229988098144531,Moderate,Moderate,-25.0,-20.77001190185547,4.229988098144531
Quetta,2026-03-31,79.0,75.0,93.237404,18.237403869628906,18.237403869628906,Moderate,Moderate,-4.0,14.237403869628906,18.237403869628906
Peshawar,2026-03-31,85.0,99.0,92.72648,6.273521423339844,-6.273521423339844,Moderate,Moderate,14.0,7.726478576660156,-6.273521423339844
Multan,2026-03-31,111.0,92.0,98.90175,6.9017486572265625,6.9017486572265625,Moderate,Moderate,-19.0,-12.098251342773438,6.9017486572265625
Rawalpindi,2026-03-31,84.0,104.0,97.25427,6.7457275390625,-6.7457275390625,Moderate,Unhealthy for Sensitive Groups,20.0,13.2542724609375,-6.7457275390625
Islamabad,2026-03-31,84.0,104.0,97.753716,6.246284484863281,-6.246284484863281,Moderate,Unhealthy for Sensitive Groups,20.0,13.753715515136719,-6.246284484863281
Lahore,2026-03-31,114.0,121.0,129.5529,8.552902221679688,8.552902221679688,Unhealthy for Sensitive Groups,Unhealthy for Sensitive Groups,7.0,15.552902221679688,8.552902221679688
Karachi,2026-03-31,97.0,88.0,97.669716,9.669715881347656,9.669715881347656,Moderate,Moderate,-9.0,0.6697158813476562,9.669715881347656
Faisalabad,2026-03-31,135.0,157.0,149.17867,7.8213348388671875,-7.8213348388671875,Unhealthy for Sensitive Groups,Unhealthy,22.0,14.178665161132812,-7.8213348388671875
Quetta,2026-04-01,75.0,61.0,96.86956,35.86956024169922,35.86956024169922,Moderate,Moderate,-14.0,21.86956024169922,35.86956024169922
Sialkot,2026-04-01,126.0,133.0,147.31044,14.310440063476562,14.310440063476562,Unhealthy for Sensitive Groups,Unhealthy for Sensitive Groups,7.0,21.310440063476562,14.310440063476562
Gujranwala,2026-04-01,126.0,125.0,140.2965,15.296493530273438,15.296493530273438,Unhealthy for Sensitive Groups,Unhealthy for Sensitive Groups,-1.0,14.296493530273438,15.296493530273438
Hyderabad,2026-04-01,95.0,81.0,92.03647,11.036468505859375,11.036468505859375,Moderate,Moderate,-14.0,-2.963531494140625,11.036468505859375
Peshawar,2026-04-01,99.0,93.0,99.11085,6.110847473144531,6.110847473144531,Moderate,Moderate,-6.0,0.11084747314453125,6.110847473144531
Bahawalpur,2026-04-01,89.0,107.0,93.52946,13.470542907714844,-13.470542907714844,Moderate,Unhealthy for Sensitive Groups,18.0,4.529457092285156,-13.470542907714844
Faisalabad,2026-04-01,157.0,148.0,158.95534,10.955337524414062,10.955337524414062,Unhealthy,Unhealthy for Sensitive Groups,-9.0,1.9553375244140625,10.955337524414062
Karachi,2026-04-01,88.0,78.0,93.38098,15.3809814453125,15.3809814453125,Moderate,Moderate,-10.0,5.3809814453125,15.3809814453125
Lahore,2026-04-01,121.0,119.0,141.26337,22.26336669921875,22.26336669921875,Unhealthy for Sensitive Groups,Unhealthy for Sensitive Groups,-2.0,20.26336669921875,22.26336669921875
Multan,2026-04-01,92.0,98.0,100.555595,2.5555953979492188,2.5555953979492188,Unhealthy for Sensitive Groups,Moderate,6.0,8.555595397949219,2.5555953979492188
Rawalpindi,2026-04-01,104.0,107.0,117.02733,10.027328491210938,10.027328491210938,Unhealthy for Sensitive Groups,Unhealthy for Sensitive Groups,3.0,13.027328491210938,10.027328491210938
Islamabad,2026-04-01,104.0,107.0,114.444,7.444000244140625,7.444000244140625,Unhealthy for Sensitive Groups,Unhealthy for Sensitive Groups,3.0,10.444000244140625,7.444000244140625
Bahawalpur,2026-04-02,107.0,102.0,104.164566,2.1645660400390625,2.1645660400390625,Unhealthy for Sensitive Groups,Unhealthy for Sensitive Groups,-5.0,-2.8354339599609375,2.1645660400390625
Sialkot,2026-04-02,133.0,96.0,113.70674,17.706741333007812,17.706741333007812,Unhealthy for Sensitive Groups,Moderate,-37.0,-19.293258666992188,17.706741333007812
Gujranwala,2026-04-02,125.0,89.0,116.08538,27.08538055419922,27.08538055419922,Unhealthy for Sensitive Groups,Moderate,-36.0,-8.914619445800781,27.08538055419922
Hyderabad,2026-04-02,81.0,82.0,90.49389,8.493888854980469,8.493888854980469,Moderate,Moderate,1.0,9.493888854980469,8.493888854980469
Peshawar,2026-04-02,93.0,81.0,96.49883,15.498832702636719,15.498832702636719,Moderate,Moderate,-12.0,3.4988327026367188,15.498832702636719
Quetta,2026-04-02,61.0,58.0,69.807076,11.807075500488281,11.807075500488281,Moderate,Moderate,-3.0,8.807075500488281,11.807075500488281
Faisalabad,2026-04-02,148.0,104.0,132.95276,28.9527587890625,28.9527587890625,Unhealthy for Sensitive Groups,Unhealthy for Sensitive Groups,-44.0,-15.0472412109375,28.9527587890625
Rawalpindi,2026-04-02,107.0,94.0,111.46295,17.46295166015625,17.46295166015625,Unhealthy for Sensitive Groups,Moderate,-13.0,4.46295166015625,17.46295166015625
Islamabad,2026-04-02,107.0,94.0,106.404205,12.404205322265625,12.404205322265625,Unhealthy for Sensitive Groups,Moderate,-13.0,-0.595794677734375,12.404205322265625
Lahore,2026-04-02,119.0,90.0,121.33451,31.334510803222656,31.334510803222656,Unhealthy for Sensitive Groups,Moderate,-29.0,2.3345108032226562,31.334510803222656
Karachi,2026-04-02,78.0,75.0,95.180115,20.18011474609375,20.18011474609375,Moderate,Moderate,-3.0,17.18011474609375,20.18011474609375
Multan,2026-04-02,98.0,94.0,104.71611,10.716110229492188,10.716110229492188,Unhealthy for Sensitive Groups,Moderate,-4.0,6.7161102294921875,10.716110229492188
Bahawalpur,2026-04-03,102.0,89.0,95.9543,6.9542999267578125,6.9542999267578125,Moderate,Moderate,-13.0,-6.0457000732421875,6.9542999267578125
Sialkot,2026-04-03,96.0,79.0,90.96581,11.965812683105469,11.965812683105469,Moderate,Moderate,-17.0,-5.034187316894531,11.965812683105469
Gujranwala,2026-04-03,89.0,83.0,95.05916,12.059158325195312,12.059158325195312,Moderate,Moderate,-6.0,6.0591583251953125,12.059158325195312
Hyderabad,2026-04-03,82.0,116.0,78.13055,37.86945343017578,-37.86945343017578,Moderate,Unhealthy for Sensitive Groups,34.0,-3.8694534301757812,-37.86945343017578
Quetta,2026-04-03,58.0,80.0,69.93983,10.060173034667969,-10.060173034667969,Moderate,Moderate,22.0,11.939826965332031,-10.060173034667969
Peshawar,2026-04-03,81.0,71.0,80.62276,9.622756958007812,9.622756958007812,Moderate,Moderate,-10.0,-0.3772430419921875,9.622756958007812
Multan,2026-04-03,94.0,98.0,98.29125,0.29125213623046875,0.29125213623046875,Moderate,Moderate,4.0,4.291252136230469,0.29125213623046875
Rawalpindi,2026-04-03,94.0,73.0,84.60727,11.607269287109375,11.607269287109375,Moderate,Moderate,-21.0,-9.392730712890625,11.607269287109375
Islamabad,2026-04-03,94.0,73.0,82.96503,9.96502685546875,9.96502685546875,Moderate,Moderate,-21.0,-11.03497314453125,9.96502685546875
Lahore,2026-04-03,90.0,89.0,106.399055,17.39905548095703,17.39905548095703,Unhealthy for Sensitive Groups,Moderate,-1.0,16.39905548095703,17.39905548095703
Karachi,2026-04-03,75.0,98.0,86.70532,11.294677734375,-11.294677734375,Moderate,Moderate,23.0,11.705322265625,-11.294677734375
Faisalabad,2026-04-03,104.0,94.0,106.905235,12.905235290527344,12.905235290527344,Unhealthy for Sensitive Groups,Moderate,-10.0,2.9052352905273438,12.905235290527344
Bahawalpur,2026-04-04,89.0,91.0,95.50863,4.508628845214844,4.508628845214844,Moderate,Moderate,2.0,6.508628845214844,4.508628845214844
Sialkot,2026-04-04,79.0,94.0,94.21169,0.21169281005859375,0.21169281005859375,Moderate,Moderate,15.0,15.211692810058594,0.21169281005859375
Gujranwala,2026-04-04,83.0,95.0,98.70049,3.7004928588867188,3.7004928588867188,Moderate,Moderate,12.0,15.700492858886719,3.7004928588867188
Hyderabad,2026-04-04,116.0,129.0,103.86752,25.132476806640625,-25.132476806640625,Unhealthy for Sensitive Groups,Unhealthy for Sensitive Groups,13.0,-12.132476806640625,-25.132476806640625
Quetta,2026-04-04,80.0,83.0,78.299126,4.700874328613281,-4.700874328613281,Moderate,Moderate,3.0,-1.7008743286132812,-4.700874328613281
Peshawar,2026-04-04,71.0,92.0,90.51862,1.4813766479492188,-1.4813766479492188,Moderate,Moderate,21.0,19.51862335205078,-1.4813766479492188
Multan,2026-04-04,98.0,100.0,97.828,2.1719970703125,-2.1719970703125,Moderate,Moderate,2.0,-0.1719970703125,-2.1719970703125
Rawalpindi,2026-04-04,73.0,98.0,84.98073,13.019271850585938,-13.019271850585938,Moderate,Moderate,25.0,11.980728149414062,-13.019271850585938
Islamabad,2026-04-04,73.0,98.0,84.41545,13.584548950195312,-13.584548950195312,Moderate,Moderate,25.0,11.415451049804688,-13.584548950195312
Lahore,2026-04-04,89.0,119.0,108.222336,10.777664184570312,-10.777664184570312,Unhealthy for Sensitive Groups,Unhealthy for Sensitive Groups,30.0,19.222335815429688,-10.777664184570312
Karachi,2026-04-04,98.0,102.0,96.99302,5.006980895996094,-5.006980895996094,Moderate,Unhealthy for Sensitive Groups,4.0,-1.0069808959960938,-5.006980895996094
Faisalabad,2026-04-04,94.0,115.0,120.22925,5.229248046875,5.229248046875,Unhealthy for Sensitive Groups,Unhealthy for Sensitive Groups,21.0,26.229248046875,5.229248046875
Quetta,2026-04-05,83.0,125.0,89.17651,35.823486328125,-35.823486328125,Moderate,Unhealthy for Sensitive Groups,42.0,6.176513671875,-35.823486328125
Sialkot,2026-04-05,94.0,107.0,107.04055,0.04055023193359375,0.04055023193359375,Unhealthy for Sensitive Groups,Unhealthy for Sensitive Groups,13.0,13.040550231933594,0.04055023193359375
Gujranwala,2026-04-05,95.0,131.0,109.95114,21.048858642578125,-21.048858642578125,Unhealthy for Sensitive Groups,Unhealthy for Sensitive Groups,36.0,14.951141357421875,-21.048858642578125
Hyderabad,2026-04-05,129.0,92.0,113.98257,21.982566833496094,21.982566833496094,Unhealthy for Sensitive Groups,Moderate,-37.0,-15.017433166503906,21.982566833496094
Peshawar,2026-04-05,92.0,108.0,92.17073,15.829269409179688,-15.829269409179688,Moderate,Unhealthy for Sensitive Groups,16.0,0.1707305908203125,-15.829269409179688
Bahawalpur,2026-04-05,91.0,104.0,101.44849,2.551513671875,-2.551513671875,Unhealthy for Sensitive Groups,Unhealthy for Sensitive Groups,13.0,10.448486328125,-2.551513671875
Faisalabad,2026-04-05,115.0,154.0,130.1391,23.86090087890625,-23.86090087890625,Unhealthy for Sensitive Groups,Unhealthy,39.0,15.13909912109375,-23.86090087890625
Karachi,2026-04-05,102.0,76.0,113.482216,37.482215881347656,37.482215881347656,Unhealthy for Sensitive Groups,Moderate,-26.0,11.482215881347656,37.482215881347656
Lahore,2026-04-05,119.0,158.0,112.53276,45.46723937988281,-45.46723937988281,Unhealthy for Sensitive Groups,Unhealthy,39.0,-6.4672393798828125,-45.46723937988281
Multan,2026-04-05,100.0,158.0,107.819336,50.1806640625,-50.1806640625,Unhealthy for Sensitive Groups,Unhealthy,58.0,7.8193359375,-50.1806640625
Rawalpindi,2026-04-05,98.0,92.0,104.82887,12.828872680664062,12.828872680664062,Unhealthy for Sensitive Groups,Moderate,-6.0,6.8288726806640625,12.828872680664062
Islamabad,2026-04-05,98.0,92.0,101.41861,9.418609619140625,9.418609619140625,Unhealthy for Sensitive Groups,Moderate,-6.0,3.418609619140625,9.418609619140625
Bahawalpur,2026-04-06,104.0,97.0,113.61273,16.61273193359375,16.61273193359375,Unhealthy for Sensitive Groups,Moderate,-7.0,9.61273193359375,16.61273193359375
Sialkot,2026-04-06,107.0,97.0,113.00074,16.00074005126953,16.00074005126953,Unhealthy for Sensitive Groups,Moderate,-10.0,6.000740051269531,16.00074005126953
Gujranwala,2026-04-06,131.0,101.0,132.02066,31.020660400390625,31.020660400390625,Unhealthy for Sensitive Groups,Unhealthy for Sensitive Groups,-30.0,1.020660400390625,31.020660400390625
Hyderabad,2026-04-06,92.0,111.0,92.6837,18.316299438476562,-18.316299438476562,Moderate,Unhealthy for Sensitive Groups,19.0,0.6837005615234375,-18.316299438476562
Peshawar,2026-04-06,108.0,86.0,106.22982,20.229820251464844,20.229820251464844,Unhealthy for Sensitive Groups,Moderate,-22.0,-1.7701797485351562,20.229820251464844
Quetta,2026-04-06,125.0,176.0,129.39662,46.60337829589844,-46.60337829589844,Unhealthy for Sensitive Groups,Unhealthy,51.0,4.3966217041015625,-46.60337829589844
Faisalabad,2026-04-06,154.0,154.0,162.86174,8.861740112304688,8.861740112304688,Unhealthy,Unhealthy,0.0,8.861740112304688,8.861740112304688
Rawalpindi,2026-04-06,92.0,70.0,98.87718,28.877182006835938,28.877182006835938,Moderate,Moderate,-22.0,6.8771820068359375,28.877182006835938
Islamabad,2026-04-06,92.0,70.0,95.4604,25.460403442382812,25.460403442382812,Moderate,Moderate,-22.0,3.4604034423828125,25.460403442382812
Lahore,2026-04-06,158.0,105.0,157.26091,52.26091003417969,52.26091003417969,Unhealthy,Unhealthy for Sensitive Groups,-53.0,-0.7390899658203125,52.26091003417969
Karachi,2026-04-06,76.0,87.0,90.0144,3.0143966674804688,3.0143966674804688,Moderate,Moderate,11.0,14.014396667480469,3.0143966674804688
Multan,2026-04-06,158.0,147.0,146.94188,0.0581207275390625,-0.0581207275390625,Unhealthy for Sensitive Groups,Unhealthy for Sensitive Groups,-11.0,-11.058120727539062,-0.0581207275390625
Quetta,2026-04-07,176.0,147.0,150.59164,3.591644287109375,3.591644287109375,Unhealthy,Unhealthy for Sensitive Groups,-29.0,-25.408355712890625,3.591644287109375
Bahawalpur,2026-04-07,97.0,111.0,94.52284,16.477157592773438,-16.477157592773438,Moderate,Unhealthy for Sensitive Groups,14.0,-2.4771575927734375,-16.477157592773438
Sialkot,2026-04-07,97.0,90.0,99.026054,9.026054382324219,9.026054382324219,Moderate,Moderate,-7.0,2.0260543823242188,9.026054382324219
Gujranwala,2026-04-07,101.0,114.0,107.26634,6.7336578369140625,-6.7336578369140625,Unhealthy for Sensitive Groups,Unhealthy for Sensitive Groups,13.0,6.2663421630859375,-6.7336578369140625
Hyderabad,2026-04-07,111.0,131.0,105.18611,25.813888549804688,-25.813888549804688,Unhealthy for Sensitive Groups,Unhealthy for Sensitive Groups,20.0,-5.8138885498046875,-25.813888549804688
Peshawar,2026-04-07,86.0,83.0,84.48321,1.4832077026367188,1.4832077026367188,Moderate,Moderate,-3.0,-1.5167922973632812,1.4832077026367188
Lahore,2026-04-07,105.0,130.0,119.223434,10.776565551757812,-10.776565551757812,Unhealthy for Sensitive Groups,Unhealthy for Sensitive Groups,25.0,14.223434448242188,-10.776565551757812
Faisalabad,2026-04-07,154.0,150.0,135.24239,14.757614135742188,-14.757614135742188,Unhealthy for Sensitive Groups,Unhealthy for Sensitive Groups,-4.0,-18.757614135742188,-14.757614135742188
Rawalpindi,2026-04-07,70.0,75.0,86.82283,11.822830200195312,11.822830200195312,Moderate,Moderate,5.0,16.822830200195312,11.822830200195312
Islamabad,2026-04-07,70.0,75.0,86.207466,11.207466125488281,11.207466125488281,Moderate,Moderate,5.0,16.20746612548828,11.207466125488281
Karachi,2026-04-07,87.0,161.0,91.482285,69.51771545410156,-69.51771545410156,Moderate,Unhealthy,74.0,4.4822845458984375,-69.51771545410156
Multan,2026-04-07,147.0,118.0,112.21,5.790000915527344,-5.790000915527344,Unhealthy for Sensitive Groups,Unhealthy for Sensitive Groups,-29.0,-34.790000915527344,-5.790000915527344
Quetta,2026-04-08,147.0,105.0,100.77831,4.221687316894531,-4.221687316894531,Unhealthy for Sensitive Groups,Unhealthy for Sensitive Groups,-42.0,-46.22168731689453,-4.221687316894531
Sialkot,2026-04-08,90.0,108.0,96.705376,11.294624328613281,-11.294624328613281,Moderate,Unhealthy for Sensitive Groups,18.0,6.705375671386719,-11.294624328613281
Gujranwala,2026-04-08,114.0,115.0,111.17968,3.8203201293945312,-3.8203201293945312,Unhealthy for Sensitive Groups,Unhealthy for Sensitive Groups,1.0,-2.8203201293945312,-3.8203201293945312
Hyderabad,2026-04-08,131.0,126.0,124.3951,1.6048965454101562,-1.6048965454101562,Unhealthy for Sensitive Groups,Unhealthy for Sensitive Groups,-5.0,-6.604896545410156,-1.6048965454101562
Peshawar,2026-04-08,83.0,124.0,95.35916,28.640838623046875,-28.640838623046875,Moderate,Unhealthy for Sensitive Groups,41.0,12.359161376953125,-28.640838623046875
Bahawalpur,2026-04-08,111.0,134.0,111.00939,22.99060821533203,-22.99060821533203,Unhealthy for Sensitive Groups,Unhealthy for Sensitive Groups,23.0,0.00939178466796875,-22.99060821533203
Faisalabad,2026-04-08,150.0,132.0,141.05328,9.05328369140625,9.05328369140625,Unhealthy for Sensitive Groups,Unhealthy for Sensitive Groups,-18.0,-8.94671630859375,9.05328369140625
Rawalpindi,2026-04-08,75.0,116.0,102.73003,13.269973754882812,-13.269973754882812,Unhealthy for Sensitive Groups,Unhealthy for Sensitive Groups,41.0,27.730026245117188,-13.269973754882812
Islamabad,2026-04-08,75.0,116.0,101.98008,14.019920349121094,-14.019920349121094,Unhealthy for Sensitive Groups,Unhealthy for Sensitive Groups,41.0,26.980079650878906,-14.019920349121094
Lahore,2026-04-08,130.0,131.0,119.191734,11.808265686035156,-11.808265686035156,Unhealthy for Sensitive Groups,Unhealthy for Sensitive Groups,1.0,-10.808265686035156,-11.808265686035156
Karachi,2026-04-08,161.0,158.0,142.60262,15.397384643554688,-15.397384643554688,Unhealthy for Sensitive Groups,Unhealthy,-3.0,-18.397384643554688,-15.397384643554688
Multan,2026-04-08,118.0,133.0,121.649055,11.350944519042969,-11.350944519042969,Unhealthy for Sensitive Groups,Unhealthy for Sensitive Groups,15.0,3.6490554809570312,-11.350944519042969
Bahawalpur,2026-04-09,134.0,139.0,130.63188,8.368118286132812,-8.368118286132812,Unhealthy for Sensitive Groups,Unhealthy for Sensitive Groups,5.0,-3.3681182861328125,-8.368118286132812
Sialkot,2026-04-09,108.0,117.0,106.25383,10.746170043945312,-10.746170043945312,Unhealthy for Sensitive Groups,Unhealthy for Sensitive Groups,9.0,-1.7461700439453125,-10.746170043945312
Gujranwala,2026-04-09,115.0,130.0,122.677925,7.322074890136719,-7.322074890136719,Unhealthy for Sensitive Groups,Unhealthy for Sensitive Groups,15.0,7.677925109863281,-7.322074890136719
Hyderabad,2026-04-09,126.0,131.0,112.14098,18.85901641845703,-18.85901641845703,Unhealthy for Sensitive Groups,Unhealthy for Sensitive Groups,5.0,-13.859016418457031,-18.85901641845703
Quetta,2026-04-09,105.0,134.0,104.57573,29.424270629882812,-29.424270629882812,Unhealthy for Sensitive Groups,Unhealthy for Sensitive Groups,29.0,-0.4242706298828125,-29.424270629882812
Peshawar,2026-04-09,124.0,111.0,132.06302,21.063018798828125,21.063018798828125,Unhealthy for Sensitive Groups,Unhealthy for Sensitive Groups,-13.0,8.063018798828125,21.063018798828125
Lahore,2026-04-09,131.0,149.0,128.54254,20.45745849609375,-20.45745849609375,Unhealthy for Sensitive Groups,Unhealthy for Sensitive Groups,18.0,-2.45745849609375,-20.45745849609375
Faisalabad,2026-04-09,132.0,135.0,119.98005,15.019950866699219,-15.019950866699219,Unhealthy for Sensitive Groups,Unhealthy for Sensitive Groups,3.0,-12.019950866699219,-15.019950866699219
Rawalpindi,2026-04-09,116.0,105.0,118.11111,13.111106872558594,13.111106872558594,Unhealthy for Sensitive Groups,Unhealthy for Sensitive Groups,-11.0,2.1111068725585938,13.111106872558594
Islamabad,2026-04-09,116.0,105.0,115.72144,10.721443176269531,10.721443176269531,Unhealthy for Sensitive Groups,Unhealthy for Sensitive Groups,-11.0,-0.27855682373046875,10.721443176269531
Multan,2026-04-09,133.0,132.0,130.91489,1.085113525390625,-1.085113525390625,Unhealthy for Sensitive Groups,Unhealthy for Sensitive Groups,-1.0,-2.085113525390625,-1.085113525390625
Karachi,2026-04-09,158.0,150.0,147.43889,2.5611114501953125,-2.5611114501953125,Unhealthy for Sensitive Groups,Unhealthy for Sensitive Groups,-8.0,-10.561111450195312,-2.5611114501953125
Bahawalpur,2026-04-10,139.0,120.0,126.190125,6.19012451171875,6.19012451171875,Unhealthy for Sensitive Groups,Unhealthy for Sensitive Groups,-19.0,-12.80987548828125,6.19012451171875
Sialkot,2026-04-10,117.0,101.0,119.91447,18.914466857910156,18.914466857910156,Unhealthy for Sensitive Groups,Unhealthy for Sensitive Groups,-16.0,2.9144668579101562,18.914466857910156
Gujranwala,2026-04-10,130.0,115.0,124.96078,9.960777282714844,9.960777282714844,Unhealthy for Sensitive Groups,Unhealthy for Sensitive Groups,-15.0,-5.039222717285156,9.960777282714844
Hyderabad,2026-04-10,131.0,92.0,116.40784,24.4078369140625,24.4078369140625,Unhealthy for Sensitive Groups,Moderate,-39.0,-14.5921630859375,24.4078369140625
Quetta,2026-04-10,134.0,203.0,118.162155,84.83784484863281,-84.83784484863281,Unhealthy for Sensitive Groups,Very Unhealthy,69.0,-15.837844848632812,-84.83784484863281
Peshawar,2026-04-10,111.0,108.0,103.75659,4.243408203125,-4.243408203125,Unhealthy for Sensitive Groups,Unhealthy for Sensitive Groups,-3.0,-7.243408203125,-4.243408203125
Multan,2026-04-10,132.0,143.0,126.01256,16.987442016601562,-16.987442016601562,Unhealthy for Sensitive Groups,Unhealthy for Sensitive Groups,11.0,-5.9874420166015625,-16.987442016601562
Faisalabad,2026-04-10,135.0,133.0,129.6152,3.384796142578125,-3.384796142578125,Unhealthy for Sensitive Groups,Unhealthy for Sensitive Groups,-2.0,-5.384796142578125,-3.384796142578125
Rawalpindi,2026-04-10,105.0,130.0,105.00137,24.998626708984375,-24.998626708984375,Unhealthy for Sensitive Groups,Unhealthy for Sensitive Groups,25.0,0.001373291015625,-24.998626708984375
Islamabad,2026-04-10,105.0,130.0,104.22064,25.77935791015625,-25.77935791015625,Unhealthy for Sensitive Groups,Unhealthy for Sensitive Groups,25.0,-0.77935791015625,-25.77935791015625
Lahore,2026-04-10,149.0,145.0,143.77759,1.222412109375,-1.222412109375,Unhealthy for Sensitive Groups,Unhealthy for Sensitive Groups,-4.0,-5.222412109375,-1.222412109375
Karachi,2026-04-10,150.0,107.0,115.372986,8.37298583984375,8.37298583984375,Unhealthy for Sensitive Groups,Unhealthy for Sensitive Groups,-43.0,-34.62701416015625,8.37298583984375
Bahawalpur,2026-04-11,120.0,110.0,117.9025,7.902496337890625,7.902496337890625,Unhealthy for Sensitive Groups,Unhealthy for Sensitive Groups,-10.0,-2.097503662109375,7.902496337890625
Sialkot,2026-04-11,101.0,120.0,106.71701,13.282989501953125,-13.282989501953125,Unhealthy for Sensitive Groups,Unhealthy for Sensitive Groups,19.0,5.717010498046875,-13.282989501953125
Gujranwala,2026-04-11,115.0,126.0,117.62881,8.371192932128906,-8.371192932128906,Unhealthy for Sensitive Groups,Unhealthy for Sensitive Groups,11.0,2.6288070678710938,-8.371192932128906
Hyderabad,2026-04-11,92.0,132.0,114.11533,17.884666442871094,-17.884666442871094,Unhealthy for Sensitive Groups,Unhealthy for Sensitive Groups,40.0,22.115333557128906,-17.884666442871094
Quetta,2026-04-11,203.0,145.0,157.43796,12.437957763671875,12.437957763671875,Unhealthy,Unhealthy for Sensitive Groups,-58.0,-45.562042236328125,12.437957763671875
Peshawar,2026-04-11,108.0,131.0,103.82733,27.17266845703125,-27.17266845703125,Unhealthy for Sensitive Groups,Unhealthy for Sensitive Groups,23.0,-4.17266845703125,-27.17266845703125
Faisalabad,2026-04-11,133.0,128.0,123.40242,4.5975799560546875,-4.5975799560546875,Unhealthy for Sensitive Groups,Unhealthy for Sensitive Groups,-5.0,-9.597579956054688,-4.5975799560546875
Rawalpindi,2026-04-11,130.0,139.0,108.83257,30.16742706298828,-30.16742706298828,Unhealthy for Sensitive Groups,Unhealthy for Sensitive Groups,9.0,-21.16742706298828,-30.16742706298828
Islamabad,2026-04-11,130.0,139.0,109.422844,29.57715606689453,-29.57715606689453,Unhealthy for Sensitive Groups,Unhealthy for Sensitive Groups,9.0,-20.57715606689453,-29.57715606689453
Lahore,2026-04-11,145.0,143.0,130.5685,12.431503295898438,-12.431503295898438,Unhealthy for Sensitive Groups,Unhealthy for Sensitive Groups,-2.0,-14.431503295898438,-12.431503295898438
Multan,2026-04-11,143.0,152.0,126.86108,25.13892364501953,-25.13892364501953,Unhealthy for Sensitive Groups,Unhealthy,9.0,-16.13892364501953,-25.13892364501953
Karachi,2026-04-11,107.0,148.0,120.08607,27.91393280029297,-27.91393280029297,Unhealthy for Sensitive Groups,Unhealthy for Sensitive Groups,41.0,13.086067199707031,-27.91393280029297
Peshawar,2026-04-12,131.0,150.0,133.0786,16.921401977539062,-16.921401977539062,Unhealthy for Sensitive Groups,Unhealthy for Sensitive Groups,19.0,2.0785980224609375,-16.921401977539062
Bahawalpur,2026-04-12,110.0,125.0,119.13405,5.8659515380859375,-5.8659515380859375,Unhealthy for Sensitive Groups,Unhealthy for Sensitive Groups,15.0,9.134048461914062,-5.8659515380859375
Sialkot,2026-04-12,120.0,153.0,113.40115,39.598846435546875,-39.598846435546875,Unhealthy for Sensitive Groups,Unhealthy,33.0,-6.598846435546875,-39.598846435546875
Gujranwala,2026-04-12,126.0,151.0,117.2414,33.75859832763672,-33.75859832763672,Unhealthy for Sensitive Groups,Unhealthy,25.0,-8.758598327636719,-33.75859832763672
Hyderabad,2026-04-12,132.0,96.0,118.59123,22.591232299804688,22.591232299804688,Unhealthy for Sensitive Groups,Moderate,-36.0,-13.408767700195312,22.591232299804688
Quetta,2026-04-12,145.0,75.0,111.25166,36.25166320800781,36.25166320800781,Unhealthy for Sensitive Groups,Moderate,-70.0,-33.74833679199219,36.25166320800781
Multan,2026-04-12,152.0,127.0,152.14725,25.147247314453125,25.147247314453125,Unhealthy,Unhealthy for Sensitive Groups,-25.0,0.147247314453125,25.147247314453125
Rawalpindi,2026-04-12,139.0,141.0,128.52852,12.471481323242188,-12.471481323242188,Unhealthy for Sensitive Groups,Unhealthy for Sensitive Groups,2.0,-10.471481323242188,-12.471481323242188
Islamabad,2026-04-12,139.0,141.0,128.50697,12.493026733398438,-12.493026733398438,Unhealthy for Sensitive Groups,Unhealthy for Sensitive Groups,2.0,-10.493026733398438,-12.493026733398438
Lahore,2026-04-12,143.0,162.0,145.59254,16.407455444335938,-16.407455444335938,Unhealthy for Sensitive Groups,Unhealthy,19.0,2.5925445556640625,-16.407455444335938
Karachi,2026-04-12,148.0,106.0,131.02281,25.022811889648438,25.022811889648438,Unhealthy for Sensitive Groups,Unhealthy for Sensitive Groups,-42.0,-16.977188110351562,25.022811889648438
Faisalabad,2026-04-12,128.0,155.0,133.48499,21.5150146484375,-21.5150146484375,Unhealthy for Sensitive Groups,Unhealthy,27.0,5.4849853515625,-21.5150146484375
Sialkot,2026-04-13,153.0,147.0,139.80423,7.195770263671875,-7.195770263671875,Unhealthy for Sensitive Groups,Unhealthy for Sensitive Groups,-6.0,-13.195770263671875,-7.195770263671875
Gujranwala,2026-04-13,151.0,156.0,140.734,15.266006469726562,-15.266006469726562,Unhealthy for Sensitive Groups,Unhealthy,5.0,-10.266006469726562,-15.266006469726562
Hyderabad,2026-04-13,96.0,102.0,98.58879,3.4112091064453125,-3.4112091064453125,Moderate,Unhealthy for Sensitive Groups,6.0,2.5887908935546875,-3.4112091064453125
Quetta,2026-04-13,75.0,85.0,101.597496,16.597496032714844,16.597496032714844,Unhealthy for Sensitive Groups,Moderate,10.0,26.597496032714844,16.597496032714844
Peshawar,2026-04-13,150.0,131.0,131.21161,0.21160888671875,0.21160888671875,Unhealthy for Sensitive Groups,Unhealthy for Sensitive Groups,-19.0,-18.78839111328125,0.21160888671875
Bahawalpur,2026-04-13,125.0,156.0,122.93788,33.06211853027344,-33.06211853027344,Unhealthy for Sensitive Groups,Unhealthy,31.0,-2.0621185302734375,-33.06211853027344
Faisalabad,2026-04-13,155.0,172.0,145.74776,26.252243041992188,-26.252243041992188,Unhealthy for Sensitive Groups,Unhealthy,17.0,-9.252243041992188,-26.252243041992188
Rawalpindi,2026-04-13,141.0,156.0,135.26329,20.736709594726562,-20.736709594726562,Unhealthy for Sensitive Groups,Unhealthy,15.0,-5.7367095947265625,-20.736709594726562
Islamabad,2026-04-13,141.0,156.0,132.298,23.701995849609375,-23.701995849609375,Unhealthy for Sensitive Groups,Unhealthy,15.0,-8.701995849609375,-23.701995849609375
Lahore,2026-04-13,162.0,173.0,161.74109,11.2589111328125,-11.2589111328125,Unhealthy,Unhealthy,11.0,-0.2589111328125,-11.2589111328125
Karachi,2026-04-13,106.0,94.0,100.85874,6.858741760253906,6.858741760253906,Unhealthy for Sensitive Groups,Moderate,-12.0,-5.141258239746094,6.858741760253906
Multan,2026-04-13,127.0,160.0,127.165375,32.834625244140625,-32.834625244140625,Unhealthy for Sensitive Groups,Unhealthy,33.0,0.165374755859375,-32.834625244140625
Bahawalpur,2026-04-14,156.0,138.0,137.60017,0.3998260498046875,-0.3998260498046875,Unhealthy for Sensitive Groups,Unhealthy for Sensitive Groups,-18.0,-18.399826049804688,-0.3998260498046875
Sialkot,2026-04-14,147.0,152.0,136.4821,15.517898559570312,-15.517898559570312,Unhealthy for Sensitive Groups,Unhealthy,5.0,-10.517898559570312,-15.517898559570312
Gujranwala,2026-04-14,156.0,134.0,150.80656,16.806564331054688,16.806564331054688,Unhealthy,Unhealthy for Sensitive Groups,-22.0,-5.1934356689453125,16.806564331054688
Hyderabad,2026-04-14,102.0,139.0,113.945244,25.05475616455078,-25.05475616455078,Unhealthy for Sensitive Groups,Unhealthy for Sensitive Groups,37.0,11.945243835449219,-25.05475616455078
Quetta,2026-04-14,85.0,91.0,101.57957,10.579566955566406,10.579566955566406,Unhealthy for Sensitive Groups,Moderate,6.0,16.579566955566406,10.579566955566406
Peshawar,2026-04-14,131.0,110.0,125.88281,15.8828125,15.8828125,Unhealthy for Sensitive Groups,Unhealthy for Sensitive Groups,-21.0,-5.1171875,15.8828125
Multan,2026-04-14,160.0,176.0,148.28479,27.7152099609375,-27.7152099609375,Unhealthy for Sensitive Groups,Unhealthy,16.0,-11.7152099609375,-27.7152099609375
Rawalpindi,2026-04-14,156.0,154.0,140.5795,13.420501708984375,-13.420501708984375,Unhealthy for Sensitive Groups,Unhealthy,-2.0,-15.420501708984375,-13.420501708984375
Islamabad,2026-04-14,156.0,154.0,143.10994,10.890060424804688,-10.890060424804688,Unhealthy for Sensitive Groups,Unhealthy,-2.0,-12.890060424804688,-10.890060424804688
Lahore,2026-04-14,173.0,145.0,162.9472,17.94720458984375,17.94720458984375,Unhealthy,Unhealthy for Sensitive Groups,-28.0,-10.05279541015625,17.94720458984375
Karachi,2026-04-14,94.0,148.0,115.565895,32.434104919433594,-32.434104919433594,Unhealthy for Sensitive Groups,Unhealthy for Sensitive Groups,54.0,21.565895080566406,-32.434104919433594
Faisalabad,2026-04-14,172.0,150.0,152.49,2.4900054931640625,2.4900054931640625,Unhealthy,Unhealthy for Sensitive Groups,-22.0,-19.509994506835938,2.4900054931640625
Quetta,2026-04-15,91.0,63.0,76.089264,13.089263916015625,13.089263916015625,Moderate,Moderate,-28.0,-14.910736083984375,13.089263916015625
Sialkot,2026-04-15,152.0,152.0,143.01625,8.983749389648438,-8.983749389648438,Unhealthy for Sensitive Groups,Unhealthy,0.0,-8.983749389648438,-8.983749389648438
Gujranwala,2026-04-15,134.0,160.0,135.38995,24.61004638671875,-24.61004638671875,Unhealthy for Sensitive Groups,Unhealthy,26.0,1.38995361328125,-24.61004638671875
Hyderabad,2026-04-15,139.0,109.0,112.20366,3.2036590576171875,3.2036590576171875,Unhealthy for Sensitive Groups,Unhealthy for Sensitive Groups,-30.0,-26.796340942382812,3.2036590576171875
Peshawar,2026-04-15,110.0,117.0,117.09699,0.09699249267578125,0.09699249267578125,Unhealthy for Sensitive Groups,Unhealthy for Sensitive Groups,7.0,7.096992492675781,0.09699249267578125
Bahawalpur,2026-04-15,138.0,116.0,135.99522,19.995223999023438,19.995223999023438,Unhealthy for Sensitive Groups,Unhealthy for Sensitive Groups,-22.0,-2.0047760009765625,19.995223999023438
Faisalabad,2026-04-15,150.0,162.0,145.77505,16.224945068359375,-16.224945068359375,Unhealthy for Sensitive Groups,Unhealthy,12.0,-4.224945068359375,-16.224945068359375
Karachi,2026-04-15,148.0,95.0,137.67868,42.678680419921875,42.678680419921875,Unhealthy for Sensitive Groups,Moderate,-53.0,-10.321319580078125,42.678680419921875
Lahore,2026-04-15,145.0,152.0,148.68034,3.3196563720703125,-3.3196563720703125,Unhealthy for Sensitive Groups,Unhealthy,7.0,3.6803436279296875,-3.3196563720703125
Multan,2026-04-15,176.0,131.0,152.82796,21.827957153320312,21.827957153320312,Unhealthy,Unhealthy for Sensitive Groups,-45.0,-23.172042846679688,21.827957153320312
Rawalpindi,2026-04-15,154.0,129.0,144.5851,15.585098266601562,15.585098266601562,Unhealthy for Sensitive Groups,Unhealthy for Sensitive Groups,-25.0,-9.414901733398438,15.585098266601562
Islamabad,2026-04-15,154.0,129.0,145.25044,16.250442504882812,16.250442504882812,Unhealthy for Sensitive Groups,Unhealthy for Sensitive Groups,-25.0,-8.749557495117188,16.250442504882812
Bahawalpur,2026-04-16,116.0,164.0,118.04245,45.957550048828125,-45.957550048828125,Unhealthy for Sensitive Groups,Unhealthy,48.0,2.042449951171875,-45.957550048828125
Sialkot,2026-04-16,152.0,80.0,138.24265,58.242645263671875,58.242645263671875,Unhealthy for Sensitive Groups,Moderate,-72.0,-13.757354736328125,58.242645263671875
Gujranwala,2026-04-16,160.0,99.0,145.90735,46.9073486328125,46.9073486328125,Unhealthy for Sensitive Groups,Moderate,-61.0,-14.0926513671875,46.9073486328125
Hyderabad,2026-04-16,109.0,79.0,104.30357,25.303573608398438,25.303573608398438,Unhealthy for Sensitive Groups,Moderate,-30.0,-4.6964263916015625,25.303573608398438
Peshawar,2026-04-16,117.0,111.0,115.08888,4.0888824462890625,4.0888824462890625,Unhealthy for Sensitive Groups,Unhealthy for Sensitive Groups,-6.0,-1.9111175537109375,4.0888824462890625
Quetta,2026-04-16,63.0,119.0,80.6668,38.33319854736328,-38.33319854736328,Moderate,Unhealthy for Sensitive Groups,56.0,17.66680145263672,-38.33319854736328
Faisalabad,2026-04-16,162.0,146.0,157.42445,11.424453735351562,11.424453735351562,Unhealthy,Unhealthy for Sensitive Groups,-16.0,-4.5755462646484375,11.424453735351562
Rawalpindi,2026-04-16,129.0,73.0,122.05879,49.05879211425781,49.05879211425781,Unhealthy for Sensitive Groups,Moderate,-56.0,-6.9412078857421875,49.05879211425781
Islamabad,2026-04-16,129.0,73.0,128.49667,55.496673583984375,55.496673583984375,Unhealthy for Sensitive Groups,Moderate,-56.0,-0.503326416015625,55.496673583984375
Lahore,2026-04-16,152.0,103.0,149.28244,46.282440185546875,46.282440185546875,Unhealthy for Sensitive Groups,Unhealthy for Sensitive Groups,-49.0,-2.717559814453125,46.282440185546875
Karachi,2026-04-16,95.0,97.0,103.039215,6.039215087890625,6.039215087890625,Unhealthy for Sensitive Groups,Moderate,2.0,8.039215087890625,6.039215087890625
Multan,2026-04-16,131.0,152.0,141.70413,10.295867919921875,-10.295867919921875,Unhealthy for Sensitive Groups,Unhealthy,21.0,10.704132080078125,-10.295867919921875
Bahawalpur,2026-04-17,164.0,154.0,137.31586,16.68414306640625,-16.68414306640625,Unhealthy for Sensitive Groups,Unhealthy,-10.0,-26.68414306640625,-16.68414306640625
Sialkot,2026-04-17,80.0,88.0,103.98165,15.981651306152344,15.981651306152344,Unhealthy for Sensitive Groups,Moderate,8.0,23.981651306152344,15.981651306152344
Gujranwala,2026-04-17,99.0,105.0,105.675804,0.6758041381835938,0.6758041381835938,Unhealthy for Sensitive Groups,Unhealthy for Sensitive Groups,6.0,6.675804138183594,0.6758041381835938
Hyderabad,2026-04-17,79.0,120.0,89.240875,30.759124755859375,-30.759124755859375,Moderate,Unhealthy for Sensitive Groups,41.0,10.240875244140625,-30.759124755859375
Quetta,2026-04-17,119.0,199.0,126.97265,72.02735137939453,-72.02735137939453,Unhealthy for Sensitive Groups,Unhealthy,80.0,7.972648620605469,-72.02735137939453
Peshawar,2026-04-17,111.0,91.0,100.95935,9.9593505859375,9.9593505859375,Unhealthy for Sensitive Groups,Moderate,-20.0,-10.0406494140625,9.9593505859375
Multan,2026-04-17,152.0,134.0,127.58142,6.4185791015625,-6.4185791015625,Unhealthy for Sensitive Groups,Unhealthy for Sensitive Groups,-18.0,-24.4185791015625,-6.4185791015625
Rawalpindi,2026-04-17,73.0,115.0,83.91942,31.080581665039062,-31.080581665039062,Moderate,Unhealthy for Sensitive Groups,42.0,10.919418334960938,-31.080581665039062
Islamabad,2026-04-17,73.0,115.0,83.318016,31.681983947753906,-31.681983947753906,Moderate,Unhealthy for Sensitive Groups,42.0,10.318016052246094,-31.681983947753906
Lahore,2026-04-17,103.0,111.0,123.73005,12.730049133300781,12.730049133300781,Unhealthy for Sensitive Groups,Unhealthy for Sensitive Groups,8.0,20.73004913330078,12.730049133300781
Karachi,2026-04-17,97.0,114.0,106.031364,7.968635559082031,-7.968635559082031,Unhealthy for Sensitive Groups,Unhealthy for Sensitive Groups,17.0,9.031364440917969,-7.968635559082031
Faisalabad,2026-04-17,146.0,114.0,128.0933,14.093307495117188,14.093307495117188,Unhealthy for Sensitive Groups,Unhealthy for Sensitive Groups,-32.0,-17.906692504882812,14.093307495117188
Bahawalpur,2026-04-18,154.0,119.0,135.26653,16.266525268554688,16.266525268554688,Unhealthy for Sensitive Groups,Unhealthy for Sensitive Groups,-35.0,-18.733474731445312,16.266525268554688
Sialkot,2026-04-18,88.0,89.0,102.93876,13.938758850097656,13.938758850097656,Unhealthy for Sensitive Groups,Moderate,1.0,14.938758850097656,13.938758850097656
Gujranwala,2026-04-18,105.0,108.0,125.11574,17.115737915039062,17.115737915039062,Unhealthy for Sensitive Groups,Unhealthy for Sensitive Groups,3.0,20.115737915039062,17.115737915039062
Hyderabad,2026-04-18,120.0,122.0,98.6261,23.3739013671875,-23.3739013671875,Moderate,Unhealthy for Sensitive Groups,2.0,-21.3739013671875,-23.3739013671875
Quetta,2026-04-18,199.0,163.0,149.28108,13.718917846679688,-13.718917846679688,Unhealthy for Sensitive Groups,Unhealthy,-36.0,-49.71891784667969,-13.718917846679688
Peshawar,2026-04-18,91.0,91.0,105.62811,14.62811279296875,14.62811279296875,Unhealthy for Sensitive Groups,Moderate,0.0,14.62811279296875,14.62811279296875
Multan,2026-04-18,134.0,124.0,123.190094,0.809906005859375,-0.809906005859375,Unhealthy for Sensitive Groups,Unhealthy for Sensitive Groups,-10.0,-10.809906005859375,-0.809906005859375
Rawalpindi,2026-04-18,115.0,116.0,119.00134,3.0013427734375,3.0013427734375,Unhealthy for Sensitive Groups,Unhealthy for Sensitive Groups,1.0,4.0013427734375,3.0013427734375
Islamabad,2026-04-18,115.0,116.0,115.60338,0.3966217041015625,-0.3966217041015625,Unhealthy for Sensitive Groups,Unhealthy for Sensitive Groups,1.0,0.6033782958984375,-0.3966217041015625
Lahore,2026-04-18,111.0,121.0,127.63776,6.63775634765625,6.63775634765625,Unhealthy for Sensitive Groups,Unhealthy for Sensitive Groups,10.0,16.63775634765625,6.63775634765625
Karachi,2026-04-18,114.0,118.0,118.86004,0.8600387573242188,0.8600387573242188,Unhealthy for Sensitive Groups,Unhealthy for Sensitive Groups,4.0,4.860038757324219,0.8600387573242188
Faisalabad,2026-04-18,114.0,112.0,130.47325,18.473251342773438,18.473251342773438,Unhealthy for Sensitive Groups,Unhealthy for Sensitive Groups,-2.0,16.473251342773438,18.473251342773438
Quetta,2026-04-19,163.0,98.0,122.29208,24.292083740234375,24.292083740234375,Unhealthy for Sensitive Groups,Moderate,-65.0,-40.707916259765625,24.292083740234375
Sialkot,2026-04-19,89.0,100.0,105.39905,5.3990478515625,5.3990478515625,Unhealthy for Sensitive Groups,Moderate,11.0,16.3990478515625,5.3990478515625
Gujranwala,2026-04-19,108.0,114.0,117.22505,3.2250518798828125,3.2250518798828125,Unhealthy for Sensitive Groups,Unhealthy for Sensitive Groups,6.0,9.225051879882812,3.2250518798828125
Hyderabad,2026-04-19,122.0,121.0,107.76246,13.237541198730469,-13.237541198730469,Unhealthy for Sensitive Groups,Unhealthy for Sensitive Groups,-1.0,-14.237541198730469,-13.237541198730469
Peshawar,2026-04-19,91.0,97.0,105.60807,8.608070373535156,8.608070373535156,Unhealthy for Sensitive Groups,Moderate,6.0,14.608070373535156,8.608070373535156
Bahawalpur,2026-04-19,119.0,110.0,136.74725,26.74725341796875,26.74725341796875,Unhealthy for Sensitive Groups,Unhealthy for Sensitive Groups,-9.0,17.74725341796875,26.74725341796875
Faisalabad,2026-04-19,112.0,136.0,123.759476,12.240524291992188,-12.240524291992188,Unhealthy for Sensitive Groups,Unhealthy for Sensitive Groups,24.0,11.759475708007812,-12.240524291992188
Rawalpindi,2026-04-19,116.0,98.0,118.53982,20.539817810058594,20.539817810058594,Unhealthy for Sensitive Groups,Moderate,-18.0,2.5398178100585938,20.539817810058594
Islamabad,2026-04-19,116.0,98.0,117.68013,19.680130004882812,19.680130004882812,Unhealthy for Sensitive Groups,Moderate,-18.0,1.6801300048828125,19.680130004882812
Lahore,2026-04-19,121.0,130.0,139.7726,9.772598266601562,9.772598266601562,Unhealthy for Sensitive Groups,Unhealthy for Sensitive Groups,9.0,18.772598266601562,9.772598266601562
Karachi,2026-04-19,118.0,112.0,117.12885,5.128852844238281,5.128852844238281,Unhealthy for Sensitive Groups,Unhealthy for Sensitive Groups,-6.0,-0.8711471557617188,5.128852844238281
Multan,2026-04-19,124.0,136.0,132.60632,3.3936767578125,-3.3936767578125,Unhealthy for Sensitive Groups,Unhealthy for Sensitive Groups,12.0,8.6063232421875,-3.3936767578125
Sialkot,2026-04-20,100.0,119.0,108.787315,10.212684631347656,-10.212684631347656,Unhealthy for Sensitive Groups,Unhealthy for Sensitive Groups,19.0,8.787315368652344,-10.212684631347656
Gujranwala,2026-04-20,114.0,113.0,125.15476,12.154762268066406,12.154762268066406,Unhealthy for Sensitive Groups,Unhealthy for Sensitive Groups,-1.0,11.154762268066406,12.154762268066406
Hyderabad,2026-04-20,121.0,106.0,116.160995,10.160995483398438,10.160995483398438,Unhealthy for Sensitive Groups,Unhealthy for Sensitive Groups,-15.0,-4.8390045166015625,10.160995483398438
Quetta,2026-04-20,98.0,75.0,99.41594,24.415939331054688,24.415939331054688,Moderate,Moderate,-23.0,1.4159393310546875,24.415939331054688
Peshawar,2026-04-20,97.0,98.0,99.29102,1.2910232543945312,1.2910232543945312,Moderate,Moderate,1.0,2.2910232543945312,1.2910232543945312
Bahawalpur,2026-04-20,110.0,108.0,115.726494,7.726493835449219,7.726493835449219,Unhealthy for Sensitive Groups,Unhealthy for Sensitive Groups,-2.0,5.726493835449219,7.726493835449219
Faisalabad,2026-04-20,136.0,130.0,145.22865,15.228652954101562,15.228652954101562,Unhealthy for Sensitive Groups,Unhealthy for Sensitive Groups,-6.0,9.228652954101562,15.228652954101562
Rawalpindi,2026-04-20,98.0,126.0,111.85115,14.148849487304688,-14.148849487304688,Unhealthy for Sensitive Groups,Unhealthy for Sensitive Groups,28.0,13.851150512695312,-14.148849487304688
Islamabad,2026-04-20,98.0,126.0,112.282585,13.717414855957031,-13.717414855957031,Unhealthy for Sensitive Groups,Unhealthy for Sensitive Groups,28.0,14.282585144042969,-13.717414855957031
Lahore,2026-04-20,130.0,132.0,140.67856,8.678558349609375,8.678558349609375,Unhealthy for Sensitive Groups,Unhealthy for Sensitive Groups,2.0,10.678558349609375,8.678558349609375
Karachi,2026-04-20,112.0,76.0,114.33823,38.338226318359375,38.338226318359375,Unhealthy for Sensitive Groups,Moderate,-36.0,2.338226318359375,38.338226318359375
Multan,2026-04-20,136.0,157.0,131.16252,25.837478637695312,-25.837478637695312,Unhealthy for Sensitive Groups,Unhealthy,21.0,-4.8374786376953125,-25.837478637695312
Bahawalpur,2026-04-21,108.0,105.0,125.1893,20.189300537109375,20.189300537109375,Unhealthy for Sensitive Groups,Unhealthy for Sensitive Groups,-3.0,17.189300537109375,20.189300537109375
Sialkot,2026-04-21,119.0,147.0,133.10509,13.894912719726562,-13.894912719726562,Unhealthy for Sensitive Groups,Unhealthy for Sensitive Groups,28.0,14.105087280273438,-13.894912719726562
Gujranwala,2026-04-21,113.0,156.0,136.99193,19.008071899414062,-19.008071899414062,Unhealthy for Sensitive Groups,Unhealthy,43.0,23.991928100585938,-19.008071899414062
Hyderabad,2026-04-21,106.0,68.0,113.22646,45.226463317871094,45.226463317871094,Unhealthy for Sensitive Groups,Moderate,-38.0,7.226463317871094,45.226463317871094
Quetta,2026-04-21,75.0,109.0,97.590454,11.4095458984375,-11.4095458984375,Moderate,Unhealthy for Sensitive Groups,34.0,22.5904541015625,-11.4095458984375
Peshawar,2026-04-21,98.0,138.0,103.720375,34.279624938964844,-34.279624938964844,Unhealthy for Sensitive Groups,Unhealthy for Sensitive Groups,40.0,5.720375061035156,-34.279624938964844
Multan,2026-04-21,157.0,146.0,153.87096,7.8709564208984375,7.8709564208984375,Unhealthy,Unhealthy for Sensitive Groups,-11.0,-3.1290435791015625,7.8709564208984375
Rawalpindi,2026-04-21,126.0,126.0,151.5686,25.568603515625,25.568603515625,Unhealthy,Unhealthy for Sensitive Groups,0.0,25.568603515625,25.568603515625
Islamabad,2026-04-21,126.0,126.0,152.20897,26.208969116210938,26.208969116210938,Unhealthy,Unhealthy for Sensitive Groups,0.0,26.208969116210938,26.208969116210938
Lahore,2026-04-21,132.0,171.0,150.44167,20.558334350585938,-20.558334350585938,Unhealthy,Unhealthy,39.0,18.441665649414062,-20.558334350585938
Karachi,2026-04-21,76.0,73.0,92.91693,19.91693115234375,19.91693115234375,Moderate,Moderate,-3.0,16.91693115234375,19.91693115234375
Faisalabad,2026-04-21,130.0,168.0,146.72533,21.274673461914062,-21.274673461914062,Unhealthy for Sensitive Groups,Unhealthy,38.0,16.725326538085938,-21.274673461914062
Quetta,2026-04-22,109.0,118.0,111.422485,6.5775146484375,-6.5775146484375,Unhealthy for Sensitive Groups,Unhealthy for Sensitive Groups,9.0,2.4224853515625,-6.5775146484375
Bahawalpur,2026-04-22,105.0,99.0,116.34051,17.34050750732422,17.34050750732422,Unhealthy for Sensitive Groups,Moderate,-6.0,11.340507507324219,17.34050750732422
Sialkot,2026-04-22,147.0,158.0,141.70676,16.293243408203125,-16.293243408203125,Unhealthy for Sensitive Groups,Unhealthy,11.0,-5.293243408203125,-16.293243408203125
Gujranwala,2026-04-22,156.0,144.0,156.56023,12.560226440429688,12.560226440429688,Unhealthy,Unhealthy for Sensitive Groups,-12.0,0.5602264404296875,12.560226440429688
Hyderabad,2026-04-22,68.0,79.0,76.79291,2.20709228515625,-2.20709228515625,Moderate,Moderate,11.0,8.79290771484375,-2.20709228515625
Peshawar,2026-04-22,138.0,82.0,132.85959,50.859588623046875,50.859588623046875,Unhealthy for Sensitive Groups,Moderate,-56.0,-5.140411376953125,50.859588623046875
Multan,2026-04-22,146.0,156.0,138.02689,17.973114013671875,-17.973114013671875,Unhealthy for Sensitive Groups,Unhealthy,10.0,-7.973114013671875,-17.973114013671875
Faisalabad,2026-04-22,168.0,152.0,157.26398,5.26397705078125,5.26397705078125,Unhealthy,Unhealthy,-16.0,-10.73602294921875,5.26397705078125
Rawalpindi,2026-04-22,126.0,142.0,154.62169,12.621688842773438,12.621688842773438,Unhealthy,Unhealthy for Sensitive Groups,16.0,28.621688842773438,12.621688842773438
Islamabad,2026-04-22,126.0,142.0,147.66702,5.667022705078125,5.667022705078125,Unhealthy for Sensitive Groups,Unhealthy for Sensitive Groups,16.0,21.667022705078125,5.667022705078125
Lahore,2026-04-22,171.0,151.0,174.97957,23.979568481445312,23.979568481445312,Unhealthy,Unhealthy,-20.0,3.9795684814453125,23.979568481445312
Karachi,2026-04-22,73.0,63.0,78.50821,15.508209228515625,15.508209228515625,Moderate,Moderate,-10.0,5.508209228515625,15.508209228515625
Sialkot,2026-04-23,158.0,101.0,141.08926,40.089263916015625,40.089263916015625,Unhealthy for Sensitive Groups,Unhealthy for Sensitive Groups,-57.0,-16.910736083984375,40.089263916015625
Gujranwala,2026-04-23,144.0,126.0,143.22595,17.2259521484375,17.2259521484375,Unhealthy for Sensitive Groups,Unhealthy for Sensitive Groups,-18.0,-0.7740478515625,17.2259521484375
Hyderabad,2026-04-23,79.0,81.0,84.13015,3.1301498413085938,3.1301498413085938,Moderate,Moderate,2.0,5.130149841308594,3.1301498413085938
Quetta,2026-04-23,118.0,116.0,115.28914,0.7108612060546875,-0.7108612060546875,Unhealthy for Sensitive Groups,Unhealthy for Sensitive Groups,-2.0,-2.7108612060546875,-0.7108612060546875
Peshawar,2026-04-23,82.0,76.0,91.24031,15.240310668945312,15.240310668945312,Moderate,Moderate,-6.0,9.240310668945312,15.240310668945312
Bahawalpur,2026-04-23,99.0,98.0,113.93544,15.935440063476562,15.935440063476562,Unhealthy for Sensitive Groups,Moderate,-1.0,14.935440063476562,15.935440063476562
Faisalabad,2026-04-23,152.0,132.0,152.3671,20.367095947265625,20.367095947265625,Unhealthy,Unhealthy for Sensitive Groups,-20.0,0.367095947265625,20.367095947265625
Rawalpindi,2026-04-23,142.0,102.0,127.05307,25.053070068359375,25.053070068359375,Unhealthy for Sensitive Groups,Unhealthy for Sensitive Groups,-40.0,-14.946929931640625,25.053070068359375
Islamabad,2026-04-23,142.0,102.0,125.73169,23.731689453125,23.731689453125,Unhealthy for Sensitive Groups,Unhealthy for Sensitive Groups,-40.0,-16.268310546875,23.731689453125
Lahore,2026-04-23,151.0,120.0,144.0824,24.0823974609375,24.0823974609375,Unhealthy for Sensitive Groups,Unhealthy for Sensitive Groups,-31.0,-6.9176025390625,24.0823974609375
Karachi,2026-04-23,63.0,67.0,80.06742,13.067420959472656,13.067420959472656,Moderate,Moderate,4.0,17.067420959472656,13.067420959472656
Multan,2026-04-23,156.0,125.0,142.51695,17.516952514648438,17.516952514648438,Unhealthy for Sensitive Groups,Unhealthy for Sensitive Groups,-31.0,-13.483047485351562,17.516952514648438
Bahawalpur,2026-04-24,98.0,101.0,126.620766,25.620765686035156,25.620765686035156,Unhealthy for Sensitive Groups,Unhealthy for Sensitive Groups,3.0,28.620765686035156,25.620765686035156
Sialkot,2026-04-24,101.0,101.0,114.605804,13.605804443359375,13.605804443359375,Unhealthy for Sensitive Groups,Unhealthy for Sensitive Groups,0.0,13.605804443359375,13.605804443359375
Gujranwala,2026-04-24,126.0,96.0,118.7906,22.790603637695312,22.790603637695312,Unhealthy for Sensitive Groups,Moderate,-30.0,-7.2093963623046875,22.790603637695312
Hyderabad,2026-04-24,81.0,82.0,84.33068,2.3306808471679688,2.3306808471679688,Moderate,Moderate,1.0,3.3306808471679688,2.3306808471679688
Quetta,2026-04-24,116.0,109.0,110.60403,1.6040267944335938,1.6040267944335938,Unhealthy for Sensitive Groups,Unhealthy for Sensitive Groups,-7.0,-5.395973205566406,1.6040267944335938
Peshawar,2026-04-24,76.0,88.0,82.249565,5.750434875488281,-5.750434875488281,Moderate,Moderate,12.0,6.249565124511719,-5.750434875488281
Multan,2026-04-24,125.0,154.0,122.123795,31.876205444335938,-31.876205444335938,Unhealthy for Sensitive Groups,Unhealthy,29.0,-2.8762054443359375,-31.876205444335938
Rawalpindi,2026-04-24,102.0,99.0,109.69562,10.69561767578125,10.69561767578125,Unhealthy for Sensitive Groups,Moderate,-3.0,7.69561767578125,10.69561767578125
Islamabad,2026-04-24,102.0,99.0,110.44245,11.442451477050781,11.442451477050781,Unhealthy for Sensitive Groups,Moderate,-3.0,8.442451477050781,11.442451477050781
Lahore,2026-04-24,120.0,101.0,131.18652,30.1865234375,30.1865234375,Unhealthy for Sensitive Groups,Unhealthy for Sensitive Groups,-19.0,11.1865234375,30.1865234375
Karachi,2026-04-24,67.0,77.0,80.5162,3.5161972045898438,3.5161972045898438,Moderate,Moderate,10.0,13.516197204589844,3.5161972045898438
Faisalabad,2026-04-24,132.0,128.0,138.7042,10.704193115234375,10.704193115234375,Unhealthy for Sensitive Groups,Unhealthy for Sensitive Groups,-4.0,6.704193115234375,10.704193115234375
Quetta,2026-04-25,109.0,109.0,122.797516,13.797515869140625,13.797515869140625,Unhealthy for Sensitive Groups,Unhealthy for Sensitive Groups,0.0,13.797515869140625,13.797515869140625
Sialkot,2026-04-25,101.0,114.0,121.903175,7.903175354003906,7.903175354003906,Unhealthy for Sensitive Groups,Unhealthy for Sensitive Groups,13.0,20.903175354003906,7.903175354003906
Gujranwala,2026-04-25,96.0,110.0,112.3691,2.3691024780273438,2.3691024780273438,Unhealthy for Sensitive Groups,Unhealthy for Sensitive Groups,14.0,16.369102478027344,2.3691024780273438
Hyderabad,2026-04-25,82.0,73.0,102.2783,29.278297424316406,29.278297424316406,Unhealthy for Sensitive Groups,Moderate,-9.0,20.278297424316406,29.278297424316406
Peshawar,2026-04-25,88.0,113.0,94.84197,18.15802764892578,-18.15802764892578,Moderate,Unhealthy for Sensitive Groups,25.0,6.841972351074219,-18.15802764892578
Bahawalpur,2026-04-25,101.0,100.0,129.03677,29.036773681640625,29.036773681640625,Unhealthy for Sensitive Groups,Moderate,-1.0,28.036773681640625,29.036773681640625
Faisalabad,2026-04-25,128.0,155.0,151.63316,3.3668365478515625,-3.3668365478515625,Unhealthy,Unhealthy,27.0,23.633163452148438,-3.3668365478515625
Rawalpindi,2026-04-25,99.0,113.0,107.711815,5.288185119628906,-5.288185119628906,Unhealthy for Sensitive Groups,Unhealthy for Sensitive Groups,14.0,8.711814880371094,-5.288185119628906
Islamabad,2026-04-25,99.0,113.0,110.77369,2.2263107299804688,-2.2263107299804688,Unhealthy for Sensitive Groups,Unhealthy for Sensitive Groups,14.0,11.773689270019531,-2.2263107299804688
Lahore,2026-04-25,101.0,120.0,127.67763,7.6776275634765625,7.6776275634765625,Unhealthy for Sensitive Groups,Unhealthy for Sensitive Groups,19.0,26.677627563476562,7.6776275634765625
Karachi,2026-04-25,77.0,76.0,92.86302,16.863021850585938,16.863021850585938,Moderate,Moderate,-1.0,15.863021850585938,16.863021850585938
Multan,2026-04-25,154.0,152.0,158.3819,6.38189697265625,6.38189697265625,Unhealthy,Unhealthy,-2.0,4.38189697265625,6.38189697265625
Sialkot,2026-04-26,114.0,149.0,100.19321,48.806793212890625,-48.806793212890625,Unhealthy for Sensitive Groups,Unhealthy for Sensitive Groups,35.0,-13.806793212890625,-48.806793212890625
Gujranwala,2026-04-26,110.0,135.0,108.948616,26.05138397216797,-26.05138397216797,Unhealthy for Sensitive Groups,Unhealthy for Sensitive Groups,25.0,-1.0513839721679688,-26.05138397216797
Hyderabad,2026-04-26,73.0,87.0,88.97574,1.975738525390625,1.975738525390625,Moderate,Moderate,14.0,15.975738525390625,1.975738525390625
Quetta,2026-04-26,109.0,119.0,101.18004,17.819961547851562,-17.819961547851562,Unhealthy for Sensitive Groups,Unhealthy for Sensitive Groups,10.0,-7.8199615478515625,-17.819961547851562
Peshawar,2026-04-26,113.0,114.0,119.95375,5.9537506103515625,5.9537506103515625,Unhealthy for Sensitive Groups,Unhealthy for Sensitive Groups,1.0,6.9537506103515625,5.9537506103515625
Bahawalpur,2026-04-26,100.0,92.0,105.371864,13.371864318847656,13.371864318847656,Unhealthy for Sensitive Groups,Moderate,-8.0,5.371864318847656,13.371864318847656
Faisalabad,2026-04-26,155.0,152.0,145.27628,6.723724365234375,-6.723724365234375,Unhealthy for Sensitive Groups,Unhealthy,-3.0,-9.723724365234375,-6.723724365234375
Rawalpindi,2026-04-26,113.0,139.0,128.4924,10.507598876953125,-10.507598876953125,Unhealthy for Sensitive Groups,Unhealthy for Sensitive Groups,26.0,15.492401123046875,-10.507598876953125
Islamabad,2026-04-26,113.0,139.0,126.84351,12.156486511230469,-12.156486511230469,Unhealthy for Sensitive Groups,Unhealthy for Sensitive Groups,26.0,13.843513488769531,-12.156486511230469
Lahore,2026-04-26,120.0,143.0,131.37402,11.6259765625,-11.6259765625,Unhealthy for Sensitive Groups,Unhealthy for Sensitive Groups,23.0,11.3740234375,-11.6259765625
Karachi,2026-04-26,76.0,73.0,86.93625,13.936248779296875,13.936248779296875,Moderate,Moderate,-3.0,10.936248779296875,13.936248779296875
Multan,2026-04-26,152.0,136.0,142.6881,6.6880950927734375,6.6880950927734375,Unhealthy for Sensitive Groups,Unhealthy for Sensitive Groups,-16.0,-9.311904907226562,6.6880950927734375
Bahawalpur,2026-04-27,92.0,83.0,97.034386,14.034385681152344,14.034385681152344,Moderate,Moderate,-9.0,5.034385681152344,14.034385681152344
Sialkot,2026-04-27,149.0,91.0,135.8655,44.86549377441406,44.86549377441406,Unhealthy for Sensitive Groups,Moderate,-58.0,-13.134506225585938,44.86549377441406
Gujranwala,2026-04-27,135.0,95.0,140.84705,45.8470458984375,45.8470458984375,Unhealthy for Sensitive Groups,Moderate,-40.0,5.8470458984375,45.8470458984375
Hyderabad,2026-04-27,87.0,115.0,89.787384,25.212615966796875,-25.212615966796875,Moderate,Unhealthy for Sensitive Groups,28.0,2.787384033203125,-25.212615966796875
Quetta,2026-04-27,119.0,253.0,114.61512,138.38488006591797,-138.38488006591797,Unhealthy for Sensitive Groups,Very Unhealthy,134.0,-4.384880065917969,-138.38488006591797
Peshawar,2026-04-27,114.0,113.0,115.52513,2.5251312255859375,2.5251312255859375,Unhealthy for Sensitive Groups,Unhealthy for Sensitive Groups,-1.0,1.5251312255859375,2.5251312255859375
Multan,2026-04-27,136.0,129.0,138.9132,9.913192749023438,9.913192749023438,Unhealthy for Sensitive Groups,Unhealthy for Sensitive Groups,-7.0,2.9131927490234375,9.913192749023438
Rawalpindi,2026-04-27,139.0,103.0,144.47794,41.477935791015625,41.477935791015625,Unhealthy for Sensitive Groups,Unhealthy for Sensitive Groups,-36.0,5.477935791015625,41.477935791015625
Islamabad,2026-04-27,139.0,103.0,147.0479,44.04789733886719,44.04789733886719,Unhealthy for Sensitive Groups,Unhealthy for Sensitive Groups,-36.0,8.047897338867188,44.04789733886719
Lahore,2026-04-27,143.0,93.0,159.35071,66.3507080078125,66.3507080078125,Unhealthy,Moderate,-50.0,16.3507080078125,66.3507080078125
Karachi,2026-04-27,73.0,82.0,81.36835,0.63165283203125,-0.63165283203125,Moderate,Moderate,9.0,8.36834716796875,-0.63165283203125
Faisalabad,2026-04-27,152.0,151.0,151.62456,0.6245574951171875,0.6245574951171875,Unhealthy,Unhealthy,-1.0,-0.3754425048828125,0.6245574951171875
Quetta,2026-04-28,253.0,194.0,183.0053,10.994705200195312,-10.994705200195312,Unhealthy,Unhealthy,-59.0,-69.99470520019531,-10.994705200195312
Sialkot,2026-04-28,91.0,115.0,108.59618,6.403816223144531,-6.403816223144531,Unhealthy for Sensitive Groups,Unhealthy for Sensitive Groups,24.0,17.59618377685547,-6.403816223144531
Gujranwala,2026-04-28,95.0,150.0,114.53144,35.46855926513672,-35.46855926513672,Unhealthy for Sensitive Groups,Unhealthy for Sensitive Groups,55.0,19.53144073486328,-35.46855926513672
Hyderabad,2026-04-28,115.0,103.0,101.63468,1.3653182983398438,-1.3653182983398438,Unhealthy for Sensitive Groups,Unhealthy for Sensitive Groups,-12.0,-13.365318298339844,-1.3653182983398438
Peshawar,2026-04-28,113.0,108.0,107.40616,0.593841552734375,-0.593841552734375,Unhealthy for Sensitive Groups,Unhealthy for Sensitive Groups,-5.0,-5.593841552734375,-0.593841552734375
Bahawalpur,2026-04-28,83.0,110.0,97.0983,12.901702880859375,-12.901702880859375,Moderate,Unhealthy for Sensitive Groups,27.0,14.098297119140625,-12.901702880859375
Faisalabad,2026-04-28,151.0,139.0,125.20068,13.79931640625,-13.79931640625,Unhealthy for Sensitive Groups,Unhealthy for Sensitive Groups,-12.0,-25.79931640625,-13.79931640625
Karachi,2026-04-28,82.0,115.0,81.819954,33.18004608154297,-33.18004608154297,Moderate,Unhealthy for Sensitive Groups,33.0,-0.18004608154296875,-33.18004608154297
Lahore,2026-04-28,93.0,178.0,116.13034,61.869659423828125,-61.869659423828125,Unhealthy for Sensitive Groups,Unhealthy,85.0,23.130340576171875,-61.869659423828125
Multan,2026-04-28,129.0,104.0,116.61047,12.6104736328125,12.6104736328125,Unhealthy for Sensitive Groups,Unhealthy for Sensitive Groups,-25.0,-12.3895263671875,12.6104736328125
Rawalpindi,2026-04-28,103.0,78.0,121.849205,43.849205017089844,43.849205017089844,Unhealthy for Sensitive Groups,Moderate,-25.0,18.849205017089844,43.849205017089844
Islamabad,2026-04-28,103.0,78.0,117.85713,39.85713195800781,39.85713195800781,Unhealthy for Sensitive Groups,Moderate,-25.0,14.857131958007812,39.85713195800781
Bahawalpur,2026-04-29,110.0,110.0,122.36461,12.364608764648438,12.364608764648438,Unhealthy for Sensitive Groups,Unhealthy for Sensitive Groups,0.0,12.364608764648438,12.364608764648438
Sialkot,2026-04-29,115.0,129.0,115.14902,13.850982666015625,-13.850982666015625,Unhealthy for Sensitive Groups,Unhealthy for Sensitive Groups,14.0,0.149017333984375,-13.850982666015625
Gujranwala,2026-04-29,150.0,145.0,128.42538,16.574615478515625,-16.574615478515625,Unhealthy for Sensitive Groups,Unhealthy for Sensitive Groups,-5.0,-21.574615478515625,-16.574615478515625
Hyderabad,2026-04-29,103.0,123.0,104.00365,18.996353149414062,-18.996353149414062,Unhealthy for Sensitive Groups,Unhealthy for Sensitive Groups,20.0,1.0036468505859375,-18.996353149414062
Peshawar,2026-04-29,108.0,149.0,121.99691,27.003089904785156,-27.003089904785156,Unhealthy for Sensitive Groups,Unhealthy for Sensitive Groups,41.0,13.996910095214844,-27.003089904785156
Quetta,2026-04-29,194.0,144.0,145.45003,1.4500274658203125,1.4500274658203125,Unhealthy for Sensitive Groups,Unhealthy for Sensitive Groups,-50.0,-48.54997253417969,1.4500274658203125
Faisalabad,2026-04-29,139.0,137.0,142.94212,5.9421234130859375,5.9421234130859375,Unhealthy for Sensitive Groups,Unhealthy for Sensitive Groups,-2.0,3.9421234130859375,5.9421234130859375
Rawalpindi,2026-04-29,78.0,126.0,96.203514,29.796485900878906,-29.796485900878906,Moderate,Unhealthy for Sensitive Groups,48.0,18.203514099121094,-29.796485900878906
Islamabad,2026-04-29,78.0,126.0,99.00701,26.99298858642578,-26.99298858642578,Moderate,Unhealthy for Sensitive Groups,48.0,21.00701141357422,-26.99298858642578
Lahore,2026-04-29,178.0,170.0,143.32156,26.678436279296875,-26.678436279296875,Unhealthy for Sensitive Groups,Unhealthy,-8.0,-34.678436279296875,-26.678436279296875
Karachi,2026-04-29,115.0,89.0,106.98172,17.981719970703125,17.981719970703125,Unhealthy for Sensitive Groups,Moderate,-26.0,-8.018280029296875,17.981719970703125
Multan,2026-04-29,104.0,157.0,116.1934,40.806602478027344,-40.806602478027344,Unhealthy for Sensitive Groups,Unhealthy,53.0,12.193397521972656,-40.806602478027344
Bahawalpur,2026-04-30,110.0,126.0,101.965126,24.034873962402344,-24.034873962402344,Unhealthy for Sensitive Groups,Unhealthy for Sensitive Groups,16.0,-8.034873962402344,-24.034873962402344
Sialkot,2026-04-30,129.0,156.0,126.338394,29.661605834960938,-29.661605834960938,Unhealthy for Sensitive Groups,Unhealthy,27.0,-2.6616058349609375,-29.661605834960938
Gujranwala,2026-04-30,145.0,158.0,144.83678,13.163223266601562,-13.163223266601562,Unhealthy for Sensitive Groups,Unhealthy,13.0,-0.1632232666015625,-13.163223266601562
Hyderabad,2026-04-30,123.0,85.0,102.059586,17.059585571289062,17.059585571289062,Unhealthy for Sensitive Groups,Moderate,-38.0,-20.940414428710938,17.059585571289062
Quetta,2026-04-30,144.0,103.0,129.43251,26.432510375976562,26.432510375976562,Unhealthy for Sensitive Groups,Unhealthy for Sensitive Groups,-41.0,-14.567489624023438,26.432510375976562
Peshawar,2026-04-30,149.0,148.0,140.10321,7.89678955078125,-7.89678955078125,Unhealthy for Sensitive Groups,Unhealthy for Sensitive Groups,-1.0,-8.89678955078125,-7.89678955078125
Multan,2026-04-30,157.0,147.0,151.1771,4.177093505859375,4.177093505859375,Unhealthy,Unhealthy for Sensitive Groups,-10.0,-5.822906494140625,4.177093505859375
Rawalpindi,2026-04-30,126.0,147.0,128.48201,18.517990112304688,-18.517990112304688,Unhealthy for Sensitive Groups,Unhealthy for Sensitive Groups,21.0,2.4820098876953125,-18.517990112304688
Islamabad,2026-04-30,126.0,147.0,124.52795,22.47205352783203,-22.47205352783203,Unhealthy for Sensitive Groups,Unhealthy for Sensitive Groups,21.0,-1.4720535278320312,-22.47205352783203
Lahore,2026-04-30,170.0,187.0,170.72238,16.277618408203125,-16.277618408203125,Unhealthy,Unhealthy,17.0,0.722381591796875,-16.277618408203125
Karachi,2026-04-30,89.0,83.0,98.74512,15.7451171875,15.7451171875,Moderate,Moderate,-6.0,9.7451171875,15.7451171875
Faisalabad,2026-04-30,137.0,164.0,144.14374,19.85626220703125,-19.85626220703125,Unhealthy for Sensitive Groups,Unhealthy,27.0,7.14373779296875,-19.85626220703125
Bahawalpur,2026-05-01,126.0,101.0,120.85531,19.855308532714844,19.855308532714844,Unhealthy for Sensitive Groups,Unhealthy for Sensitive Groups,-25.0,-5.144691467285156,19.855308532714844
Sialkot,2026-05-01,156.0,154.0,141.91428,12.085723876953125,-12.085723876953125,Unhealthy for Sensitive Groups,Unhealthy,-2.0,-14.085723876953125,-12.085723876953125
Gujranwala,2026-05-01,158.0,183.0,156.64948,26.35052490234375,-26.35052490234375,Unhealthy,Unhealthy,25.0,-1.35052490234375,-26.35052490234375
Hyderabad,2026-05-01,85.0,111.0,95.29012,15.709877014160156,-15.709877014160156,Moderate,Unhealthy for Sensitive Groups,26.0,10.290122985839844,-15.709877014160156
Quetta,2026-05-01,103.0,144.0,123.694855,20.305145263671875,-20.305145263671875,Unhealthy for Sensitive Groups,Unhealthy for Sensitive Groups,41.0,20.694854736328125,-20.305145263671875
Peshawar,2026-05-01,148.0,140.0,131.42061,8.579391479492188,-8.579391479492188,Unhealthy for Sensitive Groups,Unhealthy for Sensitive Groups,-8.0,-16.579391479492188,-8.579391479492188
Multan,2026-05-01,147.0,147.0,147.46564,0.46563720703125,0.46563720703125,Unhealthy for Sensitive Groups,Unhealthy for Sensitive Groups,0.0,0.46563720703125,0.46563720703125
Rawalpindi,2026-05-01,147.0,150.0,140.39116,9.608840942382812,-9.608840942382812,Unhealthy for Sensitive Groups,Unhealthy for Sensitive Groups,3.0,-6.6088409423828125,-9.608840942382812
Islamabad,2026-05-01,147.0,150.0,142.90988,7.090118408203125,-7.090118408203125,Unhealthy for Sensitive Groups,Unhealthy for Sensitive Groups,3.0,-4.090118408203125,-7.090118408203125
Lahore,2026-05-01,187.0,196.0,183.90211,12.097885131835938,-12.097885131835938,Unhealthy,Unhealthy,9.0,-3.0978851318359375,-12.097885131835938
Karachi,2026-05-01,83.0,91.0,101.561646,10.5616455078125,10.5616455078125,Unhealthy for Sensitive Groups,Moderate,8.0,18.5616455078125,10.5616455078125
Faisalabad,2026-05-01,164.0,201.0,160.87079,40.12921142578125,-40.12921142578125,Unhealthy,Very Unhealthy,37.0,-3.12921142578125,-40.12921142578125
Quetta,2026-05-02,144.0,183.0,162.14465,20.8553466796875,-20.8553466796875,Unhealthy,Unhealthy,39.0,18.1446533203125,-20.8553466796875
Sialkot,2026-05-02,154.0,152.0,148.03906,3.9609375,-3.9609375,Unhealthy for Sensitive Groups,Unhealthy,-2.0,-5.9609375,-3.9609375
Gujranwala,2026-05-02,183.0,166.0,172.40826,6.40826416015625,6.40826416015625,Unhealthy,Unhealthy,-17.0,-10.59173583984375,6.40826416015625
Hyderabad,2026-05-02,111.0,121.0,101.08636,19.91364288330078,-19.91364288330078,Unhealthy for Sensitive Groups,Unhealthy for Sensitive Groups,10.0,-9.913642883300781,-19.91364288330078
Peshawar,2026-05-02,140.0,116.0,122.35879,6.358787536621094,6.358787536621094,Unhealthy for Sensitive Groups,Unhealthy for Sensitive Groups,-24.0,-17.641212463378906,6.358787536621094
Bahawalpur,2026-05-02,101.0,179.0,113.5031,65.49690246582031,-65.49690246582031,Unhealthy for Sensitive Groups,Unhealthy,78.0,12.503097534179688,-65.49690246582031
Faisalabad,2026-05-02,201.0,177.0,176.56253,0.437469482421875,-0.437469482421875,Unhealthy,Unhealthy,-24.0,-24.437469482421875,-0.437469482421875
Karachi,2026-05-02,91.0,120.0,103.190475,16.809524536132812,-16.809524536132812,Unhealthy for Sensitive Groups,Unhealthy for Sensitive Groups,29.0,12.190475463867188,-16.809524536132812
Lahore,2026-05-02,196.0,173.0,177.89613,4.8961334228515625,4.8961334228515625,Unhealthy,Unhealthy,-23.0,-18.103866577148438,4.8961334228515625
Multan,2026-05-02,147.0,178.0,139.70737,38.292633056640625,-38.292633056640625,Unhealthy for Sensitive Groups,Unhealthy,31.0,-7.292633056640625,-38.292633056640625
Rawalpindi,2026-05-02,150.0,151.0,130.12178,20.878219604492188,-20.878219604492188,Unhealthy for Sensitive Groups,Unhealthy,1.0,-19.878219604492188,-20.878219604492188
Islamabad,2026-05-02,150.0,151.0,131.12076,19.879241943359375,-19.879241943359375,Unhealthy for Sensitive Groups,Unhealthy,1.0,-18.879241943359375,-19.879241943359375
Bahawalpur,2026-05-03,179.0,157.0,140.3693,16.630706787109375,-16.630706787109375,Unhealthy for Sensitive Groups,Unhealthy,-22.0,-38.630706787109375,-16.630706787109375
Sialkot,2026-05-03,152.0,126.0,134.98772,8.987716674804688,8.987716674804688,Unhealthy for Sensitive Groups,Unhealthy for Sensitive Groups,-26.0,-17.012283325195312,8.987716674804688
Gujranwala,2026-05-03,166.0,139.0,143.61179,4.611785888671875,4.611785888671875,Unhealthy for Sensitive Groups,Unhealthy for Sensitive Groups,-27.0,-22.388214111328125,4.611785888671875
Hyderabad,2026-05-03,121.0,125.0,113.26889,11.731109619140625,-11.731109619140625,Unhealthy for Sensitive Groups,Unhealthy for Sensitive Groups,4.0,-7.731109619140625,-11.731109619140625
Peshawar,2026-05-03,116.0,112.0,120.03325,8.033248901367188,8.033248901367188,Unhealthy for Sensitive Groups,Unhealthy for Sensitive Groups,-4.0,4.0332489013671875,8.033248901367188
Quetta,2026-05-03,183.0,166.0,164.81989,1.18011474609375,-1.18011474609375,Unhealthy,Unhealthy,-17.0,-18.18011474609375,-1.18011474609375
Faisalabad,2026-05-03,177.0,155.0,146.85957,8.140426635742188,-8.140426635742188,Unhealthy for Sensitive Groups,Unhealthy,-22.0,-30.140426635742188,-8.140426635742188
Rawalpindi,2026-05-03,151.0,145.0,135.91542,9.084579467773438,-9.084579467773438,Unhealthy for Sensitive Groups,Unhealthy for Sensitive Groups,-6.0,-15.084579467773438,-9.084579467773438
Islamabad,2026-05-03,151.0,145.0,140.93234,4.067657470703125,-4.067657470703125,Unhealthy for Sensitive Groups,Unhealthy for Sensitive Groups,-6.0,-10.067657470703125,-4.067657470703125
Lahore,2026-05-03,173.0,140.0,154.74245,14.742446899414062,14.742446899414062,Unhealthy,Unhealthy for Sensitive Groups,-33.0,-18.257553100585938,14.742446899414062
Karachi,2026-05-03,120.0,125.0,100.00849,24.99150848388672,-24.99150848388672,Unhealthy for Sensitive Groups,Unhealthy for Sensitive Groups,5.0,-19.99150848388672,-24.99150848388672
Multan,2026-05-03,178.0,164.0,150.32613,13.673873901367188,-13.673873901367188,Unhealthy,Unhealthy,-14.0,-27.673873901367188,-13.673873901367188
Quetta,2026-05-04,166.0,112.0,150.02977,38.02976989746094,38.02976989746094,Unhealthy,Unhealthy for Sensitive Groups,-54.0,-15.970230102539062,38.02976989746094
Bahawalpur,2026-05-04,157.0,158.0,168.35875,10.358749389648438,10.358749389648438,Unhealthy,Unhealthy,1.0,11.358749389648438,10.358749389648438
Sialkot,2026-05-04,126.0,138.0,144.65634,6.656341552734375,6.656341552734375,Unhealthy for Sensitive Groups,Unhealthy for Sensitive Groups,12.0,18.656341552734375,6.656341552734375
Gujranwala,2026-05-04,139.0,151.0,162.77979,11.77978515625,11.77978515625,Unhealthy,Unhealthy,12.0,23.77978515625,11.77978515625
Hyderabad,2026-05-04,125.0,147.0,127.06374,19.936256408691406,-19.936256408691406,Unhealthy for Sensitive Groups,Unhealthy for Sensitive Groups,22.0,2.0637435913085938,-19.936256408691406
Peshawar,2026-05-04,112.0,165.0,123.90403,41.095970153808594,-41.095970153808594,Unhealthy for Sensitive Groups,Unhealthy,53.0,11.904029846191406,-41.095970153808594
Lahore,2026-05-04,140.0,162.0,153.75287,8.24713134765625,-8.24713134765625,Unhealthy,Unhealthy,22.0,13.75286865234375,-8.24713134765625
Faisalabad,2026-05-04,155.0,160.0,158.62752,1.3724822998046875,-1.3724822998046875,Unhealthy,Unhealthy,5.0,3.6275177001953125,-1.3724822998046875
Rawalpindi,2026-05-04,145.0,168.0,131.4015,36.59849548339844,-36.59849548339844,Unhealthy for Sensitive Groups,Unhealthy,23.0,-13.598495483398438,-36.59849548339844
Islamabad,2026-05-04,145.0,168.0,133.24724,34.75276184082031,-34.75276184082031,Unhealthy for Sensitive Groups,Unhealthy,23.0,-11.752761840820312,-34.75276184082031
Karachi,2026-05-04,125.0,133.0,142.47305,9.473052978515625,9.473052978515625,Unhealthy for Sensitive Groups,Unhealthy for Sensitive Groups,8.0,17.473052978515625,9.473052978515625
Multan,2026-05-04,164.0,154.0,181.91452,27.914520263671875,27.914520263671875,Unhealthy,Unhealthy,-10.0,17.914520263671875,27.914520263671875
Quetta,2026-05-05,112.0,93.0,105.615,12.614997863769531,12.614997863769531,Unhealthy for Sensitive Groups,Moderate,-19.0,-6.385002136230469,12.614997863769531
Sialkot,2026-05-05,138.0,160.0,136.01837,23.98162841796875,-23.98162841796875,Unhealthy for Sensitive Groups,Unhealthy,22.0,-1.98162841796875,-23.98162841796875
Gujranwala,2026-05-05,151.0,173.0,136.63803,36.361968994140625,-36.361968994140625,Unhealthy for Sensitive Groups,Unhealthy,22.0,-14.361968994140625,-36.361968994140625
Hyderabad,2026-05-05,147.0,147.0,128.03427,18.965728759765625,-18.965728759765625,Unhealthy for Sensitive Groups,Unhealthy for Sensitive Groups,0.0,-18.965728759765625,-18.965728759765625
Peshawar,2026-05-05,165.0,192.0,165.6554,26.3446044921875,-26.3446044921875,Unhealthy,Unhealthy,27.0,0.6553955078125,-26.3446044921875
Bahawalpur,2026-05-05,158.0,141.0,152.2229,11.222900390625,11.222900390625,Unhealthy,Unhealthy for Sensitive Groups,-17.0,-5.777099609375,11.222900390625
Faisalabad,2026-05-05,160.0,194.0,164.07965,29.92034912109375,-29.92034912109375,Unhealthy,Unhealthy,34.0,4.07965087890625,-29.92034912109375
Rawalpindi,2026-05-05,168.0,185.0,161.28632,23.71368408203125,-23.71368408203125,Unhealthy,Unhealthy,17.0,-6.71368408203125,-23.71368408203125
Islamabad,2026-05-05,168.0,185.0,161.39372,23.606277465820312,-23.606277465820312,Unhealthy,Unhealthy,17.0,-6.6062774658203125,-23.606277465820312
Lahore,2026-05-05,162.0,192.0,154.70107,37.29893493652344,-37.29893493652344,Unhealthy,Unhealthy,30.0,-7.2989349365234375,-37.29893493652344
Karachi,2026-05-05,133.0,102.0,123.94072,21.940719604492188,21.940719604492188,Unhealthy for Sensitive Groups,Unhealthy for Sensitive Groups,-31.0,-9.059280395507812,21.940719604492188
Multan,2026-05-05,154.0,174.0,154.22585,19.774154663085938,-19.774154663085938,Unhealthy,Unhealthy,20.0,0.2258453369140625,-19.774154663085938
Bahawalpur,2026-05-06,141.0,138.0,133.32495,4.675048828125,-4.675048828125,Unhealthy for Sensitive Groups,Unhealthy for Sensitive Groups,-3.0,-7.675048828125,-4.675048828125
Sialkot,2026-05-06,160.0,165.0,158.29044,6.709564208984375,-6.709564208984375,Unhealthy,Unhealthy,5.0,-1.709564208984375,-6.709564208984375
Gujranwala,2026-05-06,173.0,188.0,167.852,20.147994995117188,-20.147994995117188,Unhealthy,Unhealthy,15.0,-5.1479949951171875,-20.147994995117188
Hyderabad,2026-05-06,147.0,89.0,124.12688,35.12687683105469,35.12687683105469,Unhealthy for Sensitive Groups,Moderate,-58.0,-22.873123168945312,35.12687683105469
Quetta,2026-05-06,93.0,83.0,110.27725,27.277252197265625,27.277252197265625,Unhealthy for Sensitive Groups,Moderate,-10.0,17.277252197265625,27.277252197265625
Peshawar,2026-05-06,192.0,208.0,182.86194,25.1380615234375,-25.1380615234375,Unhealthy,Very Unhealthy,16.0,-9.1380615234375,-25.1380615234375
Lahore,2026-05-06,192.0,185.0,169.59845,15.40155029296875,-15.40155029296875,Unhealthy,Unhealthy,-7.0,-22.40155029296875,-15.40155029296875
Faisalabad,2026-05-06,194.0,193.0,184.94827,8.051727294921875,-8.051727294921875,Unhealthy,Unhealthy,-1.0,-9.051727294921875,-8.051727294921875
Rawalpindi,2026-05-06,185.0,183.0,188.30206,5.30206298828125,5.30206298828125,Unhealthy,Unhealthy,-2.0,3.30206298828125,5.30206298828125
Islamabad,2026-05-06,185.0,183.0,183.7739,0.773895263671875,0.773895263671875,Unhealthy,Unhealthy,-2.0,-1.226104736328125,0.773895263671875
Multan,2026-05-06,174.0,165.0,165.6311,0.631103515625,0.631103515625,Unhealthy,Unhealthy,-9.0,-8.368896484375,0.631103515625
Karachi,2026-05-06,102.0,92.0,94.81044,2.8104400634765625,2.8104400634765625,Moderate,Moderate,-10.0,-7.1895599365234375,2.8104400634765625
Bahawalpur,2026-05-07,138.0,164.0,133.6123,30.3876953125,-30.3876953125,Unhealthy for Sensitive Groups,Unhealthy,26.0,-4.3876953125,-30.3876953125
Sialkot,2026-05-07,165.0,173.0,166.46448,6.5355224609375,-6.5355224609375,Unhealthy,Unhealthy,8.0,1.4644775390625,-6.5355224609375
Gujranwala,2026-05-07,188.0,187.0,168.34991,18.65008544921875,-18.65008544921875,Unhealthy,Unhealthy,-1.0,-19.65008544921875,-18.65008544921875
Hyderabad,2026-05-07,89.0,68.0,81.8438,13.843803405761719,13.843803405761719,Moderate,Moderate,-21.0,-7.156196594238281,13.843803405761719
Quetta,2026-05-07,83.0,102.0,106.82179,4.8217926025390625,4.8217926025390625,Unhealthy for Sensitive Groups,Unhealthy for Sensitive Groups,19.0,23.821792602539062,4.8217926025390625
Peshawar,2026-05-07,208.0,202.0,180.01363,21.986373901367188,-21.986373901367188,Unhealthy,Very Unhealthy,-6.0,-27.986373901367188,-21.986373901367188
Multan,2026-05-07,165.0,171.0,144.52707,26.472930908203125,-26.472930908203125,Unhealthy for Sensitive Groups,Unhealthy,6.0,-20.472930908203125,-26.472930908203125
Faisalabad,2026-05-07,193.0,220.0,173.1783,46.82170104980469,-46.82170104980469,Unhealthy,Very Unhealthy,27.0,-19.821701049804688,-46.82170104980469
Rawalpindi,2026-05-07,183.0,193.0,167.84872,25.151275634765625,-25.151275634765625,Unhealthy,Unhealthy,10.0,-15.151275634765625,-25.151275634765625
Islamabad,2026-05-07,183.0,193.0,171.75578,21.244216918945312,-21.244216918945312,Unhealthy,Unhealthy,10.0,-11.244216918945312,-21.244216918945312
Lahore,2026-05-07,185.0,186.0,173.12654,12.873458862304688,-12.873458862304688,Unhealthy,Unhealthy,1.0,-11.873458862304688,-12.873458862304688
Karachi,2026-05-07,92.0,69.0,82.7445,13.744499206542969,13.744499206542969,Moderate,Moderate,-23.0,-9.255500793457031,13.744499206542969
Bahawalpur,2026-05-08,164.0,150.0,163.99028,13.990280151367188,13.990280151367188,Unhealthy,Unhealthy for Sensitive Groups,-14.0,-0.0097198486328125,13.990280151367188
Sialkot,2026-05-08,173.0,187.0,176.35663,10.64337158203125,-10.64337158203125,Unhealthy,Unhealthy,14.0,3.35662841796875,-10.64337158203125
Gujranwala,2026-05-08,187.0,203.0,185.1302,17.869796752929688,-17.869796752929688,Unhealthy,Very Unhealthy,16.0,-1.8697967529296875,-17.869796752929688
Hyderabad,2026-05-08,68.0,86.0,77.94843,8.051567077636719,-8.051567077636719,Moderate,Moderate,18.0,9.948432922363281,-8.051567077636719
Quetta,2026-05-08,102.0,97.0,103.79613,6.7961273193359375,6.7961273193359375,Unhealthy for Sensitive Groups,Moderate,-5.0,1.7961273193359375,6.7961273193359375
Peshawar,2026-05-08,202.0,207.0,186.43771,20.562286376953125,-20.562286376953125,Unhealthy,Very Unhealthy,5.0,-15.562286376953125,-20.562286376953125
Faisalabad,2026-05-08,220.0,221.0,212.23677,8.763229370117188,-8.763229370117188,Very Unhealthy,Very Unhealthy,1.0,-7.7632293701171875,-8.763229370117188
Rawalpindi,2026-05-08,193.0,204.0,181.64403,22.355972290039062,-22.355972290039062,Unhealthy,Very Unhealthy,11.0,-11.355972290039062,-22.355972290039062
Islamabad,2026-05-08,193.0,204.0,180.05682,23.94317626953125,-23.94317626953125,Unhealthy,Very Unhealthy,11.0,-12.94317626953125,-23.94317626953125
Lahore,2026-05-08,186.0,206.0,188.3367,17.663299560546875,-17.663299560546875,Unhealthy,Very Unhealthy,20.0,2.336700439453125,-17.663299560546875
Multan,2026-05-08,171.0,159.0,173.74423,14.744232177734375,14.744232177734375,Unhealthy,Unhealthy,-12.0,2.744232177734375,14.744232177734375
Karachi,2026-05-08,69.0,69.0,87.44981,18.449806213378906,18.449806213378906,Moderate,Moderate,0.0,18.449806213378906,18.449806213378906
Peshawar,2026-05-09,207.0,188.0,183.65701,4.342987060546875,-4.342987060546875,Unhealthy,Unhealthy,-19.0,-23.342987060546875,-4.342987060546875
Bahawalpur,2026-05-09,150.0,149.0,158.87057,9.870574951171875,9.870574951171875,Unhealthy,Unhealthy for Sensitive Groups,-1.0,8.870574951171875,9.870574951171875
Sialkot,2026-05-09,187.0,186.0,180.90321,5.0967864990234375,-5.0967864990234375,Unhealthy,Unhealthy,-1.0,-6.0967864990234375,-5.0967864990234375
Gujranwala,2026-05-09,203.0,195.0,196.20236,1.202362060546875,1.202362060546875,Unhealthy,Unhealthy,-8.0,-6.797637939453125,1.202362060546875
Hyderabad,2026-05-09,86.0,82.0,84.84007,2.8400726318359375,2.8400726318359375,Moderate,Moderate,-4.0,-1.1599273681640625,2.8400726318359375
Quetta,2026-05-09,97.0,109.0,106.11532,2.8846817016601562,-2.8846817016601562,Unhealthy for Sensitive Groups,Unhealthy for Sensitive Groups,12.0,9.115318298339844,-2.8846817016601562
Multan,2026-05-09,159.0,157.0,162.75862,5.7586212158203125,5.7586212158203125,Unhealthy,Unhealthy,-2.0,3.7586212158203125,5.7586212158203125
Rawalpindi,2026-05-09,204.0,185.0,198.65413,13.654129028320312,13.654129028320312,Unhealthy,Unhealthy,-19.0,-5.3458709716796875,13.654129028320312
Islamabad,2026-05-09,204.0,185.0,196.80066,11.8006591796875,11.8006591796875,Unhealthy,Unhealthy,-19.0,-7.1993408203125,11.8006591796875
Lahore,2026-05-09,206.0,205.0,203.99179,1.008209228515625,-1.008209228515625,Very Unhealthy,Very Unhealthy,-1.0,-2.008209228515625,-1.008209228515625
Karachi,2026-05-09,69.0,71.0,89.61132,18.61132049560547,18.61132049560547,Moderate,Moderate,2.0,20.61132049560547,18.61132049560547
Faisalabad,2026-05-09,221.0,199.0,206.81474,7.8147430419921875,7.8147430419921875,Very Unhealthy,Unhealthy,-22.0,-14.185256958007812,7.8147430419921875
Sialkot,2026-05-10,186.0,181.0,183.29144,2.29144287109375,2.29144287109375,Unhealthy,Unhealthy,-5.0,-2.70855712890625,2.29144287109375
Gujranwala,2026-05-10,195.0,198.0,184.41191,13.588088989257812,-13.588088989257812,Unhealthy,Unhealthy,3.0,-10.588088989257812,-13.588088989257812
Hyderabad,2026-05-10,82.0,86.0,83.656456,2.3435440063476562,-2.3435440063476562,Moderate,Moderate,4.0,1.6564559936523438,-2.3435440063476562
Quetta,2026-05-10,109.0,180.0,118.07756,61.92243957519531,-61.92243957519531,Unhealthy for Sensitive Groups,Unhealthy,71.0,9.077560424804688,-61.92243957519531
Peshawar,2026-05-10,188.0,151.0,170.20396,19.203964233398438,19.203964233398438,Unhealthy,Unhealthy,-37.0,-17.796035766601562,19.203964233398438
Bahawalpur,2026-05-10,149.0,153.0,124.47526,28.524742126464844,-28.524742126464844,Unhealthy for Sensitive Groups,Unhealthy,4.0,-24.524742126464844,-28.524742126464844
Faisalabad,2026-05-10,199.0,203.0,197.54025,5.459747314453125,-5.459747314453125,Unhealthy,Very Unhealthy,4.0,-1.459747314453125,-5.459747314453125
Rawalpindi,2026-05-10,185.0,203.0,165.42151,37.5784912109375,-37.5784912109375,Unhealthy,Very Unhealthy,18.0,-19.5784912109375,-37.5784912109375
Islamabad,2026-05-10,185.0,203.0,165.48705,37.51295471191406,-37.51295471191406,Unhealthy,Very Unhealthy,18.0,-19.512954711914062,-37.51295471191406
Lahore,2026-05-10,205.0,203.0,191.59306,11.406936645507812,-11.406936645507812,Unhealthy,Very Unhealthy,-2.0,-13.406936645507812,-11.406936645507812
Karachi,2026-05-10,71.0,72.0,82.97217,10.97216796875,10.97216796875,Moderate,Moderate,1.0,11.97216796875,10.97216796875
Multan,2026-05-10,157.0,188.0,154.45953,33.54046630859375,-33.54046630859375,Unhealthy,Unhealthy,31.0,-2.54046630859375,-33.54046630859375
Bahawalpur,2026-05-11,153.0,171.0,163.52876,7.4712371826171875,-7.4712371826171875,Unhealthy,Unhealthy,18.0,10.528762817382812,-7.4712371826171875
Sialkot,2026-05-11,181.0,169.0,176.0538,7.053802490234375,7.053802490234375,Unhealthy,Unhealthy,-12.0,-4.946197509765625,7.053802490234375
Gujranwala,2026-05-11,198.0,164.0,176.06253,12.062530517578125,12.062530517578125,Unhealthy,Unhealthy,-34.0,-21.937469482421875,12.062530517578125
Hyderabad,2026-05-11,86.0,79.0,86.7006,7.700599670410156,7.700599670410156,Moderate,Moderate,-7.0,0.7005996704101562,7.700599670410156
Quetta,2026-05-11,180.0,163.0,153.42606,9.573944091796875,-9.573944091796875,Unhealthy,Unhealthy,-17.0,-26.573944091796875,-9.573944091796875
Peshawar,2026-05-11,151.0,119.0,147.8777,28.877700805664062,28.877700805664062,Unhealthy for Sensitive Groups,Unhealthy for Sensitive Groups,-32.0,-3.1222991943359375,28.877700805664062
Multan,2026-05-11,188.0,189.0,168.9215,20.078506469726562,-20.078506469726562,Unhealthy,Unhealthy,1.0,-19.078506469726562,-20.078506469726562
Rawalpindi,2026-05-11,203.0,158.0,175.33293,17.332931518554688,17.332931518554688,Unhealthy,Unhealthy,-45.0,-27.667068481445312,17.332931518554688
Islamabad,2026-05-11,203.0,158.0,180.43217,22.432174682617188,22.432174682617188,Unhealthy,Unhealthy,-45.0,-22.567825317382812,22.432174682617188
Lahore,2026-05-11,203.0,168.0,187.29729,19.297286987304688,19.297286987304688,Unhealthy,Unhealthy,-35.0,-15.702713012695312,19.297286987304688
Karachi,2026-05-11,72.0,89.0,81.776505,7.2234954833984375,-7.2234954833984375,Moderate,Moderate,17.0,9.776504516601562,-7.2234954833984375
Faisalabad,2026-05-11,203.0,186.0,195.41225,9.412246704101562,9.412246704101562,Unhealthy,Unhealthy,-17.0,-7.5877532958984375,9.412246704101562
Quetta,2026-05-12,163.0,173.0,149.81944,23.180557250976562,-23.180557250976562,Unhealthy for Sensitive Groups,Unhealthy,10.0,-13.180557250976562,-23.180557250976562
Sialkot,2026-05-12,169.0,161.0,160.3131,0.6869049072265625,-0.6869049072265625,Unhealthy,Unhealthy,-8.0,-8.686904907226562,-0.6869049072265625
Gujranwala,2026-05-12,164.0,154.0,166.15242,12.152420043945312,12.152420043945312,Unhealthy,Unhealthy,-10.0,2.1524200439453125,12.152420043945312
Hyderabad,2026-05-12,79.0,120.0,91.39301,28.60698699951172,-28.60698699951172,Moderate,Unhealthy for Sensitive Groups,41.0,12.393013000488281,-28.60698699951172
Peshawar,2026-05-12,119.0,111.0,141.54274,30.542739868164062,30.542739868164062,Unhealthy for Sensitive Groups,Unhealthy for Sensitive Groups,-8.0,22.542739868164062,30.542739868164062
Bahawalpur,2026-05-12,171.0,160.0,160.15219,0.152191162109375,0.152191162109375,Unhealthy,Unhealthy,-11.0,-10.847808837890625,0.152191162109375
Faisalabad,2026-05-12,186.0,157.0,188.92456,31.924560546875,31.924560546875,Unhealthy,Unhealthy,-29.0,2.924560546875,31.924560546875
Karachi,2026-05-12,89.0,96.0,98.37849,2.3784866333007812,2.3784866333007812,Moderate,Moderate,7.0,9.378486633300781,2.3784866333007812
Lahore,2026-05-12,168.0,173.0,186.60512,13.605117797851562,13.605117797851562,Unhealthy,Unhealthy,5.0,18.605117797851562,13.605117797851562
Multan,2026-05-12,189.0,170.0,175.90695,5.906951904296875,5.906951904296875,Unhealthy,Unhealthy,-19.0,-13.093048095703125,5.906951904296875
Rawalpindi,2026-05-12,158.0,122.0,174.30157,52.30157470703125,52.30157470703125,Unhealthy,Unhealthy for Sensitive Groups,-36.0,16.30157470703125,52.30157470703125
Islamabad,2026-05-12,158.0,122.0,173.74077,51.74076843261719,51.74076843261719,Unhealthy,Unhealthy for Sensitive Groups,-36.0,15.740768432617188,51.74076843261719
Bahawalpur,2026-05-13,160.0,157.0,158.70958,1.7095794677734375,1.7095794677734375,Unhealthy,Unhealthy,-3.0,-1.2904205322265625,1.7095794677734375
Sialkot,2026-05-13,161.0,140.0,153.03291,13.032913208007812,13.032913208007812,Unhealthy,Unhealthy for Sensitive Groups,-21.0,-7.9670867919921875,13.032913208007812
Gujranwala,2026-05-13,154.0,157.0,168.77057,11.77056884765625,11.77056884765625,Unhealthy,Unhealthy,3.0,14.77056884765625,11.77056884765625
Hyderabad,2026-05-13,120.0,94.0,114.396835,20.396835327148438,20.396835327148438,Unhealthy for Sensitive Groups,Moderate,-26.0,-5.6031646728515625,20.396835327148438
Peshawar,2026-05-13,111.0,110.0,134.11304,24.113037109375,24.113037109375,Unhealthy for Sensitive Groups,Unhealthy for Sensitive Groups,-1.0,23.113037109375,24.113037109375
Quetta,2026-05-13,173.0,106.0,143.19347,37.19346618652344,37.19346618652344,Unhealthy for Sensitive Groups,Unhealthy for Sensitive Groups,-67.0,-29.806533813476562,37.19346618652344
Faisalabad,2026-05-13,157.0,161.0,173.32048,12.320480346679688,12.320480346679688,Unhealthy,Unhealthy,4.0,16.320480346679688,12.320480346679688
Rawalpindi,2026-05-13,122.0,126.0,139.67564,13.675643920898438,13.675643920898438,Unhealthy for Sensitive Groups,Unhealthy for Sensitive Groups,4.0,17.675643920898438,13.675643920898438
Islamabad,2026-05-13,122.0,126.0,134.25728,8.257278442382812,8.257278442382812,Unhealthy for Sensitive Groups,Unhealthy for Sensitive Groups,4.0,12.257278442382812,8.257278442382812
Lahore,2026-05-13,173.0,181.0,188.8084,7.8083953857421875,7.8083953857421875,Unhealthy,Unhealthy,8.0,15.808395385742188,7.8083953857421875
Karachi,2026-05-13,96.0,87.0,101.638985,14.638984680175781,14.638984680175781,Unhealthy for Sensitive Groups,Moderate,-9.0,5.638984680175781,14.638984680175781
Multan,2026-05-13,170.0,177.0,178.20683,1.2068328857421875,1.2068328857421875,Unhealthy,Unhealthy,7.0,8.206832885742188,1.2068328857421875
Bahawalpur,2026-05-14,157.0,144.0,135.11142,8.888580322265625,-8.888580322265625,Unhealthy for Sensitive Groups,Unhealthy for Sensitive Groups,-13.0,-21.888580322265625,-8.888580322265625
Sialkot,2026-05-14,140.0,138.0,139.16739,1.167388916015625,1.167388916015625,Unhealthy for Sensitive Groups,Unhealthy for Sensitive Groups,-2.0,-0.832611083984375,1.167388916015625
Gujranwala,2026-05-14,157.0,142.0,156.72707,14.727066040039062,14.727066040039062,Unhealthy,Unhealthy for Sensitive Groups,-15.0,-0.2729339599609375,14.727066040039062
Hyderabad,2026-05-14,94.0,60.0,71.77933,11.779327392578125,11.779327392578125,Moderate,Moderate,-34.0,-22.220672607421875,11.779327392578125
Quetta,2026-05-14,106.0,98.0,111.22646,13.226463317871094,13.226463317871094,Unhealthy for Sensitive Groups,Moderate,-8.0,5.226463317871094,13.226463317871094
Peshawar,2026-05-14,110.0,95.0,137.34898,42.34898376464844,42.34898376464844,Unhealthy for Sensitive Groups,Moderate,-15.0,27.348983764648438,42.34898376464844
Multan,2026-05-14,177.0,160.0,162.22821,2.22821044921875,2.22821044921875,Unhealthy,Unhealthy,-17.0,-14.77178955078125,2.22821044921875
Rawalpindi,2026-05-14,126.0,129.0,154.2659,25.265899658203125,25.265899658203125,Unhealthy,Unhealthy for Sensitive Groups,3.0,28.265899658203125,25.265899658203125
Islamabad,2026-05-14,126.0,129.0,142.22829,13.228286743164062,13.228286743164062,Unhealthy for Sensitive Groups,Unhealthy for Sensitive Groups,3.0,16.228286743164062,13.228286743164062
Lahore,2026-05-14,181.0,152.0,169.5471,17.547103881835938,17.547103881835938,Unhealthy,Unhealthy,-29.0,-11.452896118164062,17.547103881835938
Karachi,2026-05-14,87.0,57.0,71.413795,14.413795471191406,14.413795471191406,Moderate,Moderate,-30.0,-15.586204528808594,14.413795471191406
Faisalabad,2026-05-14,161.0,162.0,179.41869,17.418685913085938,17.418685913085938,Unhealthy,Unhealthy,1.0,18.418685913085938,17.418685913085938
Bahawalpur,2026-05-15,144.0,141.0,145.30167,4.301666259765625,4.301666259765625,Unhealthy for Sensitive Groups,Unhealthy for Sensitive Groups,-3.0,1.301666259765625,4.301666259765625
Sialkot,2026-05-15,138.0,152.0,147.00746,4.9925384521484375,-4.9925384521484375,Unhealthy for Sensitive Groups,Unhealthy,14.0,9.007461547851562,-4.9925384521484375
Gujranwala,2026-05-15,142.0,138.0,149.78711,11.787109375,11.787109375,Unhealthy for Sensitive Groups,Unhealthy for Sensitive Groups,-4.0,7.787109375,11.787109375
Hyderabad,2026-05-15,60.0,73.0,70.11248,2.8875198364257812,-2.8875198364257812,Moderate,Moderate,13.0,10.112480163574219,-2.8875198364257812
Quetta,2026-05-15,98.0,112.0,104.04318,7.956817626953125,-7.956817626953125,Unhealthy for Sensitive Groups,Unhealthy for Sensitive Groups,14.0,6.043182373046875,-7.956817626953125
Peshawar,2026-05-15,95.0,109.0,127.64108,18.641082763671875,18.641082763671875,Unhealthy for Sensitive Groups,Unhealthy for Sensitive Groups,14.0,32.641082763671875,18.641082763671875
Multan,2026-05-15,160.0,136.0,146.93883,10.938827514648438,10.938827514648438,Unhealthy for Sensitive Groups,Unhealthy for Sensitive Groups,-24.0,-13.061172485351562,10.938827514648438
Rawalpindi,2026-05-15,129.0,154.0,143.72086,10.279144287109375,-10.279144287109375,Unhealthy for Sensitive Groups,Unhealthy,25.0,14.720855712890625,-10.279144287109375
Islamabad,2026-05-15,129.0,154.0,142.06877,11.931228637695312,-11.931228637695312,Unhealthy for Sensitive Groups,Unhealthy,25.0,13.068771362304688,-11.931228637695312
Lahore,2026-05-15,152.0,153.0,152.72923,0.2707672119140625,-0.2707672119140625,Unhealthy,Unhealthy,1.0,0.7292327880859375,-0.2707672119140625
Karachi,2026-05-15,57.0,68.0,67.549515,0.4504852294921875,-0.4504852294921875,Moderate,Moderate,11.0,10.549514770507812,-0.4504852294921875
Faisalabad,2026-05-15,162.0,151.0,158.27927,7.279266357421875,7.279266357421875,Unhealthy,Unhealthy,-11.0,-3.720733642578125,7.279266357421875
Quetta,2026-05-16,112.0,143.0,126.58981,16.410186767578125,-16.410186767578125,Unhealthy for Sensitive Groups,Unhealthy for Sensitive Groups,31.0,14.589813232421875,-16.410186767578125
Sialkot,2026-05-16,152.0,133.0,153.71889,20.718887329101562,20.718887329101562,Unhealthy,Unhealthy for Sensitive Groups,-19.0,1.7188873291015625,20.718887329101562
Gujranwala,2026-05-16,138.0,119.0,131.80676,12.8067626953125,12.8067626953125,Unhealthy for Sensitive Groups,Unhealthy for Sensitive Groups,-19.0,-6.1932373046875,12.8067626953125
Hyderabad,2026-05-16,73.0,76.0,78.08061,2.0806121826171875,2.0806121826171875,Moderate,Moderate,3.0,5.0806121826171875,2.0806121826171875
Peshawar,2026-05-16,109.0,95.0,139.88637,44.88636779785156,44.88636779785156,Unhealthy for Sensitive Groups,Moderate,-14.0,30.886367797851562,44.88636779785156
Bahawalpur,2026-05-16,141.0,102.0,125.18752,23.187522888183594,23.187522888183594,Unhealthy for Sensitive Groups,Unhealthy for Sensitive Groups,-39.0,-15.812477111816406,23.187522888183594
Faisalabad,2026-05-16,151.0,153.0,159.47734,6.4773406982421875,6.4773406982421875,Unhealthy,Unhealthy,2.0,8.477340698242188,6.4773406982421875
Karachi,2026-05-16,68.0,77.0,72.41728,4.5827178955078125,-4.5827178955078125,Moderate,Moderate,9.0,4.4172821044921875,-4.5827178955078125
Lahore,2026-05-16,153.0,137.0,155.68771,18.687713623046875,18.687713623046875,Unhealthy,Unhealthy for Sensitive Groups,-16.0,2.687713623046875,18.687713623046875
Multan,2026-05-16,136.0,169.0,132.06107,36.938934326171875,-36.938934326171875,Unhealthy for Sensitive Groups,Unhealthy,33.0,-3.938934326171875,-36.938934326171875
Rawalpindi,2026-05-16,154.0,139.0,173.86897,34.86897277832031,34.86897277832031,Unhealthy,Unhealthy for Sensitive Groups,-15.0,19.868972778320312,34.86897277832031
Islamabad,2026-05-16,154.0,139.0,174.97354,35.973541259765625,35.973541259765625,Unhealthy,Unhealthy for Sensitive Groups,-15.0,20.973541259765625,35.973541259765625
Bahawalpur,2026-05-17,102.0,85.0,112.409676,27.40967559814453,27.40967559814453,Unhealthy for Sensitive Groups,Moderate,-17.0,10.409675598144531,27.40967559814453
Sialkot,2026-05-17,133.0,149.0,125.12079,23.87921142578125,-23.87921142578125,Unhealthy for Sensitive Groups,Unhealthy for Sensitive Groups,16.0,-7.87921142578125,-23.87921142578125
Gujranwala,2026-05-17,119.0,130.0,132.27505,2.275054931640625,2.275054931640625,Unhealthy for Sensitive Groups,Unhealthy for Sensitive Groups,11.0,13.275054931640625,2.275054931640625
Hyderabad,2026-05-17,76.0,77.0,86.33241,9.332412719726562,9.332412719726562,Moderate,Moderate,1.0,10.332412719726562,9.332412719726562
Peshawar,2026-05-17,95.0,140.0,125.28177,14.718231201171875,-14.718231201171875,Unhealthy for Sensitive Groups,Unhealthy for Sensitive Groups,45.0,30.281768798828125,-14.718231201171875
Quetta,2026-05-17,143.0,132.0,131.7845,0.2154998779296875,-0.2154998779296875,Unhealthy for Sensitive Groups,Unhealthy for Sensitive Groups,-11.0,-11.215499877929688,-0.2154998779296875
Faisalabad,2026-05-17,153.0,164.0,161.70993,2.290069580078125,-2.290069580078125,Unhealthy,Unhealthy,11.0,8.709930419921875,-2.290069580078125
Rawalpindi,2026-05-17,139.0,145.0,152.67644,7.6764373779296875,7.6764373779296875,Unhealthy,Unhealthy for Sensitive Groups,6.0,13.676437377929688,7.6764373779296875
Islamabad,2026-05-17,139.0,145.0,149.61789,4.617889404296875,4.617889404296875,Unhealthy for Sensitive Groups,Unhealthy for Sensitive Groups,6.0,10.617889404296875,4.617889404296875
Lahore,2026-05-17,137.0,154.0,151.21103,2.788970947265625,-2.788970947265625,Unhealthy,Unhealthy,17.0,14.211029052734375,-2.788970947265625
Karachi,2026-05-17,77.0,77.0,81.54965,4.549652099609375,4.549652099609375,Moderate,Moderate,0.0,4.549652099609375,4.549652099609375
Multan,2026-05-17,169.0,153.0,153.69548,0.6954803466796875,0.6954803466796875,Unhealthy,Unhealthy,-16.0,-15.304519653320312,0.6954803466796875
Hyderabad,2026-05-18,77.0,77.0,81.37366,4.3736572265625,4.3736572265625,Moderate,Moderate,0.0,4.3736572265625,4.3736572265625
Bahawalpur,2026-05-18,85.0,79.0,81.38447,2.3844680786132812,2.3844680786132812,Moderate,Moderate,-6.0,-3.6155319213867188,2.3844680786132812
Sialkot,2026-05-18,149.0,153.0,149.41205,3.58795166015625,-3.58795166015625,Unhealthy for Sensitive Groups,Unhealthy,4.0,0.41204833984375,-3.58795166015625
Gujranwala,2026-05-18,130.0,131.0,144.7237,13.72369384765625,13.72369384765625,Unhealthy for Sensitive Groups,Unhealthy for Sensitive Groups,1.0,14.72369384765625,13.72369384765625
Peshawar,2026-05-18,140.0,107.0,128.80023,21.80023193359375,21.80023193359375,Unhealthy for Sensitive Groups,Unhealthy for Sensitive Groups,-33.0,-11.19976806640625,21.80023193359375
Quetta,2026-05-18,132.0,145.0,128.44092,16.55908203125,-16.55908203125,Unhealthy for Sensitive Groups,Unhealthy for Sensitive Groups,13.0,-3.55908203125,-16.55908203125
Faisalabad,2026-05-18,164.0,135.0,161.1706,26.17059326171875,26.17059326171875,Unhealthy,Unhealthy for Sensitive Groups,-29.0,-2.82940673828125,26.17059326171875
Rawalpindi,2026-05-18,145.0,146.0,165.57686,19.576858520507812,19.576858520507812,Unhealthy,Unhealthy for Sensitive Groups,1.0,20.576858520507812,19.576858520507812
Islamabad,2026-05-18,145.0,146.0,164.58604,18.586044311523438,18.586044311523438,Unhealthy,Unhealthy for Sensitive Groups,1.0,19.586044311523438,18.586044311523438
Lahore,2026-05-18,154.0,155.0,163.39684,8.396835327148438,8.396835327148438,Unhealthy,Unhealthy,1.0,9.396835327148438,8.396835327148438
Karachi,2026-05-18,77.0,75.0,78.836365,3.83636474609375,3.83636474609375,Moderate,Moderate,-2.0,1.83636474609375,3.83636474609375
Multan,2026-05-18,153.0,98.0,110.52534,12.525337219238281,12.525337219238281,Unhealthy for Sensitive Groups,Moderate,-55.0,-42.47466278076172,12.525337219238281
Bahawalpur,2026-05-19,79.0,97.0,100.57888,3.5788803100585938,3.5788803100585938,Unhealthy for Sensitive Groups,Moderate,18.0,21.578880310058594,3.5788803100585938
Sialkot,2026-05-19,153.0,141.0,159.13303,18.133026123046875,18.133026123046875,Unhealthy,Unhealthy for Sensitive Groups,-12.0,6.133026123046875,18.133026123046875
Gujranwala,2026-05-19,131.0,167.0,135.23056,31.769439697265625,-31.769439697265625,Unhealthy for Sensitive Groups,Unhealthy,36.0,4.230560302734375,-31.769439697265625
Hyderabad,2026-05-19,77.0,78.0,80.17971,2.1797103881835938,2.1797103881835938,Moderate,Moderate,1.0,3.1797103881835938,2.1797103881835938
Quetta,2026-05-19,145.0,127.0,130.17706,3.17706298828125,3.17706298828125,Unhealthy for Sensitive Groups,Unhealthy for Sensitive Groups,-18.0,-14.82293701171875,3.17706298828125
Peshawar,2026-05-19,107.0,144.0,117.19551,26.804489135742188,-26.804489135742188,Unhealthy for Sensitive Groups,Unhealthy for Sensitive Groups,37.0,10.195510864257812,-26.804489135742188
Multan,2026-05-19,98.0,157.0,132.33234,24.66766357421875,-24.66766357421875,Unhealthy for Sensitive Groups,Unhealthy,59.0,34.33233642578125,-24.66766357421875
Rawalpindi,2026-05-19,146.0,126.0,142.08711,16.087112426757812,16.087112426757812,Unhealthy for Sensitive Groups,Unhealthy for Sensitive Groups,-20.0,-3.9128875732421875,16.087112426757812
Islamabad,2026-05-19,146.0,126.0,144.71144,18.711441040039062,18.711441040039062,Unhealthy for Sensitive Groups,Unhealthy for Sensitive Groups,-20.0,-1.2885589599609375,18.711441040039062
Lahore,2026-05-19,155.0,184.0,156.17857,27.821426391601562,-27.821426391601562,Unhealthy,Unhealthy,29.0,1.1785736083984375,-27.821426391601562
Karachi,2026-05-19,75.0,77.0,71.9709,5.0290985107421875,-5.0290985107421875,Moderate,Moderate,2.0,-3.0290985107421875,-5.0290985107421875
Faisalabad,2026-05-19,135.0,154.0,143.76866,10.231338500976562,-10.231338500976562,Unhealthy for Sensitive Groups,Unhealthy,19.0,8.768661499023438,-10.231338500976562
Quetta,2026-05-20,127.0,179.0,135.43236,43.56764221191406,-43.56764221191406,Unhealthy for Sensitive Groups,Unhealthy,52.0,8.432357788085938,-43.56764221191406
Sialkot,2026-05-20,141.0,121.0,141.48291,20.48291015625,20.48291015625,Unhealthy for Sensitive Groups,Unhealthy for Sensitive Groups,-20.0,0.48291015625,20.48291015625
Bahawalpur,2026-05-20,97.0,148.0,102.30607,45.693931579589844,-45.693931579589844,Unhealthy for Sensitive Groups,Unhealthy for Sensitive Groups,51.0,5.306068420410156,-45.693931579589844
Gujranwala,2026-05-20,167.0,102.0,146.18361,44.18360900878906,44.18360900878906,Unhealthy for Sensitive Groups,Unhealthy for Sensitive Groups,-65.0,-20.816390991210938,44.18360900878906
Hyderabad,2026-05-20,78.0,97.0,85.34134,11.658660888671875,-11.658660888671875,Moderate,Moderate,19.0,7.341339111328125,-11.658660888671875
Peshawar,2026-05-20,144.0,102.0,125.160034,23.1600341796875,23.1600341796875,Unhealthy for Sensitive Groups,Unhealthy for Sensitive Groups,-42.0,-18.8399658203125,23.1600341796875
Lahore,2026-05-20,184.0,114.0,163.27783,49.27783203125,49.27783203125,Unhealthy,Unhealthy for Sensitive Groups,-70.0,-20.72216796875,49.27783203125
Faisalabad,2026-05-20,154.0,125.0,144.6933,19.69329833984375,19.69329833984375,Unhealthy for Sensitive Groups,Unhealthy for Sensitive Groups,-29.0,-9.30670166015625,19.69329833984375
Rawalpindi,2026-05-20,126.0,93.0,127.23544,34.235443115234375,34.235443115234375,Unhealthy for Sensitive Groups,Moderate,-33.0,1.235443115234375,34.235443115234375
Islamabad,2026-05-20,126.0,93.0,128.14787,35.14787292480469,35.14787292480469,Unhealthy for Sensitive Groups,Moderate,-33.0,2.1478729248046875,35.14787292480469
Karachi,2026-05-20,77.0,93.0,84.42153,8.578468322753906,-8.578468322753906,Moderate,Moderate,16.0,7.421531677246094,-8.578468322753906
Multan,2026-05-20,157.0,154.0,155.8391,1.8390960693359375,1.8390960693359375,Unhealthy,Unhealthy,-3.0,-1.1609039306640625,1.8390960693359375
Sialkot,2026-05-21,121.0,93.0,113.03505,20.035049438476562,20.035049438476562,Unhealthy for Sensitive Groups,Moderate,-28.0,-7.9649505615234375,20.035049438476562
Gujranwala,2026-05-21,102.0,114.0,117.82006,3.8200607299804688,3.8200607299804688,Unhealthy for Sensitive Groups,Unhealthy for Sensitive Groups,12.0,15.820060729980469,3.8200607299804688
Hyderabad,2026-05-21,97.0,114.0,101.69405,12.305946350097656,-12.305946350097656,Unhealthy for Sensitive Groups,Unhealthy for Sensitive Groups,17.0,4.694053649902344,-12.305946350097656
Quetta,2026-05-21,179.0,332.0,182.23105,149.76895141601562,-149.76895141601562,Unhealthy,Hazardous,153.0,3.231048583984375,-149.76895141601562
Peshawar,2026-05-21,102.0,101.0,107.93909,6.9390869140625,6.9390869140625,Unhealthy for Sensitive Groups,Unhealthy for Sensitive Groups,-1.0,5.9390869140625,6.9390869140625
Bahawalpur,2026-05-21,148.0,96.0,125.96674,29.96674346923828,29.96674346923828,Unhealthy for Sensitive Groups,Moderate,-52.0,-22.03325653076172,29.96674346923828
Faisalabad,2026-05-21,125.0,137.0,130.44135,6.55865478515625,-6.55865478515625,Unhealthy for Sensitive Groups,Unhealthy for Sensitive Groups,12.0,5.44134521484375,-6.55865478515625
Rawalpindi,2026-05-21,93.0,105.0,122.58283,17.58283233642578,17.58283233642578,Unhealthy for Sensitive Groups,Unhealthy for Sensitive Groups,12.0,29.58283233642578,17.58283233642578
Islamabad,2026-05-21,93.0,105.0,122.0327,17.032699584960938,17.032699584960938,Unhealthy for Sensitive Groups,Unhealthy for Sensitive Groups,12.0,29.032699584960938,17.032699584960938
Lahore,2026-05-21,114.0,122.0,113.11931,8.880691528320312,-8.880691528320312,Unhealthy for Sensitive Groups,Unhealthy for Sensitive Groups,8.0,-0.8806915283203125,-8.880691528320312
Karachi,2026-05-21,93.0,115.0,97.58727,17.41272735595703,-17.41272735595703,Moderate,Unhealthy for Sensitive Groups,22.0,4.587272644042969,-17.41272735595703
Multan,2026-05-21,154.0,108.0,135.1188,27.118804931640625,27.118804931640625,Unhealthy for Sensitive Groups,Unhealthy for Sensitive Groups,-46.0,-18.881195068359375,27.118804931640625
Bahawalpur,2026-05-22,96.0,115.0,107.56961,7.430389404296875,-7.430389404296875,Unhealthy for Sensitive Groups,Unhealthy for Sensitive Groups,19.0,11.569610595703125,-7.430389404296875
Sialkot,2026-05-22,93.0,127.0,113.6582,13.341796875,-13.341796875,Unhealthy for Sensitive Groups,Unhealthy for Sensitive Groups,34.0,20.658203125,-13.341796875
Gujranwala,2026-05-22,114.0,130.0,127.76317,2.2368316650390625,-2.2368316650390625,Unhealthy for Sensitive Groups,Unhealthy for Sensitive Groups,16.0,13.763168334960938,-2.2368316650390625
Hyderabad,2026-05-22,114.0,124.0,120.60198,3.3980178833007812,-3.3980178833007812,Unhealthy for Sensitive Groups,Unhealthy for Sensitive Groups,10.0,6.601982116699219,-3.3980178833007812
Quetta,2026-05-22,332.0,164.0,190.98709,26.987091064453125,26.987091064453125,Unhealthy,Unhealthy,-168.0,-141.01290893554688,26.987091064453125
Peshawar,2026-05-22,101.0,103.0,109.32821,6.328208923339844,6.328208923339844,Unhealthy for Sensitive Groups,Unhealthy for Sensitive Groups,2.0,8.328208923339844,6.328208923339844
Multan,2026-05-22,108.0,156.0,132.22768,23.772323608398438,-23.772323608398438,Unhealthy for Sensitive Groups,Unhealthy,48.0,24.227676391601562,-23.772323608398438
Rawalpindi,2026-05-22,105.0,125.0,125.45349,0.4534912109375,0.4534912109375,Unhealthy for Sensitive Groups,Unhealthy for Sensitive Groups,20.0,20.4534912109375,0.4534912109375
Islamabad,2026-05-22,105.0,125.0,124.72666,0.27333831787109375,-0.27333831787109375,Unhealthy for Sensitive Groups,Unhealthy for Sensitive Groups,20.0,19.726661682128906,-0.27333831787109375
Lahore,2026-05-22,122.0,153.0,143.8533,9.146697998046875,-9.146697998046875,Unhealthy for Sensitive Groups,Unhealthy,31.0,21.853302001953125,-9.146697998046875
Karachi,2026-05-22,115.0,125.0,120.977005,4.0229949951171875,-4.0229949951171875,Unhealthy for Sensitive Groups,Unhealthy for Sensitive Groups,10.0,5.9770050048828125,-4.0229949951171875
Faisalabad,2026-05-22,137.0,154.0,151.06514,2.9348602294921875,-2.9348602294921875,Unhealthy,Unhealthy,17.0,14.065139770507812,-2.9348602294921875
Bahawalpur,2026-05-23,115.0,94.0,117.508415,23.50841522216797,23.50841522216797,Unhealthy for Sensitive Groups,Moderate,-21.0,2.5084152221679688,23.50841522216797
Sialkot,2026-05-23,127.0,108.0,131.49147,23.491470336914062,23.491470336914062,Unhealthy for Sensitive Groups,Unhealthy for Sensitive Groups,-19.0,4.4914703369140625,23.491470336914062
Gujranwala,2026-05-23,130.0,112.0,136.061,24.061004638671875,24.061004638671875,Unhealthy for Sensitive Groups,Unhealthy for Sensitive Groups,-18.0,6.061004638671875,24.061004638671875
Hyderabad,2026-05-23,124.0,111.0,116.309525,5.3095245361328125,5.3095245361328125,Unhealthy for Sensitive Groups,Unhealthy for Sensitive Groups,-13.0,-7.6904754638671875,5.3095245361328125
Peshawar,2026-05-23,103.0,96.0,105.25103,9.251029968261719,9.251029968261719,Unhealthy for Sensitive Groups,Moderate,-7.0,2.2510299682617188,9.251029968261719
Quetta,2026-05-23,164.0,223.0,140.74673,82.25326538085938,-82.25326538085938,Unhealthy for Sensitive Groups,Very Unhealthy,59.0,-23.253265380859375,-82.25326538085938
Faisalabad,2026-05-23,154.0,149.0,155.78775,6.787750244140625,6.787750244140625,Unhealthy,Unhealthy for Sensitive Groups,-5.0,1.787750244140625,6.787750244140625
Karachi,2026-05-23,125.0,113.0,119.16106,6.1610565185546875,6.1610565185546875,Unhealthy for Sensitive Groups,Unhealthy for Sensitive Groups,-12.0,-5.8389434814453125,6.1610565185546875
Lahore,2026-05-23,153.0,120.0,154.16193,34.16192626953125,34.16192626953125,Unhealthy,Unhealthy for Sensitive Groups,-33.0,1.16192626953125,34.16192626953125
Multan,2026-05-23,156.0,175.0,152.9465,22.053497314453125,-22.053497314453125,Unhealthy,Unhealthy,19.0,-3.053497314453125,-22.053497314453125
Rawalpindi,2026-05-23,125.0,115.0,127.34988,12.349876403808594,12.349876403808594,Unhealthy for Sensitive Groups,Unhealthy for Sensitive Groups,-10.0,2.3498764038085938,12.349876403808594
Islamabad,2026-05-23,125.0,115.0,128.22144,13.221435546875,13.221435546875,Unhealthy for Sensitive Groups,Unhealthy for Sensitive Groups,-10.0,3.221435546875,13.221435546875
Bahawalpur,2026-05-24,94.0,155.0,105.91833,49.08167266845703,-49.08167266845703,Unhealthy for Sensitive Groups,Unhealthy,61.0,11.918327331542969,-49.08167266845703
Sialkot,2026-05-24,108.0,115.0,109.62183,5.378166198730469,-5.378166198730469,Unhealthy for Sensitive Groups,Unhealthy for Sensitive Groups,7.0,1.6218338012695312,-5.378166198730469
Gujranwala,2026-05-24,112.0,131.0,121.217354,9.782646179199219,-9.782646179199219,Unhealthy for Sensitive Groups,Unhealthy for Sensitive Groups,19.0,9.217353820800781,-9.782646179199219
Hyderabad,2026-05-24,111.0,111.0,118.214935,7.214935302734375,7.214935302734375,Unhealthy for Sensitive Groups,Unhealthy for Sensitive Groups,0.0,7.214935302734375,7.214935302734375
Peshawar,2026-05-24,96.0,111.0,100.769485,10.230514526367188,-10.230514526367188,Unhealthy for Sensitive Groups,Unhealthy for Sensitive Groups,15.0,4.7694854736328125,-10.230514526367188
Quetta,2026-05-24,223.0,225.0,202.74417,22.255828857421875,-22.255828857421875,Very Unhealthy,Very Unhealthy,2.0,-20.255828857421875,-22.255828857421875
Faisalabad,2026-05-24,149.0,157.0,134.23021,22.769790649414062,-22.769790649414062,Unhealthy for Sensitive Groups,Unhealthy,8.0,-14.769790649414062,-22.769790649414062
Rawalpindi,2026-05-24,115.0,130.0,124.788445,5.211555480957031,-5.211555480957031,Unhealthy for Sensitive Groups,Unhealthy for Sensitive Groups,15.0,9.788444519042969,-5.211555480957031
Islamabad,2026-05-24,115.0,130.0,123.46534,6.534660339355469,-6.534660339355469,Unhealthy for Sensitive Groups,Unhealthy for Sensitive Groups,15.0,8.465339660644531,-6.534660339355469
Lahore,2026-05-24,120.0,145.0,133.69138,11.308624267578125,-11.308624267578125,Unhealthy for Sensitive Groups,Unhealthy for Sensitive Groups,25.0,13.691375732421875,-11.308624267578125
Karachi,2026-05-24,113.0,103.0,108.85876,5.858757019042969,5.858757019042969,Unhealthy for Sensitive Groups,Unhealthy for Sensitive Groups,-10.0,-4.141242980957031,5.858757019042969
Multan,2026-05-24,175.0,158.0,152.26132,5.738677978515625,-5.738677978515625,Unhealthy,Unhealthy,-17.0,-22.738677978515625,-5.738677978515625
Quetta,2026-05-25,225.0,108.0,170.05135,62.05134582519531,62.05134582519531,Unhealthy,Unhealthy for Sensitive Groups,-117.0,-54.94865417480469,62.05134582519531
Bahawalpur,2026-05-25,155.0,107.0,139.93495,32.93495178222656,32.93495178222656,Unhealthy for Sensitive Groups,Unhealthy for Sensitive Groups,-48.0,-15.065048217773438,32.93495178222656
Sialkot,2026-05-25,115.0,141.0,126.15489,14.845108032226562,-14.845108032226562,Unhealthy for Sensitive Groups,Unhealthy for Sensitive Groups,26.0,11.154891967773438,-14.845108032226562
Gujranwala,2026-05-25,131.0,142.0,136.54608,5.45391845703125,-5.45391845703125,Unhealthy for Sensitive Groups,Unhealthy for Sensitive Groups,11.0,5.54608154296875,-5.45391845703125
Hyderabad,2026-05-25,111.0,93.0,92.78016,0.21984100341796875,-0.21984100341796875,Moderate,Moderate,-18.0,-18.21984100341797,-0.21984100341796875
Peshawar,2026-05-25,111.0,117.0,114.396675,2.6033248901367188,-2.6033248901367188,Unhealthy for Sensitive Groups,Unhealthy for Sensitive Groups,6.0,3.3966751098632812,-2.6033248901367188
Lahore,2026-05-25,145.0,159.0,155.59044,3.4095611572265625,-3.4095611572265625,Unhealthy,Unhealthy,14.0,10.590438842773438,-3.4095611572265625
Faisalabad,2026-05-25,157.0,183.0,156.8407,26.1593017578125,-26.1593017578125,Unhealthy,Unhealthy,26.0,-0.1593017578125,-26.1593017578125
Rawalpindi,2026-05-25,130.0,135.0,140.27187,5.2718658447265625,5.2718658447265625,Unhealthy for Sensitive Groups,Unhealthy for Sensitive Groups,5.0,10.271865844726562,5.2718658447265625
Islamabad,2026-05-25,130.0,135.0,138.02174,3.0217437744140625,3.0217437744140625,Unhealthy for Sensitive Groups,Unhealthy for Sensitive Groups,5.0,8.021743774414062,3.0217437744140625
Karachi,2026-05-25,103.0,84.0,81.09477,2.9052276611328125,-2.9052276611328125,Moderate,Moderate,-19.0,-21.905227661132812,-2.9052276611328125
Multan,2026-05-25,158.0,145.0,155.36142,10.361419677734375,10.361419677734375,Unhealthy,Unhealthy for Sensitive Groups,-13.0,-2.638580322265625,10.361419677734375
Quetta,2026-05-26,108.0,87.0,118.76676,31.766761779785156,31.766761779785156,Unhealthy for Sensitive Groups,Moderate,-21.0,10.766761779785156,31.766761779785156
Sialkot,2026-05-26,141.0,153.0,144.53638,8.463623046875,-8.463623046875,Unhealthy for Sensitive Groups,Unhealthy,12.0,3.536376953125,-8.463623046875
Gujranwala,2026-05-26,142.0,151.0,154.31659,3.31658935546875,3.31658935546875,Unhealthy,Unhealthy,9.0,12.31658935546875,3.31658935546875
Hyderabad,2026-05-26,93.0,78.0,84.97911,6.9791107177734375,6.9791107177734375,Moderate,Moderate,-15.0,-8.020889282226562,6.9791107177734375
Peshawar,2026-05-26,117.0,112.0,128.46994,16.469940185546875,16.469940185546875,Unhealthy for Sensitive Groups,Unhealthy for Sensitive Groups,-5.0,11.469940185546875,16.469940185546875
Bahawalpur,2026-05-26,107.0,83.0,108.714005,25.714004516601562,25.714004516601562,Unhealthy for Sensitive Groups,Moderate,-24.0,1.7140045166015625,25.714004516601562
Faisalabad,2026-05-26,183.0,186.0,173.66237,12.337631225585938,-12.337631225585938,Unhealthy,Unhealthy,3.0,-9.337631225585938,-12.337631225585938
Rawalpindi,2026-05-26,135.0,122.0,150.68846,28.688461303710938,28.688461303710938,Unhealthy,Unhealthy for Sensitive Groups,-13.0,15.688461303710938,28.688461303710938
Islamabad,2026-05-26,135.0,122.0,150.64993,28.649932861328125,28.649932861328125,Unhealthy,Unhealthy for Sensitive Groups,-13.0,15.649932861328125,28.649932861328125
Lahore,2026-05-26,159.0,165.0,165.614,0.6139984130859375,0.6139984130859375,Unhealthy,Unhealthy,6.0,6.6139984130859375,0.6139984130859375
Karachi,2026-05-26,84.0,73.0,78.87704,5.877037048339844,5.877037048339844,Moderate,Moderate,-11.0,-5.122962951660156,5.877037048339844
Multan,2026-05-26,145.0,199.0,150.49077,48.50923156738281,-48.50923156738281,Unhealthy,Unhealthy,54.0,5.4907684326171875,-48.50923156738281
Bahawalpur,2026-05-27,83.0,118.0,98.496155,19.50384521484375,-19.50384521484375,Moderate,Unhealthy for Sensitive Groups,35.0,15.49615478515625,-19.50384521484375
Sialkot,2026-05-27,153.0,141.0,148.67072,7.67071533203125,7.67071533203125,Unhealthy for Sensitive Groups,Unhealthy for Sensitive Groups,-12.0,-4.32928466796875,7.67071533203125
Gujranwala,2026-05-27,151.0,134.0,152.47922,18.479217529296875,18.479217529296875,Unhealthy,Unhealthy for Sensitive Groups,-17.0,1.479217529296875,18.479217529296875
Hyderabad,2026-05-27,78.0,81.0,78.79434,2.205657958984375,-2.205657958984375,Moderate,Moderate,3.0,0.794342041015625,-2.205657958984375
Quetta,2026-05-27,87.0,170.0,124.06439,45.93560791015625,-45.93560791015625,Unhealthy for Sensitive Groups,Unhealthy,83.0,37.06439208984375,-45.93560791015625
Peshawar,2026-05-27,112.0,117.0,118.14725,1.147247314453125,1.147247314453125,Unhealthy for Sensitive Groups,Unhealthy for Sensitive Groups,5.0,6.147247314453125,1.147247314453125
Lahore,2026-05-27,165.0,157.0,169.57259,12.572586059570312,12.572586059570312,Unhealthy,Unhealthy,-8.0,4.5725860595703125,12.572586059570312
Faisalabad,2026-05-27,186.0,167.0,160.4921,6.507904052734375,-6.507904052734375,Unhealthy,Unhealthy,-19.0,-25.507904052734375,-6.507904052734375
Rawalpindi,2026-05-27,122.0,143.0,137.33496,5.6650390625,-5.6650390625,Unhealthy for Sensitive Groups,Unhealthy for Sensitive Groups,21.0,15.3349609375,-5.6650390625
Islamabad,2026-05-27,122.0,143.0,137.26358,5.736419677734375,-5.736419677734375,Unhealthy for Sensitive Groups,Unhealthy for Sensitive Groups,21.0,15.263580322265625,-5.736419677734375
Multan,2026-05-27,199.0,181.0,157.82904,23.17095947265625,-23.17095947265625,Unhealthy,Unhealthy,-18.0,-41.17095947265625,-23.17095947265625
Karachi,2026-05-27,73.0,76.0,73.11915,2.8808517456054688,-2.8808517456054688,Moderate,Moderate,3.0,0.11914825439453125,-2.8808517456054688
Bahawalpur,2026-05-28,118.0,123.0,112.92823,10.071769714355469,-10.071769714355469,Unhealthy for Sensitive Groups,Unhealthy for Sensitive Groups,5.0,-5.071769714355469,-10.071769714355469
Sialkot,2026-05-28,141.0,174.0,141.2461,32.75390625,-32.75390625,Unhealthy for Sensitive Groups,Unhealthy,33.0,0.24609375,-32.75390625
Gujranwala,2026-05-28,134.0,190.0,133.73512,56.26487731933594,-56.26487731933594,Unhealthy for Sensitive Groups,Unhealthy,56.0,-0.2648773193359375,-56.26487731933594
Hyderabad,2026-05-28,81.0,82.0,86.852745,4.852745056152344,4.852745056152344,Moderate,Moderate,1.0,5.852745056152344,4.852745056152344
Quetta,2026-05-28,170.0,159.0,169.54855,10.548553466796875,10.548553466796875,Unhealthy,Unhealthy,-11.0,-0.451446533203125,10.548553466796875
Peshawar,2026-05-28,117.0,120.0,95.52295,24.47705078125,-24.47705078125,Moderate,Unhealthy for Sensitive Groups,3.0,-21.47705078125,-24.47705078125
Multan,2026-05-28,181.0,129.0,163.22379,34.223785400390625,34.223785400390625,Unhealthy,Unhealthy for Sensitive Groups,-52.0,-17.776214599609375,34.223785400390625
Faisalabad,2026-05-28,167.0,166.0,165.21294,0.7870635986328125,-0.7870635986328125,Unhealthy,Unhealthy,-1.0,-1.7870635986328125,-0.7870635986328125
Rawalpindi,2026-05-28,143.0,172.0,132.28917,39.71083068847656,-39.71083068847656,Unhealthy for Sensitive Groups,Unhealthy,29.0,-10.710830688476562,-39.71083068847656
Islamabad,2026-05-28,143.0,172.0,134.00072,37.99928283691406,-37.99928283691406,Unhealthy for Sensitive Groups,Unhealthy,29.0,-8.999282836914062,-37.99928283691406
Lahore,2026-05-28,157.0,188.0,153.14595,34.85404968261719,-34.85404968261719,Unhealthy,Unhealthy,31.0,-3.8540496826171875,-34.85404968261719
Karachi,2026-05-28,76.0,78.0,78.03154,0.0315399169921875,0.0315399169921875,Moderate,Moderate,2.0,2.0315399169921875,0.0315399169921875
Bahawalpur,2026-05-29,123.0,155.0,134.57121,20.428787231445312,-20.428787231445312,Unhealthy for Sensitive Groups,Unhealthy,32.0,11.571212768554688,-20.428787231445312
Sialkot,2026-05-29,174.0,158.0,175.10893,17.108932495117188,17.108932495117188,Unhealthy,Unhealthy,-16.0,1.1089324951171875,17.108932495117188
Gujranwala,2026-05-29,190.0,173.0,183.19026,10.190261840820312,10.190261840820312,Unhealthy,Unhealthy,-17.0,-6.8097381591796875,10.190261840820312
Hyderabad,2026-05-29,82.0,81.0,88.3142,7.314201354980469,7.314201354980469,Moderate,Moderate,-1.0,6.314201354980469,7.314201354980469
Quetta,2026-05-29,159.0,127.0,164.53885,37.538848876953125,37.538848876953125,Unhealthy,Unhealthy for Sensitive Groups,-32.0,5.538848876953125,37.538848876953125
Peshawar,2026-05-29,120.0,197.0,140.10492,56.89508056640625,-56.89508056640625,Unhealthy for Sensitive Groups,Unhealthy,77.0,20.10491943359375,-56.89508056640625
Faisalabad,2026-05-29,166.0,192.0,177.73392,14.266082763671875,-14.266082763671875,Unhealthy,Unhealthy,26.0,11.733917236328125,-14.266082763671875
Rawalpindi,2026-05-29,172.0,166.0,145.57787,20.422134399414062,-20.422134399414062,Unhealthy for Sensitive Groups,Unhealthy,-6.0,-26.422134399414062,-20.422134399414062
Islamabad,2026-05-29,172.0,166.0,144.24535,21.754653930664062,-21.754653930664062,Unhealthy for Sensitive Groups,Unhealthy,-6.0,-27.754653930664062,-21.754653930664062
Lahore,2026-05-29,188.0,306.0,203.98262,102.01737976074219,-102.01737976074219,Very Unhealthy,Hazardous,118.0,15.982620239257812,-102.01737976074219
Multan,2026-05-29,129.0,164.0,144.69073,19.30926513671875,-19.30926513671875,Unhealthy for Sensitive Groups,Unhealthy,35.0,15.69073486328125,-19.30926513671875
Karachi,2026-05-29,78.0,76.0,83.52493,7.524932861328125,7.524932861328125,Moderate,Moderate,-2.0,5.524932861328125,7.524932861328125
Peshawar,2026-05-30,197.0,166.0,179.23218,13.232177734375,13.232177734375,Unhealthy,Unhealthy,-31.0,-17.767822265625,13.232177734375
Bahawalpur,2026-05-30,155.0,154.0,173.48006,19.480056762695312,19.480056762695312,Unhealthy,Unhealthy,-1.0,18.480056762695312,19.480056762695312
Sialkot,2026-05-30,158.0,151.0,135.2153,15.784698486328125,-15.784698486328125,Unhealthy for Sensitive Groups,Unhealthy,-7.0,-22.784698486328125,-15.784698486328125
Gujranwala,2026-05-30,173.0,162.0,165.46175,3.4617462158203125,3.4617462158203125,Unhealthy,Unhealthy,-11.0,-7.5382537841796875,3.4617462158203125
Hyderabad,2026-05-30,81.0,80.0,86.45699,6.456993103027344,6.456993103027344,Moderate,Moderate,-1.0,5.456993103027344,6.456993103027344
Quetta,2026-05-30,127.0,75.0,122.57135,47.57135009765625,47.57135009765625,Unhealthy for Sensitive Groups,Moderate,-52.0,-4.42864990234375,47.57135009765625
Multan,2026-05-30,164.0,164.0,181.65448,17.65447998046875,17.65447998046875,Unhealthy,Unhealthy,0.0,17.65447998046875,17.65447998046875
Rawalpindi,2026-05-30,166.0,166.0,162.9821,3.0178985595703125,-3.0178985595703125,Unhealthy,Unhealthy,0.0,-3.0178985595703125,-3.0178985595703125
Karachi,2026-05-30,76.0,74.0,81.0507,7.050697326660156,7.050697326660156,Moderate,Moderate,-2.0,5.050697326660156,7.050697326660156
Faisalabad,2026-05-30,192.0,178.0,203.1981,25.198104858398438,25.198104858398438,Very Unhealthy,Unhealthy,-14.0,11.198104858398438,25.198104858398438
Islamabad,2026-05-30,166.0,166.0,162.00432,3.9956817626953125,-3.9956817626953125,Unhealthy,Unhealthy,0.0,-3.9956817626953125,-3.9956817626953125
Lahore,2026-05-30,306.0,158.0,206.23993,48.23992919921875,48.23992919921875,Very Unhealthy,Unhealthy,-148.0,-99.76007080078125,48.23992919921875
Bahawalpur,2026-05-31,154.0,158.0,137.87766,20.122344970703125,-20.122344970703125,Unhealthy for Sensitive Groups,Unhealthy,4.0,-16.122344970703125,-20.122344970703125
Sialkot,2026-05-31,151.0,154.0,149.51433,4.4856719970703125,-4.4856719970703125,Unhealthy for Sensitive Groups,Unhealthy,3.0,-1.4856719970703125,-4.4856719970703125
Gujranwala,2026-05-31,162.0,167.0,157.883,9.11700439453125,-9.11700439453125,Unhealthy,Unhealthy,5.0,-4.11700439453125,-9.11700439453125
Hyderabad,2026-05-31,80.0,82.0,80.157875,1.8421249389648438,-1.8421249389648438,Moderate,Moderate,2.0,0.15787506103515625,-1.8421249389648438
Peshawar,2026-05-31,166.0,166.0,160.551,5.449005126953125,-5.449005126953125,Unhealthy,Unhealthy,0.0,-5.449005126953125,-5.449005126953125
Quetta,2026-05-31,75.0,93.0,122.126,29.125999450683594,29.125999450683594,Unhealthy for Sensitive Groups,Moderate,18.0,47.125999450683594,29.125999450683594
Faisalabad,2026-05-31,178.0,168.0,162.16148,5.8385162353515625,-5.8385162353515625,Unhealthy,Unhealthy,-10.0,-15.838516235351562,-5.8385162353515625
Rawalpindi,2026-05-31,166.0,164.0,159.20903,4.7909698486328125,-4.7909698486328125,Unhealthy,Unhealthy,-2.0,-6.7909698486328125,-4.7909698486328125
Islamabad,2026-05-31,166.0,164.0,160.57413,3.425872802734375,-3.425872802734375,Unhealthy,Unhealthy,-2.0,-5.425872802734375,-3.425872802734375
Lahore,2026-05-31,158.0,162.0,150.37486,11.625137329101562,-11.625137329101562,Unhealthy,Unhealthy,4.0,-7.6251373291015625,-11.625137329101562
Karachi,2026-05-31,74.0,80.0,74.503204,5.496795654296875,-5.496795654296875,Moderate,Moderate,6.0,0.503204345703125,-5.496795654296875
Multan,2026-05-31,164.0,167.0,151.39133,15.608673095703125,-15.608673095703125,Unhealthy,Unhealthy,3.0,-12.608673095703125,-15.608673095703125
Quetta,2026-06-01,93.0,95.0,127.36993,32.36992645263672,32.36992645263672,Unhealthy for Sensitive Groups,Moderate,2.0,34.36992645263672,32.36992645263672
Bahawalpur,2026-06-01,158.0,158.0,163.56653,5.5665283203125,5.5665283203125,Unhealthy,Unhealthy,0.0,5.5665283203125,5.5665283203125
Sialkot,2026-06-01,154.0,163.0,158.43008,4.569915771484375,-4.569915771484375,Unhealthy,Unhealthy,9.0,4.430084228515625,-4.569915771484375
Gujranwala,2026-06-01,167.0,182.0,172.58514,9.41485595703125,-9.41485595703125,Unhealthy,Unhealthy,15.0,5.58514404296875,-9.41485595703125
Hyderabad,2026-06-01,82.0,90.0,90.05967,0.05966949462890625,0.05966949462890625,Moderate,Moderate,8.0,8.059669494628906,0.05966949462890625
Peshawar,2026-06-01,166.0,161.0,166.63196,5.6319580078125,5.6319580078125,Unhealthy,Unhealthy,-5.0,0.6319580078125,5.6319580078125
Lahore,2026-06-01,162.0,178.0,174.73099,3.269012451171875,-3.269012451171875,Unhealthy,Unhealthy,16.0,12.730987548828125,-3.269012451171875
Faisalabad,2026-06-01,168.0,176.0,190.0786,14.078598022460938,14.078598022460938,Unhealthy,Unhealthy,8.0,22.078598022460938,14.078598022460938
Rawalpindi,2026-06-01,164.0,161.0,163.89426,2.894256591796875,2.894256591796875,Unhealthy,Unhealthy,-3.0,-0.105743408203125,2.894256591796875
Islamabad,2026-06-01,164.0,161.0,165.28506,4.285064697265625,4.285064697265625,Unhealthy,Unhealthy,-3.0,1.285064697265625,4.285064697265625
Karachi,2026-06-01,80.0,90.0,87.87933,2.12066650390625,-2.12066650390625,Moderate,Moderate,10.0,7.87933349609375,-2.12066650390625
Multan,2026-06-01,167.0,167.0,181.83922,14.839218139648438,14.839218139648438,Unhealthy,Unhealthy,0.0,14.839218139648438,14.839218139648438
Quetta,2026-06-02,95.0,124.0,106.71347,17.286529541015625,-17.286529541015625,Unhealthy for Sensitive Groups,Unhealthy for Sensitive Groups,29.0,11.713470458984375,-17.286529541015625
Sialkot,2026-06-02,163.0,153.0,167.84598,14.845977783203125,14.845977783203125,Unhealthy,Unhealthy,-10.0,4.845977783203125,14.845977783203125
Gujranwala,2026-06-02,182.0,179.0,186.24686,7.246856689453125,7.246856689453125,Unhealthy,Unhealthy,-3.0,4.246856689453125,7.246856689453125
Hyderabad,2026-06-02,90.0,94.0,92.56961,1.430389404296875,-1.430389404296875,Moderate,Moderate,4.0,2.569610595703125,-1.430389404296875
Peshawar,2026-06-02,161.0,177.0,163.5548,13.445205688476562,-13.445205688476562,Unhealthy,Unhealthy,16.0,2.5547943115234375,-13.445205688476562
Bahawalpur,2026-06-02,158.0,152.0,144.47133,7.5286712646484375,-7.5286712646484375,Unhealthy for Sensitive Groups,Unhealthy,-6.0,-13.528671264648438,-7.5286712646484375
Faisalabad,2026-06-02,176.0,195.0,183.63544,11.36456298828125,-11.36456298828125,Unhealthy,Unhealthy,19.0,7.63543701171875,-11.36456298828125
Rawalpindi,2026-06-02,161.0,157.0,165.2657,8.265701293945312,8.265701293945312,Unhealthy,Unhealthy,-4.0,4.2657012939453125,8.265701293945312
Islamabad,2026-06-02,161.0,157.0,164.59853,7.5985260009765625,7.5985260009765625,Unhealthy,Unhealthy,-4.0,3.5985260009765625,7.5985260009765625
Lahore,2026-06-02,178.0,189.0,191.3683,2.3683013916015625,2.3683013916015625,Unhealthy,Unhealthy,11.0,13.368301391601562,2.3683013916015625
Karachi,2026-06-02,90.0,94.0,97.2421,3.2421035766601562,3.2421035766601562,Moderate,Moderate,4.0,7.242103576660156,3.2421035766601562
Multan,2026-06-02,167.0,163.0,166.59926,3.5992584228515625,3.5992584228515625,Unhealthy,Unhealthy,-4.0,-0.4007415771484375,3.5992584228515625
Bahawalpur,2026-06-03,152.0,122.0,127.36548,5.365478515625,5.365478515625,Unhealthy for Sensitive Groups,Unhealthy for Sensitive Groups,-30.0,-24.634521484375,5.365478515625
Sialkot,2026-06-03,153.0,147.0,151.84868,4.8486785888671875,4.8486785888671875,Unhealthy,Unhealthy for Sensitive Groups,-6.0,-1.1513214111328125,4.8486785888671875
Gujranwala,2026-06-03,179.0,182.0,163.39569,18.60430908203125,-18.60430908203125,Unhealthy,Unhealthy,3.0,-15.60430908203125,-18.60430908203125
Hyderabad,2026-06-03,94.0,95.0,97.1998,2.199798583984375,2.199798583984375,Moderate,Moderate,1.0,3.199798583984375,2.199798583984375
Quetta,2026-06-03,124.0,157.0,132.0113,24.988693237304688,-24.988693237304688,Unhealthy for Sensitive Groups,Unhealthy,33.0,8.011306762695312,-24.988693237304688
Peshawar,2026-06-03,177.0,152.0,163.7859,11.785903930664062,11.785903930664062,Unhealthy,Unhealthy,-25.0,-13.214096069335938,11.785903930664062
Lahore,2026-06-03,189.0,198.0,171.37772,26.622283935546875,-26.622283935546875,Unhealthy,Unhealthy,9.0,-17.622283935546875,-26.622283935546875
Faisalabad,2026-06-03,195.0,168.0,183.46417,15.46417236328125,15.46417236328125,Unhealthy,Unhealthy,-27.0,-11.53582763671875,15.46417236328125
Rawalpindi,2026-06-03,157.0,146.0,137.29175,8.708251953125,-8.708251953125,Unhealthy for Sensitive Groups,Unhealthy for Sensitive Groups,-11.0,-19.708251953125,-8.708251953125
Islamabad,2026-06-03,157.0,146.0,138.00285,7.9971466064453125,-7.9971466064453125,Unhealthy for Sensitive Groups,Unhealthy for Sensitive Groups,-11.0,-18.997146606445312,-7.9971466064453125
Multan,2026-06-03,163.0,158.0,165.38174,7.381744384765625,7.381744384765625,Unhealthy,Unhealthy,-5.0,2.381744384765625,7.381744384765625
Karachi,2026-06-03,94.0,95.0,91.620636,3.379364013671875,-3.379364013671875,Moderate,Moderate,1.0,-2.379364013671875,-3.379364013671875
Sialkot,2026-06-04,147.0,160.0,153.94467,6.055328369140625,-6.055328369140625,Unhealthy,Unhealthy,13.0,6.944671630859375,-6.055328369140625
Gujranwala,2026-06-04,182.0,177.0,169.08888,7.9111175537109375,-7.9111175537109375,Unhealthy,Unhealthy,-5.0,-12.911117553710938,-7.9111175537109375
Hyderabad,2026-06-04,95.0,101.0,100.19225,0.8077468872070312,-0.8077468872070312,Unhealthy for Sensitive Groups,Unhealthy for Sensitive Groups,6.0,5.192253112792969,-0.8077468872070312
Quetta,2026-06-04,157.0,139.0,138.50189,0.49810791015625,-0.49810791015625,Unhealthy for Sensitive Groups,Unhealthy for Sensitive Groups,-18.0,-18.49810791015625,-0.49810791015625
Peshawar,2026-06-04,152.0,164.0,151.85503,12.144973754882812,-12.144973754882812,Unhealthy,Unhealthy,12.0,-0.1449737548828125,-12.144973754882812
Bahawalpur,2026-06-04,122.0,161.0,113.00903,47.990966796875,-47.990966796875,Unhealthy for Sensitive Groups,Unhealthy,39.0,-8.990966796875,-47.990966796875
Faisalabad,2026-06-04,168.0,187.0,161.94183,25.05816650390625,-25.05816650390625,Unhealthy,Unhealthy,19.0,-6.05816650390625,-25.05816650390625
Karachi,2026-06-04,95.0,96.0,102.157524,6.157524108886719,6.157524108886719,Unhealthy for Sensitive Groups,Moderate,1.0,7.157524108886719,6.157524108886719
Lahore,2026-06-04,198.0,201.0,181.6697,19.330307006835938,-19.330307006835938,Unhealthy,Very Unhealthy,3.0,-16.330307006835938,-19.330307006835938
Multan,2026-06-04,158.0,162.0,124.91031,37.089691162109375,-37.089691162109375,Unhealthy for Sensitive Groups,Unhealthy,4.0,-33.089691162109375,-37.089691162109375
Rawalpindi,2026-06-04,146.0,152.0,155.1688,3.168792724609375,3.168792724609375,Unhealthy,Unhealthy,6.0,9.168792724609375,3.168792724609375
Islamabad,2026-06-04,146.0,152.0,150.71664,1.283355712890625,-1.283355712890625,Unhealthy,Unhealthy,6.0,4.716644287109375,-1.283355712890625
Bahawalpur,2026-06-05,161.0,163.0,174.5059,11.505905151367188,11.505905151367188,Unhealthy,Unhealthy,2.0,13.505905151367188,11.505905151367188
Sialkot,2026-06-05,160.0,156.0,164.74106,8.741058349609375,8.741058349609375,Unhealthy,Unhealthy,-4.0,4.741058349609375,8.741058349609375
Gujranwala,2026-06-05,177.0,178.0,175.0753,2.9246978759765625,-2.9246978759765625,Unhealthy,Unhealthy,1.0,-1.9246978759765625,-2.9246978759765625
Hyderabad,2026-06-05,101.0,99.0,114.801384,15.801383972167969,15.801383972167969,Unhealthy for Sensitive Groups,Moderate,-2.0,13.801383972167969,15.801383972167969
Peshawar,2026-06-05,164.0,122.0,161.01099,39.010986328125,39.010986328125,Unhealthy,Unhealthy for Sensitive Groups,-42.0,-2.989013671875,39.010986328125
Quetta,2026-06-05,139.0,108.0,118.19466,10.194656372070312,10.194656372070312,Unhealthy for Sensitive Groups,Unhealthy for Sensitive Groups,-31.0,-20.805343627929688,10.194656372070312
Faisalabad,2026-06-05,187.0,186.0,183.79036,2.2096405029296875,-2.2096405029296875,Unhealthy,Unhealthy,-1.0,-3.2096405029296875,-2.2096405029296875
Rawalpindi,2026-06-05,152.0,150.0,154.72028,4.72027587890625,4.72027587890625,Unhealthy,Unhealthy for Sensitive Groups,-2.0,2.72027587890625,4.72027587890625
Islamabad,2026-06-05,152.0,150.0,159.81195,9.81195068359375,9.81195068359375,Unhealthy,Unhealthy for Sensitive Groups,-2.0,7.81195068359375,9.81195068359375
Lahore,2026-06-05,201.0,207.0,186.56618,20.433822631835938,-20.433822631835938,Unhealthy,Very Unhealthy,6.0,-14.433822631835938,-20.433822631835938
Karachi,2026-06-05,96.0,92.0,100.046844,8.046844482421875,8.046844482421875,Unhealthy for Sensitive Groups,Moderate,-4.0,4.046844482421875,8.046844482421875
Multan,2026-06-05,162.0,163.0,172.5895,9.589492797851562,9.589492797851562,Unhealthy,Unhealthy,1.0,10.589492797851562,9.589492797851562
Bahawalpur,2026-06-06,163.0,133.0,142.25984,9.259841918945312,9.259841918945312,Unhealthy for Sensitive Groups,Unhealthy for Sensitive Groups,-30.0,-20.740158081054688,9.259841918945312
Sialkot,2026-06-06,156.0,167.0,152.23004,14.76995849609375,-14.76995849609375,Unhealthy,Unhealthy,11.0,-3.76995849609375,-14.76995849609375
Gujranwala,2026-06-06,178.0,176.0,162.4367,13.56329345703125,-13.56329345703125,Unhealthy,Unhealthy,-2.0,-15.56329345703125,-13.56329345703125
Hyderabad,2026-06-06,99.0,86.0,85.956215,0.04378509521484375,-0.04378509521484375,Moderate,Moderate,-13.0,-13.043785095214844,-0.04378509521484375
Quetta,2026-06-06,108.0,108.0,112.98202,4.982017517089844,4.982017517089844,Unhealthy for Sensitive Groups,Unhealthy for Sensitive Groups,0.0,4.982017517089844,4.982017517089844
Peshawar,2026-06-06,122.0,119.0,133.33208,14.332077026367188,14.332077026367188,Unhealthy for Sensitive Groups,Unhealthy for Sensitive Groups,-3.0,11.332077026367188,14.332077026367188
Faisalabad,2026-06-06,186.0,179.0,184.95168,5.9516754150390625,5.9516754150390625,Unhealthy,Unhealthy,-7.0,-1.0483245849609375,5.9516754150390625
Rawalpindi,2026-06-06,150.0,163.0,155.0034,7.9965972900390625,-7.9965972900390625,Unhealthy,Unhealthy,13.0,5.0034027099609375,-7.9965972900390625
Islamabad,2026-06-06,150.0,163.0,153.21535,9.784652709960938,-9.784652709960938,Unhealthy,Unhealthy,13.0,3.2153472900390625,-9.784652709960938
Lahore,2026-06-06,207.0,203.0,206.65947,3.6594696044921875,3.6594696044921875,Very Unhealthy,Very Unhealthy,-4.0,-0.3405303955078125,3.6594696044921875
Karachi,2026-06-06,92.0,84.0,85.43939,1.43939208984375,1.43939208984375,Moderate,Moderate,-8.0,-6.56060791015625,1.43939208984375
Multan,2026-06-06,163.0,150.0,150.92856,0.928558349609375,0.928558349609375,Unhealthy,Unhealthy for Sensitive Groups,-13.0,-12.071441650390625,0.928558349609375
Sialkot,2026-06-07,167.0,166.0,173.49744,7.4974365234375,7.4974365234375,Unhealthy,Unhealthy,-1.0,6.4974365234375,7.4974365234375
Gujranwala,2026-06-07,176.0,161.0,167.57204,6.5720367431640625,6.5720367431640625,Unhealthy,Unhealthy,-15.0,-8.427963256835938,6.5720367431640625
Hyderabad,2026-06-07,86.0,90.0,92.15772,2.1577224731445312,2.1577224731445312,Moderate,Moderate,4.0,6.157722473144531,2.1577224731445312
Quetta,2026-06-07,108.0,120.0,118.45996,1.5400390625,-1.5400390625,Unhealthy for Sensitive Groups,Unhealthy for Sensitive Groups,12.0,10.4599609375,-1.5400390625
Peshawar,2026-06-07,119.0,145.0,145.47401,0.4740142822265625,0.4740142822265625,Unhealthy for Sensitive Groups,Unhealthy for Sensitive Groups,26.0,26.474014282226562,0.4740142822265625
Bahawalpur,2026-06-07,133.0,116.0,133.16638,17.1663818359375,17.1663818359375,Unhealthy for Sensitive Groups,Unhealthy for Sensitive Groups,-17.0,0.1663818359375,17.1663818359375
Faisalabad,2026-06-07,179.0,196.0,167.98036,28.019638061523438,-28.019638061523438,Unhealthy,Unhealthy,17.0,-11.019638061523438,-28.019638061523438
Rawalpindi,2026-06-07,163.0,158.0,174.29465,16.294647216796875,16.294647216796875,Unhealthy,Unhealthy,-5.0,11.294647216796875,16.294647216796875
Islamabad,2026-06-07,163.0,158.0,172.41829,14.418289184570312,14.418289184570312,Unhealthy,Unhealthy,-5.0,9.418289184570312,14.418289184570312
Lahore,2026-06-07,203.0,182.0,177.92422,4.075775146484375,-4.075775146484375,Unhealthy,Unhealthy,-21.0,-25.075775146484375,-4.075775146484375
Karachi,2026-06-07,84.0,87.0,90.568924,3.5689239501953125,3.5689239501953125,Moderate,Moderate,3.0,6.5689239501953125,3.5689239501953125
Multan,2026-06-07,150.0,165.0,158.38074,6.6192626953125,-6.6192626953125,Unhealthy,Unhealthy,15.0,8.3807373046875,-6.6192626953125
Bahawalpur,2026-06-08,116.0,115.0,119.55822,4.558219909667969,4.558219909667969,Unhealthy for Sensitive Groups,Unhealthy for Sensitive Groups,-1.0,3.5582199096679688,4.558219909667969
Sialkot,2026-06-08,166.0,173.0,173.43584,0.4358367919921875,0.4358367919921875,Unhealthy,Unhealthy,7.0,7.4358367919921875,0.4358367919921875
Gujranwala,2026-06-08,161.0,179.0,173.38107,5.618927001953125,-5.618927001953125,Unhealthy,Unhealthy,18.0,12.381072998046875,-5.618927001953125
Hyderabad,2026-06-08,90.0,89.0,92.63605,3.63604736328125,3.63604736328125,Moderate,Moderate,-1.0,2.63604736328125,3.63604736328125
Quetta,2026-06-08,120.0,91.0,113.36735,22.367347717285156,22.367347717285156,Unhealthy for Sensitive Groups,Moderate,-29.0,-6.632652282714844,22.367347717285156
Peshawar,2026-06-08,145.0,137.0,164.57835,27.578353881835938,27.578353881835938,Unhealthy,Unhealthy for Sensitive Groups,-8.0,19.578353881835938,27.578353881835938
Multan,2026-06-08,165.0,167.0,162.0545,4.94549560546875,-4.94549560546875,Unhealthy,Unhealthy,2.0,-2.94549560546875,-4.94549560546875
Rawalpindi,2026-06-08,158.0,166.0,176.72969,10.729690551757812,10.729690551757812,Unhealthy,Unhealthy,8.0,18.729690551757812,10.729690551757812
Islamabad,2026-06-08,158.0,166.0,173.64641,7.6464080810546875,7.6464080810546875,Unhealthy,Unhealthy,8.0,15.646408081054688,7.6464080810546875
Lahore,2026-06-08,182.0,200.0,175.35959,24.640411376953125,-24.640411376953125,Unhealthy,Unhealthy,18.0,-6.640411376953125,-24.640411376953125
Karachi,2026-06-08,87.0,85.0,89.211876,4.211875915527344,4.211875915527344,Moderate,Moderate,-2.0,2.2118759155273438,4.211875915527344
Faisalabad,2026-06-08,196.0,164.0,185.67506,21.675064086914062,21.675064086914062,Unhealthy,Unhealthy,-32.0,-10.324935913085938,21.675064086914062
Quetta,2026-06-09,91.0,165.0,113.24318,51.75682067871094,-51.75682067871094,Unhealthy for Sensitive Groups,Unhealthy,74.0,22.243179321289062,-51.75682067871094
Sialkot,2026-06-09,173.0,174.0,169.73552,4.2644805908203125,-4.2644805908203125,Unhealthy,Unhealthy,1.0,-3.2644805908203125,-4.2644805908203125
Gujranwala,2026-06-09,179.0,193.0,162.4893,30.510696411132812,-30.510696411132812,Unhealthy,Unhealthy,14.0,-16.510696411132812,-30.510696411132812
Hyderabad,2026-06-09,89.0,85.0,82.568855,2.4311447143554688,-2.4311447143554688,Moderate,Moderate,-4.0,-6.431144714355469,-2.4311447143554688
Peshawar,2026-06-09,137.0,125.0,153.33577,28.335769653320312,28.335769653320312,Unhealthy,Unhealthy for Sensitive Groups,-12.0,16.335769653320312,28.335769653320312
Bahawalpur,2026-06-09,115.0,118.0,117.45767,0.542327880859375,-0.542327880859375,Unhealthy for Sensitive Groups,Unhealthy for Sensitive Groups,3.0,2.457672119140625,-0.542327880859375
Faisalabad,2026-06-09,164.0,170.0,170.60461,0.6046142578125,0.6046142578125,Unhealthy,Unhealthy,6.0,6.6046142578125,0.6046142578125
Karachi,2026-06-09,85.0,73.0,77.723145,4.72314453125,4.72314453125,Moderate,Moderate,-12.0,-7.27685546875,4.72314453125
Lahore,2026-06-09,200.0,199.0,170.24507,28.754928588867188,-28.754928588867188,Unhealthy,Unhealthy,-1.0,-29.754928588867188,-28.754928588867188
Multan,2026-06-09,167.0,163.0,148.35147,14.648529052734375,-14.648529052734375,Unhealthy for Sensitive Groups,Unhealthy,-4.0,-18.648529052734375,-14.648529052734375
Rawalpindi,2026-06-09,166.0,180.0,176.81557,3.1844329833984375,-3.1844329833984375,Unhealthy,Unhealthy,14.0,10.815567016601562,-3.1844329833984375
Islamabad,2026-06-09,166.0,180.0,180.39124,0.3912353515625,0.3912353515625,Unhealthy,Unhealthy,14.0,14.3912353515625,0.3912353515625
Bahawalpur,2026-06-10,118.0,134.0,125.190025,8.809974670410156,-8.809974670410156,Unhealthy for Sensitive Groups,Unhealthy for Sensitive Groups,16.0,7.190025329589844,-8.809974670410156
Sialkot,2026-06-10,174.0,188.0,167.93114,20.068862915039062,-20.068862915039062,Unhealthy,Unhealthy,14.0,-6.0688629150390625,-20.068862915039062
Gujranwala,2026-06-10,193.0,199.0,158.56235,40.437652587890625,-40.437652587890625,Unhealthy,Unhealthy,6.0,-34.437652587890625,-40.437652587890625
Hyderabad,2026-06-10,85.0,102.0,96.519325,5.480674743652344,-5.480674743652344,Moderate,Unhealthy for Sensitive Groups,17.0,11.519325256347656,-5.480674743652344
Peshawar,2026-06-10,125.0,89.0,134.26872,45.26872253417969,45.26872253417969,Unhealthy for Sensitive Groups,Moderate,-36.0,9.268722534179688,45.26872253417969
Quetta,2026-06-10,165.0,182.0,182.14948,0.14947509765625,0.14947509765625,Unhealthy,Unhealthy,17.0,17.14947509765625,0.14947509765625
Faisalabad,2026-06-10,170.0,189.0,161.19873,27.80126953125,-27.80126953125,Unhealthy,Unhealthy,19.0,-8.80126953125,-27.80126953125
Rawalpindi,2026-06-10,180.0,198.0,175.46126,22.538742065429688,-22.538742065429688,Unhealthy,Unhealthy,18.0,-4.5387420654296875,-22.538742065429688
Islamabad,2026-06-10,180.0,198.0,176.2346,21.765396118164062,-21.765396118164062,Unhealthy,Unhealthy,18.0,-3.7653961181640625,-21.765396118164062
Lahore,2026-06-10,199.0,178.0,178.31995,0.3199462890625,0.3199462890625,Unhealthy,Unhealthy,-21.0,-20.6800537109375,0.3199462890625
Karachi,2026-06-10,73.0,99.0,78.34575,20.654251098632812,-20.654251098632812,Moderate,Moderate,26.0,5.3457489013671875,-20.654251098632812
Multan,2026-06-10,163.0,160.0,152.12517,7.8748321533203125,-7.8748321533203125,Unhealthy,Unhealthy,-3.0,-10.874832153320312,-7.8748321533203125
Bahawalpur,2026-06-11,134.0,204.0,131.9798,72.02020263671875,-72.02020263671875,Unhealthy for Sensitive Groups,Very Unhealthy,70.0,-2.02020263671875,-72.02020263671875
Sialkot,2026-06-11,188.0,157.0,172.9147,15.914703369140625,15.914703369140625,Unhealthy,Unhealthy,-31.0,-15.085296630859375,15.914703369140625
Gujranwala,2026-06-11,199.0,172.0,194.99358,22.993576049804688,22.993576049804688,Unhealthy,Unhealthy,-27.0,-4.0064239501953125,22.993576049804688
Hyderabad,2026-06-11,102.0,102.0,116.69783,14.697830200195312,14.697830200195312,Unhealthy for Sensitive Groups,Unhealthy for Sensitive Groups,0.0,14.697830200195312,14.697830200195312
Quetta,2026-06-11,182.0,146.0,160.7336,14.733596801757812,14.733596801757812,Unhealthy,Unhealthy for Sensitive Groups,-36.0,-21.266403198242188,14.733596801757812
Peshawar,2026-06-11,89.0,158.0,123.567665,34.432334899902344,-34.432334899902344,Unhealthy for Sensitive Groups,Unhealthy,69.0,34.567665100097656,-34.432334899902344
Multan,2026-06-11,160.0,218.0,164.7652,53.23480224609375,-53.23480224609375,Unhealthy,Very Unhealthy,58.0,4.76519775390625,-53.23480224609375
Rawalpindi,2026-06-11,198.0,140.0,165.98549,25.985488891601562,25.985488891601562,Unhealthy,Unhealthy for Sensitive Groups,-58.0,-32.01451110839844,25.985488891601562
Islamabad,2026-06-11,198.0,140.0,162.29141,22.291412353515625,22.291412353515625,Unhealthy,Unhealthy for Sensitive Groups,-58.0,-35.708587646484375,22.291412353515625
Lahore,2026-06-11,178.0,292.0,196.36969,95.63031005859375,-95.63031005859375,Unhealthy,Very Unhealthy,114.0,18.36968994140625,-95.63031005859375
Karachi,2026-06-11,99.0,99.0,111.17713,12.177131652832031,12.177131652832031,Unhealthy for Sensitive Groups,Moderate,0.0,12.177131652832031,12.177131652832031
Faisalabad,2026-06-11,189.0,268.0,173.44272,94.55728149414062,-94.55728149414062,Unhealthy,Very Unhealthy,79.0,-15.557281494140625,-94.55728149414062
Bahawalpur,2026-06-12,204.0,209.0,222.1391,13.13909912109375,13.13909912109375,Very Unhealthy,Very Unhealthy,5.0,18.13909912109375,13.13909912109375
Sialkot,2026-06-12,157.0,146.0,161.04805,15.048049926757812,15.048049926757812,Unhealthy,Unhealthy for Sensitive Groups,-11.0,4.0480499267578125,15.048049926757812
Gujranwala,2026-06-12,172.0,163.0,185.58339,22.583389282226562,22.583389282226562,Unhealthy,Unhealthy,-9.0,13.583389282226562,22.583389282226562
Hyderabad,2026-06-12,102.0,89.0,100.54087,11.540870666503906,11.540870666503906,Unhealthy for Sensitive Groups,Moderate,-13.0,-1.4591293334960938,11.540870666503906
Quetta,2026-06-12,146.0,107.0,140.12195,33.1219482421875,33.1219482421875,Unhealthy for Sensitive Groups,Unhealthy for Sensitive Groups,-39.0,-5.8780517578125,33.1219482421875
Peshawar,2026-06-12,158.0,157.0,166.50424,9.504241943359375,9.504241943359375,Unhealthy,Unhealthy,-1.0,8.504241943359375,9.504241943359375
Faisalabad,2026-06-12,268.0,248.0,201.23302,46.76698303222656,-46.76698303222656,Very Unhealthy,Very Unhealthy,-20.0,-66.76698303222656,-46.76698303222656
Rawalpindi,2026-06-12,140.0,137.0,143.8131,6.8130950927734375,6.8130950927734375,Unhealthy for Sensitive Groups,Unhealthy for Sensitive Groups,-3.0,3.8130950927734375,6.8130950927734375
Islamabad,2026-06-12,140.0,137.0,145.85367,8.853668212890625,8.853668212890625,Unhealthy for Sensitive Groups,Unhealthy for Sensitive Groups,-3.0,5.853668212890625,8.853668212890625
Lahore,2026-06-12,292.0,235.0,218.38411,16.615890502929688,-16.615890502929688,Very Unhealthy,Very Unhealthy,-57.0,-73.61589050292969,-16.615890502929688
Karachi,2026-06-12,99.0,77.0,78.329956,1.3299560546875,1.3299560546875,Moderate,Moderate,-22.0,-20.6700439453125,1.3299560546875
Multan,2026-06-12,218.0,226.0,224.81532,1.1846771240234375,-1.1846771240234375,Very Unhealthy,Very Unhealthy,8.0,6.8153228759765625,-1.1846771240234375
Quetta,2026-06-13,107.0,81.0,106.473,25.472999572753906,25.472999572753906,Unhealthy for Sensitive Groups,Moderate,-26.0,-0.5270004272460938,25.472999572753906
Sialkot,2026-06-13,146.0,156.0,133.12169,22.878311157226562,-22.878311157226562,Unhealthy for Sensitive Groups,Unhealthy,10.0,-12.878311157226562,-22.878311157226562
Gujranwala,2026-06-13,163.0,143.0,144.55846,1.5584564208984375,1.5584564208984375,Unhealthy for Sensitive Groups,Unhealthy for Sensitive Groups,-20.0,-18.441543579101562,1.5584564208984375
Bahawalpur,2026-06-13,209.0,182.0,189.85545,7.8554534912109375,7.8554534912109375,Unhealthy,Unhealthy,-27.0,-19.144546508789062,7.8554534912109375
Hyderabad,2026-06-13,89.0,83.0,90.86413,7.864128112792969,7.864128112792969,Moderate,Moderate,-6.0,1.8641281127929688,7.864128112792969
Peshawar,2026-06-13,157.0,148.0,126.92059,21.07940673828125,-21.07940673828125,Unhealthy for Sensitive Groups,Unhealthy for Sensitive Groups,-9.0,-30.07940673828125,-21.07940673828125
Islamabad,2026-06-13,137.0,151.0,144.96912,6.0308837890625,-6.0308837890625,Unhealthy for Sensitive Groups,Unhealthy,14.0,7.9691162109375,-6.0308837890625
Faisalabad,2026-06-13,248.0,156.0,184.64603,28.646026611328125,28.646026611328125,Unhealthy,Unhealthy,-92.0,-63.353973388671875,28.646026611328125
Rawalpindi,2026-06-13,137.0,151.0,151.0917,0.091705322265625,0.091705322265625,Unhealthy,Unhealthy,14.0,14.091705322265625,0.091705322265625
Lahore,2026-06-13,235.0,169.0,178.46024,9.460235595703125,9.460235595703125,Unhealthy,Unhealthy,-66.0,-56.539764404296875,9.460235595703125
Karachi,2026-06-13,77.0,75.0,83.06456,8.064559936523438,8.064559936523438,Moderate,Moderate,-2.0,6.0645599365234375,8.064559936523438
Multan,2026-06-13,226.0,187.0,190.63837,3.63836669921875,3.63836669921875,Unhealthy,Unhealthy,-39.0,-35.36163330078125,3.63836669921875
Bahawalpur,2026-06-14,182.0,155.0,163.23662,8.236618041992188,8.236618041992188,Unhealthy,Unhealthy,-27.0,-18.763381958007812,8.236618041992188
Sialkot,2026-06-14,156.0,153.0,162.3907,9.390701293945312,9.390701293945312,Unhealthy,Unhealthy,-3.0,6.3907012939453125,9.390701293945312
Gujranwala,2026-06-14,143.0,190.0,164.316,25.684005737304688,-25.684005737304688,Unhealthy,Unhealthy,47.0,21.315994262695312,-25.684005737304688
Hyderabad,2026-06-14,83.0,64.0,73.06689,9.066886901855469,9.066886901855469,Moderate,Moderate,-19.0,-9.933113098144531,9.066886901855469
Quetta,2026-06-14,81.0,71.0,99.52451,28.524513244628906,28.524513244628906,Moderate,Moderate,-10.0,18.524513244628906,28.524513244628906
Peshawar,2026-06-14,148.0,162.0,150.13998,11.860015869140625,-11.860015869140625,Unhealthy,Unhealthy,14.0,2.139984130859375,-11.860015869140625
Faisalabad,2026-06-14,156.0,164.0,163.29533,0.7046661376953125,-0.7046661376953125,Unhealthy,Unhealthy,8.0,7.2953338623046875,-0.7046661376953125
Rawalpindi,2026-06-14,151.0,149.0,152.92119,3.9211883544921875,3.9211883544921875,Unhealthy,Unhealthy for Sensitive Groups,-2.0,1.9211883544921875,3.9211883544921875
Islamabad,2026-06-14,151.0,149.0,153.45433,4.4543304443359375,4.4543304443359375,Unhealthy,Unhealthy for Sensitive Groups,-2.0,2.4543304443359375,4.4543304443359375
Lahore,2026-06-14,169.0,195.0,170.03542,24.964584350585938,-24.964584350585938,Unhealthy,Unhealthy,26.0,1.0354156494140625,-24.964584350585938
Karachi,2026-06-14,75.0,63.0,65.99251,2.9925079345703125,2.9925079345703125,Moderate,Moderate,-12.0,-9.007492065429688,2.9925079345703125
Multan,2026-06-14,187.0,150.0,174.59789,24.597885131835938,24.597885131835938,Unhealthy,Unhealthy for Sensitive Groups,-37.0,-12.402114868164062,24.597885131835938
Quetta,2026-06-15,71.0,82.0,101.720505,19.720504760742188,19.720504760742188,Unhealthy for Sensitive Groups,Moderate,11.0,30.720504760742188,19.720504760742188
Bahawalpur,2026-06-15,155.0,158.0,166.2425,8.24249267578125,8.24249267578125,Unhealthy,Unhealthy,3.0,11.24249267578125,8.24249267578125
Sialkot,2026-06-15,153.0,159.0,153.75668,5.243316650390625,-5.243316650390625,Unhealthy,Unhealthy,6.0,0.756683349609375,-5.243316650390625
Gujranwala,2026-06-15,190.0,176.0,169.30785,6.6921539306640625,-6.6921539306640625,Unhealthy,Unhealthy,-14.0,-20.692153930664062,-6.6921539306640625
Hyderabad,2026-06-15,64.0,72.0,69.9632,2.0367965698242188,-2.0367965698242188,Moderate,Moderate,8.0,5.963203430175781,-2.0367965698242188
Peshawar,2026-06-15,162.0,171.0,155.80872,15.1912841796875,-15.1912841796875,Unhealthy,Unhealthy,9.0,-6.1912841796875,-15.1912841796875
Karachi,2026-06-15,63.0,70.0,63.888992,6.1110076904296875,-6.1110076904296875,Moderate,Moderate,7.0,0.8889923095703125,-6.1110076904296875
Faisalabad,2026-06-15,164.0,152.0,167.65419,15.654190063476562,15.654190063476562,Unhealthy,Unhealthy,-12.0,3.6541900634765625,15.654190063476562
Rawalpindi,2026-06-15,149.0,155.0,158.23859,3.23858642578125,3.23858642578125,Unhealthy,Unhealthy,6.0,9.23858642578125,3.23858642578125
Islamabad,2026-06-15,149.0,155.0,163.42165,8.421646118164062,8.421646118164062,Unhealthy,Unhealthy,6.0,14.421646118164062,8.421646118164062
Lahore,2026-06-15,195.0,179.0,174.22371,4.7762908935546875,-4.7762908935546875,Unhealthy,Unhealthy,-16.0,-20.776290893554688,-4.7762908935546875
Multan,2026-06-15,150.0,160.0,165.232,5.23199462890625,5.23199462890625,Unhealthy,Unhealthy,10.0,15.23199462890625,5.23199462890625
Quetta,2026-06-16,82.0,90.0,93.04089,3.0408935546875,3.0408935546875,Moderate,Moderate,8.0,11.0408935546875,3.0408935546875
Bahawalpur,2026-06-16,158.0,146.0,156.00867,10.0086669921875,10.0086669921875,Unhealthy,Unhealthy for Sensitive Groups,-12.0,-1.9913330078125,10.0086669921875
Sialkot,2026-06-16,159.0,168.0,165.50533,2.4946746826171875,-2.4946746826171875,Unhealthy,Unhealthy,9.0,6.5053253173828125,-2.4946746826171875
Gujranwala,2026-06-16,176.0,187.0,163.33717,23.662826538085938,-23.662826538085938,Unhealthy,Unhealthy,11.0,-12.662826538085938,-23.662826538085938
Hyderabad,2026-06-16,72.0,81.0,76.36518,4.634819030761719,-4.634819030761719,Moderate,Moderate,9.0,4.365180969238281,-4.634819030761719
Peshawar,2026-06-16,171.0,152.0,164.2781,12.278106689453125,12.278106689453125,Unhealthy,Unhealthy,-19.0,-6.721893310546875,12.278106689453125
Multan,2026-06-16,160.0,160.0,169.32837,9.328369140625,9.328369140625,Unhealthy,Unhealthy,0.0,9.328369140625,9.328369140625
Faisalabad,2026-06-16,152.0,176.0,160.75824,15.24176025390625,-15.24176025390625,Unhealthy,Unhealthy,24.0,8.75823974609375,-15.24176025390625
Rawalpindi,2026-06-16,155.0,157.0,151.84569,5.1543121337890625,-5.1543121337890625,Unhealthy,Unhealthy,2.0,-3.1543121337890625,-5.1543121337890625
Islamabad,2026-06-16,155.0,157.0,151.44814,5.5518646240234375,-5.5518646240234375,Unhealthy,Unhealthy,2.0,-3.5518646240234375,-5.5518646240234375
Lahore,2026-06-16,179.0,204.0,172.13785,31.862152099609375,-31.862152099609375,Unhealthy,Very Unhealthy,25.0,-6.862152099609375,-31.862152099609375
Karachi,2026-06-16,70.0,76.0,72.30257,3.6974334716796875,-3.6974334716796875,Moderate,Moderate,6.0,2.3025665283203125,-3.6974334716796875
Sialkot,2026-06-17,168.0,178.0,173.79202,4.207977294921875,-4.207977294921875,Unhealthy,Unhealthy,10.0,5.792022705078125,-4.207977294921875
Gujranwala,2026-06-17,187.0,163.0,190.28256,27.282562255859375,27.282562255859375,Unhealthy,Unhealthy,-24.0,3.282562255859375,27.282562255859375
Hyderabad,2026-06-17,81.0,79.0,83.057465,4.057464599609375,4.057464599609375,Moderate,Moderate,-2.0,2.057464599609375,4.057464599609375
Quetta,2026-06-17,90.0,104.0,115.036865,11.036865234375,11.036865234375,Unhealthy for Sensitive Groups,Unhealthy for Sensitive Groups,14.0,25.036865234375,11.036865234375
Peshawar,2026-06-17,152.0,152.0,158.13893,6.1389312744140625,6.1389312744140625,Unhealthy,Unhealthy,0.0,6.1389312744140625,6.1389312744140625
Bahawalpur,2026-06-17,146.0,123.0,139.35875,16.358749389648438,16.358749389648438,Unhealthy for Sensitive Groups,Unhealthy for Sensitive Groups,-23.0,-6.6412506103515625,16.358749389648438
Faisalabad,2026-06-17,176.0,164.0,176.54193,12.54193115234375,12.54193115234375,Unhealthy,Unhealthy,-12.0,0.54193115234375,12.54193115234375
Rawalpindi,2026-06-17,157.0,158.0,158.93617,0.9361724853515625,0.9361724853515625,Unhealthy,Unhealthy,1.0,1.9361724853515625,0.9361724853515625
Islamabad,2026-06-17,157.0,158.0,160.42456,2.424560546875,2.424560546875,Unhealthy,Unhealthy,1.0,3.424560546875,2.424560546875
Lahore,2026-06-17,204.0,202.0,194.38448,7.6155242919921875,-7.6155242919921875,Unhealthy,Very Unhealthy,-2.0,-9.615524291992188,-7.6155242919921875
Karachi,2026-06-17,76.0,75.0,77.15004,2.1500396728515625,2.1500396728515625,Moderate,Moderate,-1.0,1.1500396728515625,2.1500396728515625
Multan,2026-06-17,160.0,157.0,155.82896,1.1710357666015625,-1.1710357666015625,Unhealthy,Unhealthy,-3.0,-4.1710357666015625,-1.1710357666015625
Bahawalpur,2026-06-18,123.0,128.0,126.53555,1.464447021484375,-1.464447021484375,Unhealthy for Sensitive Groups,Unhealthy for Sensitive Groups,5.0,3.535552978515625,-1.464447021484375
Sialkot,2026-06-18,178.0,139.0,170.46327,31.463272094726562,31.463272094726562,Unhealthy,Unhealthy for Sensitive Groups,-39.0,-7.5367279052734375,31.463272094726562
Gujranwala,2026-06-18,163.0,155.0,151.13913,3.860870361328125,-3.860870361328125,Unhealthy,Unhealthy,-8.0,-11.860870361328125,-3.860870361328125
Hyderabad,2026-06-18,79.0,83.0,79.62383,3.3761672973632812,-3.3761672973632812,Moderate,Moderate,4.0,0.6238327026367188,-3.3761672973632812
Quetta,2026-06-18,104.0,153.0,127.65594,25.34406280517578,-25.34406280517578,Unhealthy for Sensitive Groups,Unhealthy,49.0,23.65593719482422,-25.34406280517578
Peshawar,2026-06-18,152.0,159.0,148.59866,10.401336669921875,-10.401336669921875,Unhealthy for Sensitive Groups,Unhealthy,7.0,-3.401336669921875,-10.401336669921875
Multan,2026-06-18,157.0,149.0,152.07834,3.078338623046875,3.078338623046875,Unhealthy,Unhealthy for Sensitive Groups,-8.0,-4.921661376953125,3.078338623046875
Rawalpindi,2026-06-18,158.0,149.0,162.45314,13.453140258789062,13.453140258789062,Unhealthy,Unhealthy for Sensitive Groups,-9.0,4.4531402587890625,13.453140258789062
Islamabad,2026-06-18,158.0,149.0,164.26393,15.263931274414062,15.263931274414062,Unhealthy,Unhealthy for Sensitive Groups,-9.0,6.2639312744140625,15.263931274414062
Lahore,2026-06-18,202.0,187.0,179.11485,7.8851470947265625,-7.8851470947265625,Unhealthy,Unhealthy,-15.0,-22.885147094726562,-7.8851470947265625
Karachi,2026-06-18,75.0,78.0,75.890564,2.10943603515625,-2.10943603515625,Moderate,Moderate,3.0,0.89056396484375,-2.10943603515625
Faisalabad,2026-06-18,164.0,153.0,165.68585,12.68585205078125,12.68585205078125,Unhealthy,Unhealthy,-11.0,1.68585205078125,12.68585205078125
Quetta,2026-06-19,153.0,132.0,140.92383,8.923828125,8.923828125,Unhealthy for Sensitive Groups,Unhealthy for Sensitive Groups,-21.0,-12.076171875,8.923828125
Sialkot,2026-06-19,139.0,147.0,141.87659,5.1234130859375,-5.1234130859375,Unhealthy for Sensitive Groups,Unhealthy for Sensitive Groups,8.0,2.8765869140625,-5.1234130859375
Gujranwala,2026-06-19,155.0,153.0,163.67012,10.670120239257812,10.670120239257812,Unhealthy,Unhealthy,-2.0,8.670120239257812,10.670120239257812
Hyderabad,2026-06-19,83.0,88.0,88.78362,0.7836227416992188,0.7836227416992188,Moderate,Moderate,5.0,5.783622741699219,0.7836227416992188
Peshawar,2026-06-19,159.0,149.0,143.96994,5.030059814453125,-5.030059814453125,Unhealthy for Sensitive Groups,Unhealthy for Sensitive Groups,-10.0,-15.030059814453125,-5.030059814453125
Bahawalpur,2026-06-19,128.0,123.0,138.20375,15.203750610351562,15.203750610351562,Unhealthy for Sensitive Groups,Unhealthy for Sensitive Groups,-5.0,10.203750610351562,15.203750610351562
Faisalabad,2026-06-19,153.0,153.0,158.86172,5.861724853515625,5.861724853515625,Unhealthy,Unhealthy,0.0,5.861724853515625,5.861724853515625
Rawalpindi,2026-06-19,149.0,158.0,151.152,6.8480072021484375,-6.8480072021484375,Unhealthy,Unhealthy,9.0,2.1519927978515625,-6.8480072021484375
Islamabad,2026-06-19,149.0,158.0,154.65356,3.346435546875,-3.346435546875,Unhealthy,Unhealthy,9.0,5.653564453125,-3.346435546875
Lahore,2026-06-19,187.0,171.0,175.36812,4.3681182861328125,4.3681182861328125,Unhealthy,Unhealthy,-16.0,-11.631881713867188,4.3681182861328125
Karachi,2026-06-19,78.0,80.0,83.062294,3.0622940063476562,3.0622940063476562,Moderate,Moderate,2.0,5.062294006347656,3.0622940063476562
Multan,2026-06-19,149.0,152.0,153.25348,1.25347900390625,1.25347900390625,Unhealthy,Unhealthy,3.0,4.25347900390625,1.25347900390625
Sialkot,2026-06-20,147.0,133.0,151.35773,18.35772705078125,18.35772705078125,Unhealthy,Unhealthy for Sensitive Groups,-14.0,4.35772705078125,18.35772705078125
Gujranwala,2026-06-20,153.0,140.0,170.07924,30.079238891601562,30.079238891601562,Unhealthy,Unhealthy for Sensitive Groups,-13.0,17.079238891601562,30.079238891601562
Hyderabad,2026-06-20,88.0,86.0,96.39857,10.398567199707031,10.398567199707031,Moderate,Moderate,-2.0,8.398567199707031,10.398567199707031
Quetta,2026-06-20,132.0,71.0,88.05489,17.054893493652344,17.054893493652344,Moderate,Moderate,-61.0,-43.945106506347656,17.054893493652344
Peshawar,2026-06-20,149.0,139.0,158.28123,19.281234741210938,19.281234741210938,Unhealthy,Unhealthy for Sensitive Groups,-10.0,9.281234741210938,19.281234741210938
Bahawalpur,2026-06-20,123.0,139.0,142.75948,3.7594757080078125,3.7594757080078125,Unhealthy for Sensitive Groups,Unhealthy for Sensitive Groups,16.0,19.759475708007812,3.7594757080078125
Faisalabad,2026-06-20,153.0,156.0,174.5744,18.57440185546875,18.57440185546875,Unhealthy,Unhealthy,3.0,21.57440185546875,18.57440185546875
Rawalpindi,2026-06-20,158.0,131.0,157.57756,26.577560424804688,26.577560424804688,Unhealthy,Unhealthy for Sensitive Groups,-27.0,-0.4224395751953125,26.577560424804688
Islamabad,2026-06-20,158.0,131.0,160.08482,29.084823608398438,29.084823608398438,Unhealthy,Unhealthy for Sensitive Groups,-27.0,2.0848236083984375,29.084823608398438
Lahore,2026-06-20,171.0,152.0,187.39151,35.391510009765625,35.391510009765625,Unhealthy,Unhealthy,-19.0,16.391510009765625,35.391510009765625
Karachi,2026-06-20,80.0,74.0,78.39404,4.39404296875,4.39404296875,Moderate,Moderate,-6.0,-1.60595703125,4.39404296875
Multan,2026-06-20,152.0,158.0,157.9963,0.003692626953125,-0.003692626953125,Unhealthy,Unhealthy,6.0,5.996307373046875,-0.003692626953125
Bahawalpur,2026-06-21,139.0,127.0,139.68738,12.6873779296875,12.6873779296875,Unhealthy for Sensitive Groups,Unhealthy for Sensitive Groups,-12.0,0.6873779296875,12.6873779296875
Sialkot,2026-06-21,133.0,140.0,127.3633,12.636703491210938,-12.636703491210938,Unhealthy for Sensitive Groups,Unhealthy for Sensitive Groups,7.0,-5.6367034912109375,-12.636703491210938
Gujranwala,2026-06-21,140.0,154.0,144.88875,9.111251831054688,-9.111251831054688,Unhealthy for Sensitive Groups,Unhealthy,14.0,4.8887481689453125,-9.111251831054688
Hyderabad,2026-06-21,86.0,77.0,76.00369,0.996307373046875,-0.996307373046875,Moderate,Moderate,-9.0,-9.996307373046875,-0.996307373046875
Quetta,2026-06-21,71.0,73.0,89.256256,16.256256103515625,16.256256103515625,Moderate,Moderate,2.0,18.256256103515625,16.256256103515625
Peshawar,2026-06-21,139.0,148.0,148.15005,0.150054931640625,0.150054931640625,Unhealthy for Sensitive Groups,Unhealthy for Sensitive Groups,9.0,9.150054931640625,0.150054931640625
Multan,2026-06-21,158.0,158.0,167.26826,9.268264770507812,9.268264770507812,Unhealthy,Unhealthy,0.0,9.268264770507812,9.268264770507812
Rawalpindi,2026-06-21,131.0,142.0,134.65091,7.349090576171875,-7.349090576171875,Unhealthy for Sensitive Groups,Unhealthy for Sensitive Groups,11.0,3.650909423828125,-7.349090576171875
Islamabad,2026-06-21,131.0,142.0,136.23741,5.7625885009765625,-5.7625885009765625,Unhealthy for Sensitive Groups,Unhealthy for Sensitive Groups,11.0,5.2374114990234375,-5.7625885009765625
Lahore,2026-06-21,152.0,194.0,155.22119,38.77880859375,-38.77880859375,Unhealthy,Unhealthy,42.0,3.22119140625,-38.77880859375
Karachi,2026-06-21,74.0,78.0,72.062706,5.937294006347656,-5.937294006347656,Moderate,Moderate,4.0,-1.9372940063476562,-5.937294006347656
Faisalabad,2026-06-21,156.0,147.0,147.3649,0.364898681640625,0.364898681640625,Unhealthy for Sensitive Groups,Unhealthy for Sensitive Groups,-9.0,-8.635101318359375,0.364898681640625
Quetta,2026-06-22,73.0,72.0,84.52237,12.522369384765625,12.522369384765625,Moderate,Moderate,-1.0,11.522369384765625,12.522369384765625
Sialkot,2026-06-22,140.0,155.0,157.20004,2.200042724609375,2.200042724609375,Unhealthy,Unhealthy,15.0,17.200042724609375,2.200042724609375
Gujranwala,2026-06-22,154.0,154.0,159.8784,5.8784027099609375,5.8784027099609375,Unhealthy,Unhealthy,0.0,5.8784027099609375,5.8784027099609375
Hyderabad,2026-06-22,77.0,79.0,82.06796,3.067962646484375,3.067962646484375,Moderate,Moderate,2.0,5.067962646484375,3.067962646484375
Peshawar,2026-06-22,148.0,170.0,146.6813,23.318695068359375,-23.318695068359375,Unhealthy for Sensitive Groups,Unhealthy,22.0,-1.318695068359375,-23.318695068359375
Bahawalpur,2026-06-22,127.0,141.0,131.0785,9.921493530273438,-9.921493530273438,Unhealthy for Sensitive Groups,Unhealthy for Sensitive Groups,14.0,4.0785064697265625,-9.921493530273438
Faisalabad,2026-06-22,147.0,156.0,147.0965,8.90350341796875,-8.90350341796875,Unhealthy for Sensitive Groups,Unhealthy,9.0,0.09649658203125,-8.90350341796875
Karachi,2026-06-22,78.0,79.0,85.39406,6.3940582275390625,6.3940582275390625,Moderate,Moderate,1.0,7.3940582275390625,6.3940582275390625
Lahore,2026-06-22,194.0,181.0,176.26665,4.7333526611328125,-4.7333526611328125,Unhealthy,Unhealthy,-13.0,-17.733352661132812,-4.7333526611328125
Multan,2026-06-22,158.0,161.0,157.78625,3.2137451171875,-3.2137451171875,Unhealthy,Unhealthy,3.0,-0.2137451171875,-3.2137451171875
Rawalpindi,2026-06-22,142.0,157.0,151.47514,5.5248565673828125,-5.5248565673828125,Unhealthy,Unhealthy,15.0,9.475143432617188,-5.5248565673828125
Islamabad,2026-06-22,142.0,157.0,148.8593,8.140701293945312,-8.140701293945312,Unhealthy for Sensitive Groups,Unhealthy,15.0,6.8592987060546875,-8.140701293945312
Bahawalpur,2026-06-23,141.0,147.0,149.84671,2.846710205078125,2.846710205078125,Unhealthy for Sensitive Groups,Unhealthy for Sensitive Groups,6.0,8.846710205078125,2.846710205078125
Sialkot,2026-06-23,155.0,159.0,166.05215,7.052154541015625,7.052154541015625,Unhealthy,Unhealthy,4.0,11.052154541015625,7.052154541015625
Gujranwala,2026-06-23,154.0,158.0,166.95924,8.959243774414062,8.959243774414062,Unhealthy,Unhealthy,4.0,12.959243774414062,8.959243774414062
Hyderabad,2026-06-23,79.0,77.0,79.23777,2.2377700805664062,2.2377700805664062,Moderate,Moderate,-2.0,0.23777008056640625,2.2377700805664062
Peshawar,2026-06-23,170.0,196.0,176.24295,19.757049560546875,-19.757049560546875,Unhealthy,Unhealthy,26.0,6.242950439453125,-19.757049560546875
Quetta,2026-06-23,72.0,70.0,84.45968,14.459678649902344,14.459678649902344,Moderate,Moderate,-2.0,12.459678649902344,14.459678649902344
Faisalabad,2026-06-23,156.0,154.0,161.50467,7.504669189453125,7.504669189453125,Unhealthy,Unhealthy,-2.0,5.504669189453125,7.504669189453125
Rawalpindi,2026-06-23,157.0,135.0,162.62148,27.621475219726562,27.621475219726562,Unhealthy,Unhealthy for Sensitive Groups,-22.0,5.6214752197265625,27.621475219726562
Islamabad,2026-06-23,157.0,135.0,167.16214,32.162139892578125,32.162139892578125,Unhealthy,Unhealthy for Sensitive Groups,-22.0,10.162139892578125,32.162139892578125
Lahore,2026-06-23,181.0,195.0,186.24358,8.756423950195312,-8.756423950195312,Unhealthy,Unhealthy,14.0,5.2435760498046875,-8.756423950195312
Karachi,2026-06-23,79.0,77.0,81.00437,4.004371643066406,4.004371643066406,Moderate,Moderate,-2.0,2.0043716430664062,4.004371643066406
Multan,2026-06-23,161.0,160.0,166.14896,6.148956298828125,6.148956298828125,Unhealthy,Unhealthy,-1.0,5.148956298828125,6.148956298828125
Bahawalpur,2026-06-24,147.0,151.0,140.33376,10.666244506835938,-10.666244506835938,Unhealthy for Sensitive Groups,Unhealthy,4.0,-6.6662445068359375,-10.666244506835938
Sialkot,2026-06-24,159.0,164.0,153.92476,10.075241088867188,-10.075241088867188,Unhealthy,Unhealthy,5.0,-5.0752410888671875,-10.075241088867188
Gujranwala,2026-06-24,158.0,175.0,156.22673,18.773269653320312,-18.773269653320312,Unhealthy,Unhealthy,17.0,-1.7732696533203125,-18.773269653320312
Hyderabad,2026-06-24,77.0,74.0,78.35972,4.359718322753906,4.359718322753906,Moderate,Moderate,-3.0,1.3597183227539062,4.359718322753906
Quetta,2026-06-24,70.0,89.0,80.46209,8.537910461425781,-8.537910461425781,Moderate,Moderate,19.0,10.462089538574219,-8.537910461425781
Peshawar,2026-06-24,196.0,158.0,181.47937,23.4793701171875,23.4793701171875,Unhealthy,Unhealthy,-38.0,-14.5206298828125,23.4793701171875
Multan,2026-06-24,160.0,159.0,153.52637,5.4736328125,-5.4736328125,Unhealthy,Unhealthy,-1.0,-6.4736328125,-5.4736328125
Rawalpindi,2026-06-24,135.0,153.0,142.41182,10.588180541992188,-10.588180541992188,Unhealthy for Sensitive Groups,Unhealthy,18.0,7.4118194580078125,-10.588180541992188
Islamabad,2026-06-24,135.0,153.0,143.71313,9.286865234375,-9.286865234375,Unhealthy for Sensitive Groups,Unhealthy,18.0,8.713134765625,-9.286865234375
Lahore,2026-06-24,195.0,196.0,186.96515,9.03485107421875,-9.03485107421875,Unhealthy,Unhealthy,1.0,-8.03485107421875,-9.03485107421875
Karachi,2026-06-24,77.0,72.0,76.86772,4.8677215576171875,4.8677215576171875,Moderate,Moderate,-5.0,-0.1322784423828125,4.8677215576171875
Faisalabad,2026-06-24,154.0,157.0,146.3718,10.628204345703125,-10.628204345703125,Unhealthy for Sensitive Groups,Unhealthy,3.0,-7.628204345703125,-10.628204345703125
Bahawalpur,2026-06-25,151.0,152.0,151.9187,0.081298828125,-0.081298828125,Unhealthy,Unhealthy,1.0,0.918701171875,-0.081298828125
Sialkot,2026-06-25,164.0,158.0,163.84203,5.8420257568359375,5.8420257568359375,Unhealthy,Unhealthy,-6.0,-0.1579742431640625,5.8420257568359375
Gujranwala,2026-06-25,175.0,182.0,167.3965,14.603500366210938,-14.603500366210938,Unhealthy,Unhealthy,7.0,-7.6035003662109375,-14.603500366210938
Hyderabad,2026-06-25,74.0,76.0,73.27753,2.72247314453125,-2.72247314453125,Moderate,Moderate,2.0,-0.72247314453125,-2.72247314453125
Quetta,2026-06-25,89.0,93.0,96.67761,3.6776123046875,3.6776123046875,Moderate,Moderate,4.0,7.6776123046875,3.6776123046875
Peshawar,2026-06-25,158.0,149.0,145.46751,3.5324859619140625,-3.5324859619140625,Unhealthy for Sensitive Groups,Unhealthy for Sensitive Groups,-9.0,-12.532485961914062,-3.5324859619140625
Multan,2026-06-25,159.0,161.0,166.29924,5.2992401123046875,5.2992401123046875,Unhealthy,Unhealthy,2.0,7.2992401123046875,5.2992401123046875
Rawalpindi,2026-06-25,153.0,183.0,157.07468,25.925323486328125,-25.925323486328125,Unhealthy,Unhealthy,30.0,4.074676513671875,-25.925323486328125
Islamabad,2026-06-25,153.0,183.0,155.6515,27.348495483398438,-27.348495483398438,Unhealthy,Unhealthy,30.0,2.6515045166015625,-27.348495483398438
Lahore,2026-06-25,196.0,210.0,181.00621,28.993789672851562,-28.993789672851562,Unhealthy,Very Unhealthy,14.0,-14.993789672851562,-28.993789672851562
Karachi,2026-06-25,72.0,72.0,70.67356,1.3264389038085938,-1.3264389038085938,Moderate,Moderate,0.0,-1.3264389038085938,-1.3264389038085938
Faisalabad,2026-06-25,157.0,189.0,157.22072,31.779281616210938,-31.779281616210938,Unhealthy,Unhealthy,32.0,0.2207183837890625,-31.779281616210938
Quetta,2026-06-26,93.0,94.0,103.76249,9.762489318847656,9.762489318847656,Unhealthy for Sensitive Groups,Moderate,1.0,10.762489318847656,9.762489318847656
Sialkot,2026-06-26,158.0,169.0,166.22766,2.7723388671875,-2.7723388671875,Unhealthy,Unhealthy,11.0,8.2276611328125,-2.7723388671875
Gujranwala,2026-06-26,182.0,199.0,186.39706,12.602935791015625,-12.602935791015625,Unhealthy,Unhealthy,17.0,4.397064208984375,-12.602935791015625
Hyderabad,2026-06-26,76.0,74.0,76.54301,2.5430068969726562,2.5430068969726562,Moderate,Moderate,-2.0,0.5430068969726562,2.5430068969726562
Peshawar,2026-06-26,149.0,180.0,153.35455,26.64544677734375,-26.64544677734375,Unhealthy,Unhealthy,31.0,4.35455322265625,-26.64544677734375
Bahawalpur,2026-06-26,152.0,151.0,157.12706,6.1270599365234375,6.1270599365234375,Unhealthy,Unhealthy,-1.0,5.1270599365234375,6.1270599365234375
Faisalabad,2026-06-26,189.0,200.0,178.45102,21.548980712890625,-21.548980712890625,Unhealthy,Unhealthy,11.0,-10.548980712890625,-21.548980712890625
Karachi,2026-06-26,72.0,71.0,74.41765,3.4176483154296875,3.4176483154296875,Moderate,Moderate,-1.0,2.4176483154296875,3.4176483154296875
Lahore,2026-06-26,210.0,211.0,195.77737,15.222625732421875,-15.222625732421875,Unhealthy,Very Unhealthy,1.0,-14.222625732421875,-15.222625732421875
Multan,2026-06-26,161.0,165.0,168.63606,3.6360626220703125,3.6360626220703125,Unhealthy,Unhealthy,4.0,7.6360626220703125,3.6360626220703125
Rawalpindi,2026-06-26,183.0,172.0,189.38666,17.38665771484375,17.38665771484375,Unhealthy,Unhealthy,-11.0,6.38665771484375,17.38665771484375
Islamabad,2026-06-26,183.0,172.0,187.3317,15.331695556640625,15.331695556640625,Unhealthy,Unhealthy,-11.0,4.331695556640625,15.331695556640625
Bahawalpur,2026-06-27,151.0,98.0,121.408,23.407997131347656,23.407997131347656,Unhealthy for Sensitive Groups,Moderate,-53.0,-29.592002868652344,23.407997131347656
Sialkot,2026-06-27,169.0,162.0,172.45496,10.4549560546875,10.4549560546875,Unhealthy,Unhealthy,-7.0,3.4549560546875,10.4549560546875
Gujranwala,2026-06-27,199.0,177.0,192.95154,15.9515380859375,15.9515380859375,Unhealthy,Unhealthy,-22.0,-6.0484619140625,15.9515380859375
Hyderabad,2026-06-27,74.0,73.0,75.277374,2.277374267578125,2.277374267578125,Moderate,Moderate,-1.0,1.277374267578125,2.277374267578125
Peshawar,2026-06-27,180.0,197.0,170.63441,26.365585327148438,-26.365585327148438,Unhealthy,Unhealthy,17.0,-9.365585327148438,-26.365585327148438
Quetta,2026-06-27,94.0,89.0,97.64157,8.641571044921875,8.641571044921875,Moderate,Moderate,-5.0,3.641571044921875,8.641571044921875
Faisalabad,2026-06-27,200.0,161.0,185.37798,24.377975463867188,24.377975463867188,Unhealthy,Unhealthy,-39.0,-14.622024536132812,24.377975463867188
Rawalpindi,2026-06-27,172.0,151.0,165.80246,14.802459716796875,14.802459716796875,Unhealthy,Unhealthy,-21.0,-6.197540283203125,14.802459716796875
Islamabad,2026-06-27,172.0,151.0,168.15231,17.152313232421875,17.152313232421875,Unhealthy,Unhealthy,-21.0,-3.847686767578125,17.152313232421875
Lahore,2026-06-27,211.0,194.0,200.09186,6.09185791015625,6.09185791015625,Very Unhealthy,Unhealthy,-17.0,-10.90814208984375,6.09185791015625
Karachi,2026-06-27,71.0,73.0,71.6558,1.3442001342773438,-1.3442001342773438,Moderate,Moderate,2.0,0.6557998657226562,-1.3442001342773438
Multan,2026-06-27,165.0,148.0,154.95934,6.9593353271484375,6.9593353271484375,Unhealthy,Unhealthy for Sensitive Groups,-17.0,-10.040664672851562,6.9593353271484375
Quetta,2026-06-28,89.0,87.0,89.73767,2.7376708984375,2.7376708984375,Moderate,Moderate,-2.0,0.7376708984375,2.7376708984375
Bahawalpur,2026-06-28,98.0,99.0,99.16568,0.165679931640625,0.165679931640625,Moderate,Moderate,1.0,1.165679931640625,0.165679931640625
Sialkot,2026-06-28,162.0,166.0,157.72119,8.27880859375,-8.27880859375,Unhealthy,Unhealthy,4.0,-4.27880859375,-8.27880859375
Gujranwala,2026-06-28,177.0,164.0,165.84433,1.844329833984375,1.844329833984375,Unhealthy,Unhealthy,-13.0,-11.155670166015625,1.844329833984375
Hyderabad,2026-06-28,73.0,84.0,76.36956,7.630439758300781,-7.630439758300781,Moderate,Moderate,11.0,3.3695602416992188,-7.630439758300781
Peshawar,2026-06-28,197.0,207.0,181.03499,25.965011596679688,-25.965011596679688,Unhealthy,Very Unhealthy,10.0,-15.965011596679688,-25.965011596679688
Lahore,2026-06-28,194.0,180.0,172.01059,7.989410400390625,-7.989410400390625,Unhealthy,Unhealthy,-14.0,-21.989410400390625,-7.989410400390625
Faisalabad,2026-06-28,161.0,134.0,141.95845,7.9584503173828125,7.9584503173828125,Unhealthy for Sensitive Groups,Unhealthy for Sensitive Groups,-27.0,-19.041549682617188,7.9584503173828125
Rawalpindi,2026-06-28,151.0,174.0,153.82428,20.17572021484375,-20.17572021484375,Unhealthy,Unhealthy,23.0,2.82427978515625,-20.17572021484375
Islamabad,2026-06-28,151.0,174.0,155.78465,18.215347290039062,-18.215347290039062,Unhealthy,Unhealthy,23.0,4.7846527099609375,-18.215347290039062
Karachi,2026-06-28,73.0,81.0,77.212105,3.7878952026367188,-3.7878952026367188,Moderate,Moderate,8.0,4.212104797363281,-3.7878952026367188
Multan,2026-06-28,148.0,104.0,124.01896,20.018959045410156,20.018959045410156,Unhealthy for Sensitive Groups,Unhealthy for Sensitive Groups,-44.0,-23.981040954589844,20.018959045410156
Quetta,2026-06-29,87.0,110.0,87.49449,22.505508422851562,-22.505508422851562,Moderate,Unhealthy for Sensitive Groups,23.0,0.4944915771484375,-22.505508422851562
Sialkot,2026-06-29,166.0,176.0,158.89458,17.105422973632812,-17.105422973632812,Unhealthy,Unhealthy,10.0,-7.1054229736328125,-17.105422973632812
Gujranwala,2026-06-29,164.0,152.0,159.40045,7.40045166015625,7.40045166015625,Unhealthy,Unhealthy,-12.0,-4.59954833984375,7.40045166015625
Hyderabad,2026-06-29,84.0,86.0,87.55252,1.552520751953125,1.552520751953125,Moderate,Moderate,2.0,3.552520751953125,1.552520751953125
Peshawar,2026-06-29,207.0,212.0,187.25232,24.7476806640625,-24.7476806640625,Unhealthy,Very Unhealthy,5.0,-19.7476806640625,-24.7476806640625
Bahawalpur,2026-06-29,99.0,117.0,113.91003,3.0899734497070312,-3.0899734497070312,Unhealthy for Sensitive Groups,Unhealthy for Sensitive Groups,18.0,14.910026550292969,-3.0899734497070312
Faisalabad,2026-06-29,134.0,142.0,139.13008,2.8699188232421875,-2.8699188232421875,Unhealthy for Sensitive Groups,Unhealthy for Sensitive Groups,8.0,5.1300811767578125,-2.8699188232421875
Rawalpindi,2026-06-29,174.0,166.0,162.30505,3.6949462890625,-3.6949462890625,Unhealthy,Unhealthy,-8.0,-11.6949462890625,-3.6949462890625
Islamabad,2026-06-29,174.0,166.0,165.317,0.6829986572265625,-0.6829986572265625,Unhealthy,Unhealthy,-8.0,-8.682998657226562,-0.6829986572265625
Lahore,2026-06-29,180.0,179.0,168.72188,10.278121948242188,-10.278121948242188,Unhealthy,Unhealthy,-1.0,-11.278121948242188,-10.278121948242188
Karachi,2026-06-29,81.0,82.0,84.39561,2.3956069946289062,2.3956069946289062,Moderate,Moderate,1.0,3.3956069946289062,2.3956069946289062
Multan,2026-06-29,104.0,124.0,120.91703,3.0829696655273438,-3.0829696655273438,Unhealthy for Sensitive Groups,Unhealthy for Sensitive Groups,20.0,16.917030334472656,-3.0829696655273438
Bahawalpur,2026-06-30,117.0,138.0,129.62811,8.37188720703125,-8.37188720703125,Unhealthy for Sensitive Groups,Unhealthy for Sensitive Groups,21.0,12.62811279296875,-8.37188720703125
Sialkot,2026-06-30,176.0,153.0,161.0529,8.052902221679688,8.052902221679688,Unhealthy,Unhealthy,-23.0,-14.947097778320312,8.052902221679688
Gujranwala,2026-06-30,152.0,172.0,153.2898,18.710205078125,-18.710205078125,Unhealthy,Unhealthy,20.0,1.289794921875,-18.710205078125
Hyderabad,2026-06-30,86.0,81.0,83.77096,2.7709579467773438,2.7709579467773438,Moderate,Moderate,-5.0,-2.2290420532226562,2.7709579467773438
Quetta,2026-06-30,110.0,122.0,124.0889,2.088897705078125,2.088897705078125,Unhealthy for Sensitive Groups,Unhealthy for Sensitive Groups,12.0,14.088897705078125,2.088897705078125
Peshawar,2026-06-30,212.0,164.0,188.05125,24.051254272460938,24.051254272460938,Unhealthy,Unhealthy,-48.0,-23.948745727539062,24.051254272460938
Lahore,2026-06-30,179.0,283.0,173.04407,109.9559326171875,-109.9559326171875,Unhealthy,Very Unhealthy,104.0,-5.9559326171875,-109.9559326171875
Faisalabad,2026-06-30,142.0,178.0,138.30556,39.69444274902344,-39.69444274902344,Unhealthy for Sensitive Groups,Unhealthy,36.0,-3.6944427490234375,-39.69444274902344
Rawalpindi,2026-06-30,166.0,153.0,167.23778,14.237777709960938,14.237777709960938,Unhealthy,Unhealthy,-13.0,1.2377777099609375,14.237777709960938
Islamabad,2026-06-30,166.0,153.0,166.20387,13.203872680664062,13.203872680664062,Unhealthy,Unhealthy,-13.0,0.2038726806640625,13.203872680664062
Multan,2026-06-30,124.0,133.0,134.73248,1.73248291015625,1.73248291015625,Unhealthy for Sensitive Groups,Unhealthy for Sensitive Groups,9.0,10.73248291015625,1.73248291015625
Karachi,2026-06-30,82.0,75.0,79.3614,4.361396789550781,4.361396789550781,Moderate,Moderate,-7.0,-2.6386032104492188,4.361396789550781
Bahawalpur,2026-07-01,138.0,162.0,151.59879,10.401214599609375,-10.401214599609375,Unhealthy,Unhealthy,24.0,13.598785400390625,-10.401214599609375
Sialkot,2026-07-01,153.0,164.0,159.4408,4.5592041015625,-4.5592041015625,Unhealthy,Unhealthy,11.0,6.4407958984375,-4.5592041015625
Gujranwala,2026-07-01,172.0,192.0,181.63641,10.36358642578125,-10.36358642578125,Unhealthy,Unhealthy,20.0,9.63641357421875,-10.36358642578125
Hyderabad,2026-07-01,81.0,78.0,78.470985,0.47098541259765625,0.47098541259765625,Moderate,Moderate,-3.0,-2.5290145874023438,0.47098541259765625
Quetta,2026-07-01,122.0,96.0,99.46656,3.4665603637695312,3.4665603637695312,Moderate,Moderate,-26.0,-22.53343963623047,3.4665603637695312
Peshawar,2026-07-01,164.0,155.0,163.96364,8.963638305664062,8.963638305664062,Unhealthy,Unhealthy,-9.0,-0.0363616943359375,8.963638305664062
Multan,2026-07-01,133.0,168.0,139.57635,28.42364501953125,-28.42364501953125,Unhealthy for Sensitive Groups,Unhealthy,35.0,6.57635498046875,-28.42364501953125
Faisalabad,2026-07-01,178.0,241.0,195.84439,45.155609130859375,-45.155609130859375,Unhealthy,Very Unhealthy,63.0,17.844390869140625,-45.155609130859375
Rawalpindi,2026-07-01,153.0,175.0,156.63457,18.365432739257812,-18.365432739257812,Unhealthy,Unhealthy,22.0,3.6345672607421875,-18.365432739257812
Islamabad,2026-07-01,153.0,175.0,155.04568,19.954315185546875,-19.954315185546875,Unhealthy,Unhealthy,22.0,2.045684814453125,-19.954315185546875
Lahore,2026-07-01,283.0,364.0,219.35083,144.649169921875,-144.649169921875,Very Unhealthy,Hazardous,81.0,-63.649169921875,-144.649169921875
Karachi,2026-07-01,75.0,77.0,68.82697,8.173027038574219,-8.173027038574219,Moderate,Moderate,2.0,-6.173027038574219,-8.173027038574219
Bahawalpur,2026-07-02,162.0,156.0,155.82515,0.1748504638671875,-0.1748504638671875,Unhealthy,Unhealthy,-6.0,-6.1748504638671875,-0.1748504638671875
Sialkot,2026-07-02,164.0,178.0,172.00104,5.99896240234375,-5.99896240234375,Unhealthy,Unhealthy,14.0,8.00103759765625,-5.99896240234375
Gujranwala,2026-07-02,192.0,179.0,186.04257,7.042572021484375,7.042572021484375,Unhealthy,Unhealthy,-13.0,-5.957427978515625,7.042572021484375
Hyderabad,2026-07-02,78.0,85.0,80.13207,4.867927551269531,-4.867927551269531,Moderate,Moderate,7.0,2.1320724487304688,-4.867927551269531
Quetta,2026-07-02,96.0,122.0,108.03496,13.965042114257812,-13.965042114257812,Unhealthy for Sensitive Groups,Unhealthy for Sensitive Groups,26.0,12.034957885742188,-13.965042114257812
Peshawar,2026-07-02,155.0,150.0,156.80756,6.80755615234375,6.80755615234375,Unhealthy,Unhealthy for Sensitive Groups,-5.0,1.80755615234375,6.80755615234375
Faisalabad,2026-07-02,241.0,209.0,206.47224,2.5277557373046875,-2.5277557373046875,Very Unhealthy,Very Unhealthy,-32.0,-34.52775573730469,-2.5277557373046875
Rawalpindi,2026-07-02,175.0,191.0,163.23145,27.7685546875,-27.7685546875,Unhealthy,Unhealthy,16.0,-11.7685546875,-27.7685546875
Islamabad,2026-07-02,175.0,191.0,165.76917,25.2308349609375,-25.2308349609375,Unhealthy,Unhealthy,16.0,-9.2308349609375,-25.2308349609375
Lahore,2026-07-02,364.0,192.0,214.82689,22.826889038085938,22.826889038085938,Very Unhealthy,Unhealthy,-172.0,-149.17311096191406,22.826889038085938
Multan,2026-07-02,168.0,171.0,178.80743,7.80743408203125,7.80743408203125,Unhealthy,Unhealthy,3.0,10.80743408203125,7.80743408203125
Karachi,2026-07-02,77.0,78.0,77.3806,0.6194000244140625,-0.6194000244140625,Moderate,Moderate,1.0,0.3805999755859375,-0.6194000244140625
Peshawar,2026-07-03,150.0,173.0,151.94487,21.055130004882812,-21.055130004882812,Unhealthy,Unhealthy,23.0,1.9448699951171875,-21.055130004882812
Bahawalpur,2026-07-03,156.0,153.0,139.24417,13.755828857421875,-13.755828857421875,Unhealthy for Sensitive Groups,Unhealthy,-3.0,-16.755828857421875,-13.755828857421875
Sialkot,2026-07-03,178.0,176.0,154.7384,21.2615966796875,-21.2615966796875,Unhealthy,Unhealthy,-2.0,-23.2615966796875,-21.2615966796875
Gujranwala,2026-07-03,179.0,196.0,169.73761,26.26239013671875,-26.26239013671875,Unhealthy,Unhealthy,17.0,-9.26239013671875,-26.26239013671875
Hyderabad,2026-07-03,85.0,94.0,87.15096,6.849037170410156,-6.849037170410156,Moderate,Moderate,9.0,2.1509628295898438,-6.849037170410156
Quetta,2026-07-03,122.0,111.0,122.36477,11.364768981933594,11.364768981933594,Unhealthy for Sensitive Groups,Unhealthy for Sensitive Groups,-11.0,0.36476898193359375,11.364768981933594
Multan,2026-07-03,171.0,166.0,169.6321,3.6320953369140625,3.6320953369140625,Unhealthy,Unhealthy,-5.0,-1.3679046630859375,3.6320953369140625
Rawalpindi,2026-07-03,191.0,183.0,167.71187,15.288131713867188,-15.288131713867188,Unhealthy,Unhealthy,-8.0,-23.288131713867188,-15.288131713867188
Islamabad,2026-07-03,191.0,183.0,170.01195,12.988052368164062,-12.988052368164062,Unhealthy,Unhealthy,-8.0,-20.988052368164062,-12.988052368164062
Lahore,2026-07-03,192.0,189.0,169.7745,19.225494384765625,-19.225494384765625,Unhealthy,Unhealthy,-3.0,-22.225494384765625,-19.225494384765625
Karachi,2026-07-03,78.0,91.0,79.57751,11.422492980957031,-11.422492980957031,Moderate,Moderate,13.0,1.5775070190429688,-11.422492980957031
Faisalabad,2026-07-03,209.0,195.0,188.40387,6.59613037109375,-6.59613037109375,Unhealthy,Unhealthy,-14.0,-20.59613037109375,-6.59613037109375
Sialkot,2026-07-04,176.0,190.0,159.60725,30.392745971679688,-30.392745971679688,Unhealthy,Unhealthy,14.0,-16.392745971679688,-30.392745971679688
Gujranwala,2026-07-04,196.0,201.0,178.88025,22.1197509765625,-22.1197509765625,Unhealthy,Very Unhealthy,5.0,-17.1197509765625,-22.1197509765625
Hyderabad,2026-07-04,94.0,108.0,101.3508,6.649200439453125,-6.649200439453125,Unhealthy for Sensitive Groups,Unhealthy for Sensitive Groups,14.0,7.350799560546875,-6.649200439453125
Quetta,2026-07-04,111.0,109.0,88.10167,20.898330688476562,-20.898330688476562,Moderate,Unhealthy for Sensitive Groups,-2.0,-22.898330688476562,-20.898330688476562
Peshawar,2026-07-04,173.0,193.0,167.50156,25.498443603515625,-25.498443603515625,Unhealthy,Unhealthy,20.0,-5.498443603515625,-25.498443603515625
Bahawalpur,2026-07-04,153.0,153.0,157.61923,4.619232177734375,4.619232177734375,Unhealthy,Unhealthy,0.0,4.619232177734375,4.619232177734375
Faisalabad,2026-07-04,195.0,180.0,187.2313,7.231292724609375,7.231292724609375,Unhealthy,Unhealthy,-15.0,-7.768707275390625,7.231292724609375
Rawalpindi,2026-07-04,183.0,174.0,179.501,5.501007080078125,5.501007080078125,Unhealthy,Unhealthy,-9.0,-3.498992919921875,5.501007080078125
Islamabad,2026-07-04,183.0,174.0,172.83574,1.1642608642578125,-1.1642608642578125,Unhealthy,Unhealthy,-9.0,-10.164260864257812,-1.1642608642578125
Lahore,2026-07-04,189.0,206.0,181.82114,24.178863525390625,-24.178863525390625,Unhealthy,Very Unhealthy,17.0,-7.178863525390625,-24.178863525390625
Karachi,2026-07-04,91.0,103.0,98.38176,4.6182403564453125,-4.6182403564453125,Moderate,Unhealthy for Sensitive Groups,12.0,7.3817596435546875,-4.6182403564453125
Multan,2026-07-04,166.0,162.0,161.87054,0.12945556640625,-0.12945556640625,Unhealthy,Unhealthy,-4.0,-4.12945556640625,-0.12945556640625
Bahawalpur,2026-07-05,153.0,140.0,148.73077,8.73077392578125,8.73077392578125,Unhealthy for Sensitive Groups,Unhealthy for Sensitive Groups,-13.0,-4.26922607421875,8.73077392578125
Sialkot,2026-07-05,190.0,165.0,177.87979,12.879791259765625,12.879791259765625,Unhealthy,Unhealthy,-25.0,-12.120208740234375,12.879791259765625
Gujranwala,2026-07-05,201.0,178.0,186.7997,8.799697875976562,8.799697875976562,Unhealthy,Unhealthy,-23.0,-14.200302124023438,8.799697875976562
Hyderabad,2026-07-05,108.0,116.0,118.390236,2.3902359008789062,2.3902359008789062,Unhealthy for Sensitive Groups,Unhealthy for Sensitive Groups,8.0,10.390235900878906,2.3902359008789062
Quetta,2026-07-05,109.0,76.0,102.80664,26.806640625,26.806640625,Unhealthy for Sensitive Groups,Moderate,-33.0,-6.193359375,26.806640625
Peshawar,2026-07-05,193.0,206.0,171.18555,34.814453125,-34.814453125,Unhealthy,Very Unhealthy,13.0,-21.814453125,-34.814453125
Multan,2026-07-05,162.0,158.0,154.39658,3.603424072265625,-3.603424072265625,Unhealthy,Unhealthy,-4.0,-7.603424072265625,-3.603424072265625
Rawalpindi,2026-07-05,174.0,165.0,174.58678,9.586776733398438,9.586776733398438,Unhealthy,Unhealthy,-9.0,0.5867767333984375,9.586776733398438
Islamabad,2026-07-05,174.0,165.0,167.95393,2.9539337158203125,2.9539337158203125,Unhealthy,Unhealthy,-9.0,-6.0460662841796875,2.9539337158203125
Lahore,2026-07-05,206.0,170.0,197.08282,27.08282470703125,27.08282470703125,Unhealthy,Unhealthy,-36.0,-8.91717529296875,27.08282470703125
Karachi,2026-07-05,103.0,109.0,115.478836,6.4788360595703125,6.4788360595703125,Unhealthy for Sensitive Groups,Unhealthy for Sensitive Groups,6.0,12.478836059570312,6.4788360595703125
Faisalabad,2026-07-05,180.0,197.0,187.6234,9.376602172851562,-9.376602172851562,Unhealthy,Unhealthy,17.0,7.6233978271484375,-9.376602172851562
Quetta,2026-07-06,76.0,104.0,87.40368,16.59632110595703,-16.59632110595703,Moderate,Unhealthy for Sensitive Groups,28.0,11.403678894042969,-16.59632110595703
Sialkot,2026-07-06,165.0,180.0,145.87965,34.12034606933594,-34.12034606933594,Unhealthy for Sensitive Groups,Unhealthy,15.0,-19.120346069335938,-34.12034606933594
Gujranwala,2026-07-06,178.0,199.0,158.08281,40.91719055175781,-40.91719055175781,Unhealthy,Unhealthy,21.0,-19.917190551757812,-40.91719055175781
Hyderabad,2026-07-06,116.0,114.0,119.04261,5.042610168457031,5.042610168457031,Unhealthy for Sensitive Groups,Unhealthy for Sensitive Groups,-2.0,3.0426101684570312,5.042610168457031
Peshawar,2026-07-06,206.0,177.0,191.21703,14.217025756835938,14.217025756835938,Unhealthy,Unhealthy,-29.0,-14.782974243164062,14.217025756835938
Bahawalpur,2026-07-06,140.0,163.0,137.29842,25.701583862304688,-25.701583862304688,Unhealthy for Sensitive Groups,Unhealthy,23.0,-2.7015838623046875,-25.701583862304688
Faisalabad,2026-07-06,197.0,209.0,184.06982,24.93017578125,-24.93017578125,Unhealthy,Very Unhealthy,12.0,-12.93017578125,-24.93017578125
Karachi,2026-07-06,109.0,102.0,116.751434,14.751434326171875,14.751434326171875,Unhealthy for Sensitive Groups,Unhealthy for Sensitive Groups,-7.0,7.751434326171875,14.751434326171875
Lahore,2026-07-06,170.0,212.0,164.30862,47.691375732421875,-47.691375732421875,Unhealthy,Very Unhealthy,42.0,-5.691375732421875,-47.691375732421875
Multan,2026-07-06,158.0,153.0,153.88568,0.88568115234375,0.88568115234375,Unhealthy,Unhealthy,-5.0,-4.11431884765625,0.88568115234375
Rawalpindi,2026-07-06,165.0,195.0,160.49075,34.509246826171875,-34.509246826171875,Unhealthy,Unhealthy,30.0,-4.509246826171875,-34.509246826171875
Islamabad,2026-07-06,165.0,195.0,165.8125,29.1875,-29.1875,Unhealthy,Unhealthy,30.0,0.8125,-29.1875
Bahawalpur,2026-07-07,163.0,166.0,178.7898,12.789794921875,12.789794921875,Unhealthy,Unhealthy,3.0,15.789794921875,12.789794921875
Sialkot,2026-07-07,180.0,184.0,163.86183,20.138168334960938,-20.138168334960938,Unhealthy,Unhealthy,4.0,-16.138168334960938,-20.138168334960938
Gujranwala,2026-07-07,199.0,213.0,176.9277,36.072296142578125,-36.072296142578125,Unhealthy,Very Unhealthy,14.0,-22.072296142578125,-36.072296142578125
Hyderabad,2026-07-07,114.0,93.0,85.49526,7.504737854003906,-7.504737854003906,Moderate,Moderate,-21.0,-28.504737854003906,-7.504737854003906
Peshawar,2026-07-07,177.0,170.0,180.63304,10.633041381835938,10.633041381835938,Unhealthy,Unhealthy,-7.0,3.6330413818359375,10.633041381835938
Quetta,2026-07-07,104.0,164.0,122.275246,41.724754333496094,-41.724754333496094,Unhealthy for Sensitive Groups,Unhealthy,60.0,18.275245666503906,-41.724754333496094
Faisalabad,2026-07-07,209.0,195.0,202.64836,7.6483612060546875,7.6483612060546875,Very Unhealthy,Unhealthy,-14.0,-6.3516387939453125,7.6483612060546875
Rawalpindi,2026-07-07,195.0,201.0,182.92834,18.0716552734375,-18.0716552734375,Unhealthy,Very Unhealthy,6.0,-12.0716552734375,-18.0716552734375
Islamabad,2026-07-07,195.0,201.0,182.19385,18.80615234375,-18.80615234375,Unhealthy,Very Unhealthy,6.0,-12.80615234375,-18.80615234375
Lahore,2026-07-07,212.0,205.0,210.30185,5.301849365234375,5.301849365234375,Very Unhealthy,Very Unhealthy,-7.0,-1.698150634765625,5.301849365234375
Karachi,2026-07-07,102.0,87.0,84.48567,2.5143280029296875,-2.5143280029296875,Moderate,Moderate,-15.0,-17.514328002929688,-2.5143280029296875
Multan,2026-07-07,153.0,156.0,153.35922,2.640777587890625,-2.640777587890625,Unhealthy,Unhealthy,3.0,0.359222412109375,-2.640777587890625
Bahawalpur,2026-07-08,166.0,137.0,148.61467,11.614669799804688,11.614669799804688,Unhealthy for Sensitive Groups,Unhealthy for Sensitive Groups,-29.0,-17.385330200195312,11.614669799804688
Sialkot,2026-07-08,184.0,199.0,175.63573,23.364273071289062,-23.364273071289062,Unhealthy,Unhealthy,15.0,-8.364273071289062,-23.364273071289062
Gujranwala,2026-07-08,213.0,206.0,198.12044,7.8795623779296875,-7.8795623779296875,Unhealthy,Very Unhealthy,-7.0,-14.879562377929688,-7.8795623779296875
Hyderabad,2026-07-08,93.0,94.0,103.5002,9.500198364257812,9.500198364257812,Unhealthy for Sensitive Groups,Moderate,1.0,10.500198364257812,9.500198364257812
Quetta,2026-07-08,164.0,156.0,184.63654,28.63653564453125,28.63653564453125,Unhealthy,Unhealthy,-8.0,20.63653564453125,28.63653564453125
Peshawar,2026-07-08,170.0,202.0,160.99936,41.000640869140625,-41.000640869140625,Unhealthy,Very Unhealthy,32.0,-9.000640869140625,-41.000640869140625
Multan,2026-07-08,156.0,158.0,157.11745,0.8825531005859375,-0.8825531005859375,Unhealthy,Unhealthy,2.0,1.1174468994140625,-0.8825531005859375
Rawalpindi,2026-07-08,201.0,206.0,178.33502,27.66497802734375,-27.66497802734375,Unhealthy,Very Unhealthy,5.0,-22.66497802734375,-27.66497802734375
Islamabad,2026-07-08,201.0,206.0,183.20187,22.798126220703125,-22.798126220703125,Unhealthy,Very Unhealthy,5.0,-17.798126220703125,-22.798126220703125
Lahore,2026-07-08,205.0,227.0,194.74803,32.25196838378906,-32.25196838378906,Unhealthy,Very Unhealthy,22.0,-10.251968383789062,-32.25196838378906
Karachi,2026-07-08,87.0,87.0,92.154205,5.154205322265625,5.154205322265625,Moderate,Moderate,0.0,5.154205322265625,5.154205322265625
Faisalabad,2026-07-08,195.0,203.0,192.2118,10.788192749023438,-10.788192749023438,Unhealthy,Very Unhealthy,8.0,-2.7881927490234375,-10.788192749023438
Bahawalpur,2026-07-09,137.0,160.0,147.68465,12.315353393554688,-12.315353393554688,Unhealthy for Sensitive Groups,Unhealthy,23.0,10.684646606445312,-12.315353393554688
Sialkot,2026-07-09,199.0,183.0,178.11964,4.8803558349609375,-4.8803558349609375,Unhealthy,Unhealthy,-16.0,-20.880355834960938,-4.8803558349609375
Gujranwala,2026-07-09,206.0,188.0,190.54514,2.545135498046875,2.545135498046875,Unhealthy,Unhealthy,-18.0,-15.454864501953125,2.545135498046875
Hyderabad,2026-07-09,94.0,84.0,86.02315,2.0231475830078125,2.0231475830078125,Moderate,Moderate,-10.0,-7.9768524169921875,2.0231475830078125
Quetta,2026-07-09,156.0,105.0,105.2744,0.2743988037109375,0.2743988037109375,Unhealthy for Sensitive Groups,Unhealthy for Sensitive Groups,-51.0,-50.72560119628906,0.2743988037109375
Peshawar,2026-07-09,202.0,201.0,182.16518,18.834823608398438,-18.834823608398438,Unhealthy,Very Unhealthy,-1.0,-19.834823608398438,-18.834823608398438
Multan,2026-07-09,158.0,156.0,159.51195,3.5119476318359375,3.5119476318359375,Unhealthy,Unhealthy,-2.0,1.5119476318359375,3.5119476318359375
Rawalpindi,2026-07-09,206.0,183.0,188.24527,5.245269775390625,5.245269775390625,Unhealthy,Unhealthy,-23.0,-17.754730224609375,5.245269775390625
Islamabad,2026-07-09,206.0,183.0,188.11076,5.1107635498046875,5.1107635498046875,Unhealthy,Unhealthy,-23.0,-17.889236450195312,5.1107635498046875
Lahore,2026-07-09,227.0,206.0,201.4065,4.593505859375,-4.593505859375,Very Unhealthy,Very Unhealthy,-21.0,-25.593505859375,-4.593505859375
Karachi,2026-07-09,87.0,79.0,85.08654,6.086540222167969,6.086540222167969,Moderate,Moderate,-8.0,-1.9134597778320312,6.086540222167969
Faisalabad,2026-07-09,203.0,169.0,184.12616,15.12615966796875,15.12615966796875,Unhealthy,Unhealthy,-34.0,-18.87384033203125,15.12615966796875
Quetta,2026-07-10,105.0,117.0,111.7048,5.295196533203125,-5.295196533203125,Unhealthy for Sensitive Groups,Unhealthy for Sensitive Groups,12.0,6.704803466796875,-5.295196533203125
Sialkot,2026-07-10,183.0,161.0,172.05725,11.0572509765625,11.0572509765625,Unhealthy,Unhealthy,-22.0,-10.9427490234375,11.0572509765625
Bahawalpur,2026-07-10,160.0,183.0,170.42354,12.576461791992188,-12.576461791992188,Unhealthy,Unhealthy,23.0,10.423538208007812,-12.576461791992188
Hyderabad,2026-07-10,84.0,82.0,85.91664,3.9166412353515625,3.9166412353515625,Moderate,Moderate,-2.0,1.9166412353515625,3.9166412353515625
Peshawar,2026-07-10,201.0,162.0,180.96011,18.960113525390625,18.960113525390625,Unhealthy,Unhealthy,-39.0,-20.039886474609375,18.960113525390625
Gujranwala,2026-07-10,188.0,161.0,177.12462,16.124618530273438,16.124618530273438,Unhealthy,Unhealthy,-27.0,-10.875381469726562,16.124618530273438
Faisalabad,2026-07-10,169.0,175.0,167.34335,7.656646728515625,-7.656646728515625,Unhealthy,Unhealthy,6.0,-1.656646728515625,-7.656646728515625
Rawalpindi,2026-07-10,183.0,176.0,167.28624,8.713760375976562,-8.713760375976562,Unhealthy,Unhealthy,-7.0,-15.713760375976562,-8.713760375976562
Islamabad,2026-07-10,183.0,176.0,166.978,9.022003173828125,-9.022003173828125,Unhealthy,Unhealthy,-7.0,-16.022003173828125,-9.022003173828125
Lahore,2026-07-10,206.0,168.0,199.89662,31.896621704101562,31.896621704101562,Unhealthy,Unhealthy,-38.0,-6.1033782958984375,31.896621704101562
Karachi,2026-07-10,79.0,77.0,79.35754,2.3575363159179688,2.3575363159179688,Moderate,Moderate,-2.0,0.35753631591796875,2.3575363159179688
Multan,2026-07-10,156.0,160.0,153.67935,6.320648193359375,-6.320648193359375,Unhealthy,Unhealthy,4.0,-2.320648193359375,-6.320648193359375
Sialkot,2026-07-11,161.0,156.0,162.13686,6.1368560791015625,6.1368560791015625,Unhealthy,Unhealthy,-5.0,1.1368560791015625,6.1368560791015625
Gujranwala,2026-07-11,161.0,165.0,188.36658,23.3665771484375,23.3665771484375,Unhealthy,Unhealthy,4.0,27.3665771484375,23.3665771484375
Hyderabad,2026-07-11,82.0,88.0,85.43349,2.5665130615234375,-2.5665130615234375,Moderate,Moderate,6.0,3.4334869384765625,-2.5665130615234375
Quetta,2026-07-11,117.0,119.0,118.93367,0.0663299560546875,-0.0663299560546875,Unhealthy for Sensitive Groups,Unhealthy for Sensitive Groups,2.0,1.9336700439453125,-0.0663299560546875
Peshawar,2026-07-11,162.0,155.0,161.48236,6.48236083984375,6.48236083984375,Unhealthy,Unhealthy,-7.0,-0.51763916015625,6.48236083984375
Bahawalpur,2026-07-11,183.0,189.0,198.56104,9.56103515625,9.56103515625,Unhealthy,Unhealthy,6.0,15.56103515625,9.56103515625
Faisalabad,2026-07-11,175.0,185.0,195.91829,10.918289184570312,10.918289184570312,Unhealthy,Unhealthy,10.0,20.918289184570312,10.918289184570312
Rawalpindi,2026-07-11,176.0,166.0,162.58269,3.4173126220703125,-3.4173126220703125,Unhealthy,Unhealthy,-10.0,-13.417312622070312,-3.4173126220703125
Islamabad,2026-07-11,176.0,166.0,160.06291,5.9370880126953125,-5.9370880126953125,Unhealthy,Unhealthy,-10.0,-15.937088012695312,-5.9370880126953125
Lahore,2026-07-11,168.0,173.0,194.66592,21.665924072265625,21.665924072265625,Unhealthy,Unhealthy,5.0,26.665924072265625,21.665924072265625
Karachi,2026-07-11,77.0,80.0,78.69977,1.30023193359375,-1.30023193359375,Moderate,Moderate,3.0,1.69976806640625,-1.30023193359375
Multan,2026-07-11,160.0,172.0,162.82384,9.176162719726562,-9.176162719726562,Unhealthy,Unhealthy,12.0,2.8238372802734375,-9.176162719726562
Bahawalpur,2026-07-12,189.0,217.0,190.1385,26.861495971679688,-26.861495971679688,Unhealthy,Very Unhealthy,28.0,1.1385040283203125,-26.861495971679688
Sialkot,2026-07-12,156.0,168.0,172.00124,4.0012359619140625,4.0012359619140625,Unhealthy,Unhealthy,12.0,16.001235961914062,4.0012359619140625
Gujranwala,2026-07-12,165.0,169.0,181.59569,12.595687866210938,12.595687866210938,Unhealthy,Unhealthy,4.0,16.595687866210938,12.595687866210938
Hyderabad,2026-07-12,88.0,90.0,97.15256,7.152557373046875,7.152557373046875,Moderate,Moderate,2.0,9.152557373046875,7.152557373046875
Quetta,2026-07-12,119.0,124.0,98.49649,25.503509521484375,-25.503509521484375,Moderate,Unhealthy for Sensitive Groups,5.0,-20.503509521484375,-25.503509521484375
Peshawar,2026-07-12,155.0,156.0,161.24417,5.244171142578125,5.244171142578125,Unhealthy,Unhealthy,1.0,6.244171142578125,5.244171142578125
Multan,2026-07-12,172.0,172.0,168.28789,3.7121124267578125,-3.7121124267578125,Unhealthy,Unhealthy,0.0,-3.7121124267578125,-3.7121124267578125
Rawalpindi,2026-07-12,166.0,201.0,174.33304,26.666961669921875,-26.666961669921875,Unhealthy,Very Unhealthy,35.0,8.333038330078125,-26.666961669921875
Islamabad,2026-07-12,166.0,201.0,179.90836,21.091644287109375,-21.091644287109375,Unhealthy,Very Unhealthy,35.0,13.908355712890625,-21.091644287109375
Lahore,2026-07-12,173.0,175.0,190.72899,15.728988647460938,15.728988647460938,Unhealthy,Unhealthy,2.0,17.728988647460938,15.728988647460938
Karachi,2026-07-12,80.0,81.0,86.43636,5.436363220214844,5.436363220214844,Moderate,Moderate,1.0,6.436363220214844,5.436363220214844
Faisalabad,2026-07-12,185.0,172.0,181.56197,9.561965942382812,9.561965942382812,Unhealthy,Unhealthy,-13.0,-3.4380340576171875,9.561965942382812
Quetta,2026-07-13,124.0,141.0,143.61314,2.6131439208984375,2.6131439208984375,Unhealthy for Sensitive Groups,Unhealthy for Sensitive Groups,17.0,19.613143920898438,2.6131439208984375
Sialkot,2026-07-13,168.0,187.0,179.08337,7.9166259765625,-7.9166259765625,Unhealthy,Unhealthy,19.0,11.0833740234375,-7.9166259765625
Gujranwala,2026-07-13,169.0,191.0,186.47513,4.524871826171875,-4.524871826171875,Unhealthy,Unhealthy,22.0,17.475128173828125,-4.524871826171875
Hyderabad,2026-07-13,90.0,85.0,88.67548,3.6754837036132812,3.6754837036132812,Moderate,Moderate,-5.0,-1.3245162963867188,3.6754837036132812
Peshawar,2026-07-13,156.0,180.0,165.32706,14.672943115234375,-14.672943115234375,Unhealthy,Unhealthy,24.0,9.327056884765625,-14.672943115234375
Bahawalpur,2026-07-13,217.0,190.0,195.9853,5.9853057861328125,5.9853057861328125,Unhealthy,Unhealthy,-27.0,-21.014694213867188,5.9853057861328125
Faisalabad,2026-07-13,172.0,183.0,168.1917,14.808303833007812,-14.808303833007812,Unhealthy,Unhealthy,11.0,-3.8083038330078125,-14.808303833007812
Karachi,2026-07-13,81.0,76.0,79.43873,3.4387283325195312,3.4387283325195312,Moderate,Moderate,-5.0,-1.5612716674804688,3.4387283325195312
Lahore,2026-07-13,175.0,203.0,195.23662,7.7633819580078125,-7.7633819580078125,Unhealthy,Very Unhealthy,28.0,20.236618041992188,-7.7633819580078125
Multan,2026-07-13,172.0,178.0,174.41223,3.5877685546875,-3.5877685546875,Unhealthy,Unhealthy,6.0,2.4122314453125,-3.5877685546875
Rawalpindi,2026-07-13,201.0,200.0,186.25969,13.740310668945312,-13.740310668945312,Unhealthy,Unhealthy,-1.0,-14.740310668945312,-13.740310668945312
Islamabad,2026-07-13,201.0,200.0,185.24348,14.756515502929688,-14.756515502929688,Unhealthy,Unhealthy,-1.0,-15.756515502929688,-14.756515502929688
Bahawalpur,2026-07-14,190.0,167.0,179.6289,12.62890625,12.62890625,Unhealthy,Unhealthy,-23.0,-10.37109375,12.62890625
Sialkot,2026-07-14,187.0,195.0,169.64055,25.359451293945312,-25.359451293945312,Unhealthy,Unhealthy,8.0,-17.359451293945312,-25.359451293945312
Gujranwala,2026-07-14,191.0,178.0,177.258,0.74200439453125,-0.74200439453125,Unhealthy,Unhealthy,-13.0,-13.74200439453125,-0.74200439453125
Hyderabad,2026-07-14,85.0,79.0,86.291336,7.2913360595703125,7.2913360595703125,Moderate,Moderate,-6.0,1.2913360595703125,7.2913360595703125
Peshawar,2026-07-14,180.0,156.0,170.85146,14.851455688476562,14.851455688476562,Unhealthy,Unhealthy,-24.0,-9.148544311523438,14.851455688476562
Quetta,2026-07-14,141.0,98.0,109.7112,11.711196899414062,11.711196899414062,Unhealthy for Sensitive Groups,Moderate,-43.0,-31.288803100585938,11.711196899414062
Faisalabad,2026-07-14,183.0,180.0,180.78055,0.780548095703125,0.780548095703125,Unhealthy,Unhealthy,-3.0,-2.219451904296875,0.780548095703125
Rawalpindi,2026-07-14,200.0,201.0,180.94218,20.057815551757812,-20.057815551757812,Unhealthy,Very Unhealthy,1.0,-19.057815551757812,-20.057815551757812
Islamabad,2026-07-14,200.0,201.0,176.20819,24.79180908203125,-24.79180908203125,Unhealthy,Very Unhealthy,1.0,-23.79180908203125,-24.79180908203125
Lahore,2026-07-14,203.0,194.0,192.20305,1.7969512939453125,-1.7969512939453125,Unhealthy,Unhealthy,-9.0,-10.796951293945312,-1.7969512939453125
Karachi,2026-07-14,76.0,75.0,76.43245,1.4324493408203125,1.4324493408203125,Moderate,Moderate,-1.0,0.4324493408203125,1.4324493408203125
Multan,2026-07-14,178.0,171.0,172.57657,1.576568603515625,1.576568603515625,Unhealthy,Unhealthy,-7.0,-5.423431396484375,1.576568603515625
Bahawalpur,2026-07-15,167.0,159.0,150.42691,8.573089599609375,-8.573089599609375,Unhealthy,Unhealthy,-8.0,-16.573089599609375,-8.573089599609375
Sialkot,2026-07-15,195.0,192.0,181.50792,10.492080688476562,-10.492080688476562,Unhealthy,Unhealthy,-3.0,-13.492080688476562,-10.492080688476562
Gujranwala,2026-07-15,178.0,191.0,177.39601,13.603988647460938,-13.603988647460938,Unhealthy,Unhealthy,13.0,-0.6039886474609375,-13.603988647460938
Hyderabad,2026-07-15,79.0,84.0,81.99258,2.0074234008789062,-2.0074234008789062,Moderate,Moderate,5.0,2.9925765991210938,-2.0074234008789062
Quetta,2026-07-15,98.0,112.0,109.17766,2.8223419189453125,-2.8223419189453125,Unhealthy for Sensitive Groups,Unhealthy for Sensitive Groups,14.0,11.177658081054688,-2.8223419189453125
Peshawar,2026-07-15,156.0,161.0,154.70322,6.296783447265625,-6.296783447265625,Unhealthy,Unhealthy,5.0,-1.296783447265625,-6.296783447265625
Multan,2026-07-15,171.0,166.0,159.44308,6.556915283203125,-6.556915283203125,Unhealthy,Unhealthy,-5.0,-11.556915283203125,-6.556915283203125
Rawalpindi,2026-07-15,201.0,189.0,188.6498,0.3502044677734375,-0.3502044677734375,Unhealthy,Unhealthy,-12.0,-12.350204467773438,-0.3502044677734375
Islamabad,2026-07-15,201.0,189.0,191.82712,2.827117919921875,2.827117919921875,Unhealthy,Unhealthy,-12.0,-9.172882080078125,2.827117919921875
Lahore,2026-07-15,194.0,204.0,187.49788,16.502120971679688,-16.502120971679688,Unhealthy,Very Unhealthy,10.0,-6.5021209716796875,-16.502120971679688
Karachi,2026-07-15,75.0,78.0,74.29224,3.707763671875,-3.707763671875,Moderate,Moderate,3.0,-0.707763671875,-3.707763671875
Faisalabad,2026-07-15,180.0,183.0,181.16399,1.8360137939453125,-1.8360137939453125,Unhealthy,Unhealthy,3.0,1.1639862060546875,-1.8360137939453125
Bahawalpur,2026-07-16,159.0,151.0,161.70387,10.703872680664062,10.703872680664062,Unhealthy,Unhealthy,-8.0,2.7038726806640625,10.703872680664062
Sialkot,2026-07-16,192.0,162.0,173.35109,11.351089477539062,11.351089477539062,Unhealthy,Unhealthy,-30.0,-18.648910522460938,11.351089477539062
Gujranwala,2026-07-16,191.0,160.0,173.91522,13.91522216796875,13.91522216796875,Unhealthy,Unhealthy,-31.0,-17.08477783203125,13.91522216796875
Hyderabad,2026-07-16,84.0,83.0,83.90009,0.9000930786132812,0.9000930786132812,Moderate,Moderate,-1.0,-0.09990692138671875,0.9000930786132812
Quetta,2026-07-16,112.0,112.0,118.84998,6.849983215332031,6.849983215332031,Unhealthy for Sensitive Groups,Unhealthy for Sensitive Groups,0.0,6.849983215332031,6.849983215332031
Peshawar,2026-07-16,161.0,155.0,168.41002,13.410018920898438,13.410018920898438,Unhealthy,Unhealthy,-6.0,7.4100189208984375,13.410018920898438
Faisalabad,2026-07-16,183.0,175.0,184.93152,9.9315185546875,9.9315185546875,Unhealthy,Unhealthy,-8.0,1.9315185546875,9.9315185546875
Rawalpindi,2026-07-16,189.0,169.0,180.3083,11.308303833007812,11.308303833007812,Unhealthy,Unhealthy,-20.0,-8.691696166992188,11.308303833007812
Islamabad,2026-07-16,189.0,169.0,180.5731,11.573104858398438,11.573104858398438,Unhealthy,Unhealthy,-20.0,-8.426895141601562,11.573104858398438
Lahore,2026-07-16,204.0,187.0,198.57492,11.574920654296875,11.574920654296875,Unhealthy,Unhealthy,-17.0,-5.425079345703125,11.574920654296875
Karachi,2026-07-16,78.0,73.0,77.12754,4.127540588378906,4.127540588378906,Moderate,Moderate,-5.0,-0.8724594116210938,4.127540588378906
Multan,2026-07-16,166.0,162.0,163.74089,1.7408905029296875,1.7408905029296875,Unhealthy,Unhealthy,-4.0,-2.2591094970703125,1.7408905029296875
Quetta,2026-07-17,112.0,79.0,95.01998,16.019981384277344,16.019981384277344,Moderate,Moderate,-33.0,-16.980018615722656,16.019981384277344
Bahawalpur,2026-07-17,151.0,129.0,123.106865,5.893135070800781,-5.893135070800781,Unhealthy for Sensitive Groups,Unhealthy for Sensitive Groups,-22.0,-27.89313507080078,-5.893135070800781
Sialkot,2026-07-17,162.0,158.0,172.5474,14.547393798828125,14.547393798828125,Unhealthy,Unhealthy,-4.0,10.547393798828125,14.547393798828125
Gujranwala,2026-07-17,160.0,152.0,162.54103,10.541030883789062,10.541030883789062,Unhealthy,Unhealthy,-8.0,2.5410308837890625,10.541030883789062
Hyderabad,2026-07-17,83.0,73.0,74.9757,1.9757003784179688,1.9757003784179688,Moderate,Moderate,-10.0,-8.024299621582031,1.9757003784179688
Peshawar,2026-07-17,155.0,177.0,159.90947,17.090530395507812,-17.090530395507812,Unhealthy,Unhealthy,22.0,4.9094696044921875,-17.090530395507812
Multan,2026-07-17,162.0,119.0,128.76924,9.769241333007812,9.769241333007812,Unhealthy for Sensitive Groups,Unhealthy for Sensitive Groups,-43.0,-33.23075866699219,9.769241333007812
Faisalabad,2026-07-17,175.0,149.0,152.90077,3.9007720947265625,3.9007720947265625,Unhealthy,Unhealthy for Sensitive Groups,-26.0,-22.099227905273438,3.9007720947265625
Rawalpindi,2026-07-17,169.0,160.0,161.93652,1.9365234375,1.9365234375,Unhealthy,Unhealthy,-9.0,-7.0634765625,1.9365234375
Islamabad,2026-07-17,169.0,160.0,163.73691,3.736907958984375,3.736907958984375,Unhealthy,Unhealthy,-9.0,-5.263092041015625,3.736907958984375
Lahore,2026-07-17,187.0,164.0,183.05405,19.054046630859375,19.054046630859375,Unhealthy,Unhealthy,-23.0,-3.945953369140625,19.054046630859375
Karachi,2026-07-17,73.0,69.0,70.77938,1.7793807983398438,1.7793807983398438,Moderate,Moderate,-4.0,-2.2206192016601562,1.7793807983398438
Bahawalpur,2026-07-18,129.0,151.0,150.13745,0.862548828125,-0.862548828125,Unhealthy,Unhealthy,22.0,21.137451171875,-0.862548828125
Sialkot,2026-07-18,158.0,156.0,167.42635,11.426345825195312,11.426345825195312,Unhealthy,Unhealthy,-2.0,9.426345825195312,11.426345825195312
Gujranwala,2026-07-18,152.0,165.0,160.93896,4.06103515625,-4.06103515625,Unhealthy,Unhealthy,13.0,8.93896484375,-4.06103515625
Hyderabad,2026-07-18,73.0,73.0,72.29349,0.706512451171875,-0.706512451171875,Moderate,Moderate,0.0,-0.706512451171875,-0.706512451171875
Quetta,2026-07-18,79.0,109.0,90.05565,18.944351196289062,-18.944351196289062,Moderate,Unhealthy for Sensitive Groups,30.0,11.055648803710938,-18.944351196289062
Peshawar,2026-07-18,177.0,143.0,161.51883,18.518829345703125,18.518829345703125,Unhealthy,Unhealthy for Sensitive Groups,-34.0,-15.481170654296875,18.518829345703125
Multan,2026-07-18,119.0,124.0,129.71004,5.7100372314453125,5.7100372314453125,Unhealthy for Sensitive Groups,Unhealthy for Sensitive Groups,5.0,10.710037231445312,5.7100372314453125
Faisalabad,2026-07-18,149.0,157.0,153.49713,3.50286865234375,-3.50286865234375,Unhealthy,Unhealthy,8.0,4.49713134765625,-3.50286865234375
Rawalpindi,2026-07-18,160.0,141.0,165.2649,24.264892578125,24.264892578125,Unhealthy,Unhealthy for Sensitive Groups,-19.0,5.264892578125,24.264892578125
Islamabad,2026-07-18,160.0,141.0,165.36581,24.365814208984375,24.365814208984375,Unhealthy,Unhealthy for Sensitive Groups,-19.0,5.365814208984375,24.365814208984375
Lahore,2026-07-18,164.0,179.0,174.63188,4.3681182861328125,-4.3681182861328125,Unhealthy,Unhealthy,15.0,10.631881713867188,-4.3681182861328125
Karachi,2026-07-18,69.0,71.0,67.78411,3.2158889770507812,-3.2158889770507812,Moderate,Moderate,2.0,-1.2158889770507812,-3.2158889770507812
Bahawalpur,2026-07-19,151.0,151.0,150.19823,0.8017730712890625,-0.8017730712890625,Unhealthy,Unhealthy,0.0,-0.8017730712890625,-0.8017730712890625
Sialkot,2026-07-19,156.0,156.0,157.4894,1.4893951416015625,1.4893951416015625,Unhealthy,Unhealthy,0.0,1.4893951416015625,1.4893951416015625
Gujranwala,2026-07-19,165.0,165.0,175.2731,10.273101806640625,10.273101806640625,Unhealthy,Unhealthy,0.0,10.273101806640625,10.273101806640625
Hyderabad,2026-07-19,73.0,77.0,77.73509,0.7350921630859375,0.7350921630859375,Moderate,Moderate,4.0,4.7350921630859375,0.7350921630859375
Quetta,2026-07-19,109.0,110.0,109.84298,0.15702056884765625,-0.15702056884765625,Unhealthy for Sensitive Groups,Unhealthy for Sensitive Groups,1.0,0.8429794311523438,-0.15702056884765625
Peshawar,2026-07-19,143.0,126.0,146.64009,20.640090942382812,20.640090942382812,Unhealthy for Sensitive Groups,Unhealthy for Sensitive Groups,-17.0,3.6400909423828125,20.640090942382812
Faisalabad,2026-07-19,157.0,162.0,151.99103,10.00897216796875,-10.00897216796875,Unhealthy,Unhealthy,5.0,-5.00897216796875,-10.00897216796875
Rawalpindi,2026-07-19,141.0,112.0,134.33588,22.33587646484375,22.33587646484375,Unhealthy for Sensitive Groups,Unhealthy for Sensitive Groups,-29.0,-6.66412353515625,22.33587646484375
Islamabad,2026-07-19,141.0,112.0,133.90657,21.906570434570312,21.906570434570312,Unhealthy for Sensitive Groups,Unhealthy for Sensitive Groups,-29.0,-7.0934295654296875,21.906570434570312
Lahore,2026-07-19,179.0,176.0,182.2586,6.25860595703125,6.25860595703125,Unhealthy,Unhealthy,-3.0,3.25860595703125,6.25860595703125
Karachi,2026-07-19,71.0,72.0,73.36614,1.3661422729492188,1.3661422729492188,Moderate,Moderate,1.0,2.3661422729492188,1.3661422729492188
Multan,2026-07-19,124.0,134.0,140.30621,6.30621337890625,6.30621337890625,Unhealthy for Sensitive Groups,Unhealthy for Sensitive Groups,10.0,16.30621337890625,6.30621337890625
Multan,2026-07-20,134.0,133.0,128.49905,4.500946044921875,-4.500946044921875,Unhealthy for Sensitive Groups,Unhealthy for Sensitive Groups,-1.0,-5.500946044921875,-4.500946044921875
Bahawalpur,2026-07-20,151.0,130.0,137.55014,7.550140380859375,7.550140380859375,Unhealthy for Sensitive Groups,Unhealthy for Sensitive Groups,-21.0,-13.449859619140625,7.550140380859375
Sialkot,2026-07-20,156.0,140.0,152.37201,12.37200927734375,12.37200927734375,Unhealthy,Unhealthy for Sensitive Groups,-16.0,-3.62799072265625,12.37200927734375
Gujranwala,2026-07-20,165.0,160.0,168.86171,8.861709594726562,8.861709594726562,Unhealthy,Unhealthy,-5.0,3.8617095947265625,8.861709594726562
Hyderabad,2026-07-20,77.0,78.0,82.95774,4.957740783691406,4.957740783691406,Moderate,Moderate,1.0,5.957740783691406,4.957740783691406
Quetta,2026-07-20,110.0,124.0,113.3524,10.647598266601562,-10.647598266601562,Unhealthy for Sensitive Groups,Unhealthy for Sensitive Groups,14.0,3.3524017333984375,-10.647598266601562
Rawalpindi,2026-07-20,112.0,94.0,147.59258,53.59257507324219,53.59257507324219,Unhealthy for Sensitive Groups,Moderate,-18.0,35.59257507324219,53.59257507324219
Faisalabad,2026-07-20,162.0,163.0,169.8777,6.8777008056640625,6.8777008056640625,Unhealthy,Unhealthy,1.0,7.8777008056640625,6.8777008056640625
Islamabad,2026-07-20,112.0,94.0,145.33536,51.335357666015625,51.335357666015625,Unhealthy for Sensitive Groups,Moderate,-18.0,33.335357666015625,51.335357666015625
Lahore,2026-07-20,176.0,171.0,177.56169,6.5616912841796875,6.5616912841796875,Unhealthy,Unhealthy,-5.0,1.5616912841796875,6.5616912841796875
Karachi,2026-07-20,72.0,75.0,74.52968,0.4703216552734375,-0.4703216552734375,Moderate,Moderate,3.0,2.5296783447265625,-0.4703216552734375
Peshawar,2026-07-20,126.0,95.0,137.99469,42.99468994140625,42.99468994140625,Unhealthy for Sensitive Groups,Moderate,-31.0,11.99468994140625,42.99468994140625
Hyderabad,2026-07-21,78.0,76.0,79.7558,3.75579833984375,3.75579833984375,Moderate,Moderate,-2.0,1.75579833984375,3.75579833984375
Gujranwala,2026-07-21,160.0,90.0,128.3375,38.337493896484375,38.337493896484375,Unhealthy for Sensitive Groups,Moderate,-70.0,-31.662506103515625,38.337493896484375
Quetta,2026-07-21,124.0,124.0,135.47934,11.479339599609375,11.479339599609375,Unhealthy for Sensitive Groups,Unhealthy for Sensitive Groups,0.0,11.479339599609375,11.479339599609375
Bahawalpur,2026-07-21,130.0,106.0,122.57884,16.578842163085938,16.578842163085938,Unhealthy for Sensitive Groups,Unhealthy for Sensitive Groups,-24.0,-7.4211578369140625,16.578842163085938
Sialkot,2026-07-21,140.0,83.0,116.10386,33.103858947753906,33.103858947753906,Unhealthy for Sensitive Groups,Moderate,-57.0,-23.896141052246094,33.103858947753906
Peshawar,2026-07-21,95.0,118.0,118.73683,0.7368316650390625,0.7368316650390625,Unhealthy for Sensitive Groups,Unhealthy for Sensitive Groups,23.0,23.736831665039062,0.7368316650390625
Karachi,2026-07-21,75.0,76.0,73.27582,2.72418212890625,-2.72418212890625,Moderate,Moderate,1.0,-1.72418212890625,-2.72418212890625
Faisalabad,2026-07-21,163.0,134.0,160.55016,26.550155639648438,26.550155639648438,Unhealthy,Unhealthy for Sensitive Groups,-29.0,-2.4498443603515625,26.550155639648438
Rawalpindi,2026-07-21,94.0,66.0,113.20985,47.20984649658203,47.20984649658203,Unhealthy for Sensitive Groups,Moderate,-28.0,19.20984649658203,47.20984649658203
Islamabad,2026-07-21,94.0,66.0,110.96253,44.96253204345703,44.96253204345703,Unhealthy for Sensitive Groups,Moderate,-28.0,16.96253204345703,44.96253204345703
Lahore,2026-07-21,171.0,94.0,150.81142,56.81141662597656,56.81141662597656,Unhealthy,Moderate,-77.0,-20.188583374023438,56.81141662597656
Multan,2026-07-21,133.0,131.0,150.23785,19.23785400390625,19.23785400390625,Unhealthy,Unhealthy for Sensitive Groups,-2.0,17.23785400390625,19.23785400390625
Bahawalpur,2026-07-22,106.0,111.0,110.27531,0.7246932983398438,-0.7246932983398438,Unhealthy for Sensitive Groups,Unhealthy for Sensitive Groups,5.0,4.275306701660156,-0.7246932983398438
Sialkot,2026-07-22,83.0,76.0,86.07926,10.079261779785156,10.079261779785156,Moderate,Moderate,-7.0,3.0792617797851562,10.079261779785156
Gujranwala,2026-07-22,90.0,81.0,103.14705,22.147048950195312,22.147048950195312,Unhealthy for Sensitive Groups,Moderate,-9.0,13.147048950195312,22.147048950195312
Hyderabad,2026-07-22,76.0,82.0,76.631744,5.368255615234375,-5.368255615234375,Moderate,Moderate,6.0,0.631744384765625,-5.368255615234375
Quetta,2026-07-22,124.0,121.0,109.33334,11.666656494140625,-11.666656494140625,Unhealthy for Sensitive Groups,Unhealthy for Sensitive Groups,-3.0,-14.666656494140625,-11.666656494140625
Peshawar,2026-07-22,118.0,134.0,133.17992,0.8200836181640625,-0.8200836181640625,Unhealthy for Sensitive Groups,Unhealthy for Sensitive Groups,16.0,15.179916381835938,-0.8200836181640625
Faisalabad,2026-07-22,134.0,128.0,127.6825,0.31749725341796875,-0.31749725341796875,Unhealthy for Sensitive Groups,Unhealthy for Sensitive Groups,-6.0,-6.317497253417969,-0.31749725341796875
Rawalpindi,2026-07-22,66.0,85.0,109.03444,24.034439086914062,24.034439086914062,Unhealthy for Sensitive Groups,Moderate,19.0,43.03443908691406,24.034439086914062
Islamabad,2026-07-22,66.0,85.0,107.99046,22.990463256835938,22.990463256835938,Unhealthy for Sensitive Groups,Moderate,19.0,41.99046325683594,22.990463256835938
Lahore,2026-07-22,94.0,91.0,117.22769,26.227691650390625,26.227691650390625,Unhealthy for Sensitive Groups,Moderate,-3.0,23.227691650390625,26.227691650390625
Karachi,2026-07-22,76.0,84.0,79.78413,4.215873718261719,-4.215873718261719,Moderate,Moderate,8.0,3.7841262817382812,-4.215873718261719
Multan,2026-07-22,131.0,138.0,120.22641,17.773590087890625,-17.773590087890625,Unhealthy for Sensitive Groups,Unhealthy for Sensitive Groups,7.0,-10.773590087890625,-17.773590087890625
Quetta,2026-07-23,121.0,134.0,134.76228,0.7622833251953125,0.7622833251953125,Unhealthy for Sensitive Groups,Unhealthy for Sensitive Groups,13.0,13.762283325195312,0.7622833251953125
Bahawalpur,2026-07-23,111.0,126.0,113.79193,12.20806884765625,-12.20806884765625,Unhealthy for Sensitive Groups,Unhealthy for Sensitive Groups,15.0,2.79193115234375,-12.20806884765625
Sialkot,2026-07-23,76.0,99.0,126.68387,27.683868408203125,27.683868408203125,Unhealthy for Sensitive Groups,Moderate,23.0,50.683868408203125,27.683868408203125
Gujranwala,2026-07-23,81.0,106.0,115.08088,9.080879211425781,9.080879211425781,Unhealthy for Sensitive Groups,Unhealthy for Sensitive Groups,25.0,34.08087921142578,9.080879211425781
Hyderabad,2026-07-23,82.0,99.0,87.695526,11.304473876953125,-11.304473876953125,Moderate,Moderate,17.0,5.695526123046875,-11.304473876953125
Peshawar,2026-07-23,134.0,132.0,146.86255,14.862548828125,14.862548828125,Unhealthy for Sensitive Groups,Unhealthy for Sensitive Groups,-2.0,12.862548828125,14.862548828125
Karachi,2026-07-23,84.0,87.0,90.18002,3.180023193359375,3.180023193359375,Moderate,Moderate,3.0,6.180023193359375,3.180023193359375
Faisalabad,2026-07-23,128.0,151.0,142.58113,8.418869018554688,-8.418869018554688,Unhealthy for Sensitive Groups,Unhealthy,23.0,14.581130981445312,-8.418869018554688
Rawalpindi,2026-07-23,85.0,96.0,126.67011,30.67011260986328,30.67011260986328,Unhealthy for Sensitive Groups,Moderate,11.0,41.67011260986328,30.67011260986328
Islamabad,2026-07-23,85.0,96.0,126.38639,30.386390686035156,30.386390686035156,Unhealthy for Sensitive Groups,Moderate,11.0,41.386390686035156,30.386390686035156
Lahore,2026-07-23,91.0,142.0,121.969734,20.03026580810547,-20.03026580810547,Unhealthy for Sensitive Groups,Unhealthy for Sensitive Groups,51.0,30.96973419189453,-20.03026580810547
Multan,2026-07-23,138.0,126.0,136.64389,10.643890380859375,10.643890380859375,Unhealthy for Sensitive Groups,Unhealthy for Sensitive Groups,-12.0,-1.356109619140625,10.643890380859375
Quetta,2026-07-24,134.0,124.0,125.41253,1.4125289916992188,1.4125289916992188,Unhealthy for Sensitive Groups,Unhealthy for Sensitive Groups,-10.0,-8.587471008300781,1.4125289916992188
Sialkot,2026-07-24,99.0,133.0,121.25847,11.741531372070312,-11.741531372070312,Unhealthy for Sensitive Groups,Unhealthy for Sensitive Groups,34.0,22.258468627929688,-11.741531372070312
Gujranwala,2026-07-24,106.0,102.0,117.88988,15.889877319335938,15.889877319335938,Unhealthy for Sensitive Groups,Unhealthy for Sensitive Groups,-4.0,11.889877319335938,15.889877319335938
Bahawalpur,2026-07-24,126.0,121.0,119.33258,1.66741943359375,-1.66741943359375,Unhealthy for Sensitive Groups,Unhealthy for Sensitive Groups,-5.0,-6.66741943359375,-1.66741943359375
Hyderabad,2026-07-24,99.0,100.0,113.84374,13.843742370605469,13.843742370605469,Unhealthy for Sensitive Groups,Moderate,1.0,14.843742370605469,13.843742370605469
Peshawar,2026-07-24,132.0,166.0,147.23782,18.762176513671875,-18.762176513671875,Unhealthy for Sensitive Groups,Unhealthy,34.0,15.237823486328125,-18.762176513671875
Islamabad,2026-07-24,96.0,95.0,114.490425,19.49042510986328,19.49042510986328,Unhealthy for Sensitive Groups,Moderate,-1.0,18.49042510986328,19.49042510986328
Faisalabad,2026-07-24,151.0,125.0,143.40424,18.40423583984375,18.40423583984375,Unhealthy for Sensitive Groups,Unhealthy for Sensitive Groups,-26.0,-7.59576416015625,18.40423583984375
Rawalpindi,2026-07-24,96.0,95.0,114.89217,19.892173767089844,19.892173767089844,Unhealthy for Sensitive Groups,Moderate,-1.0,18.892173767089844,19.892173767089844
Lahore,2026-07-24,142.0,109.0,141.95766,32.95765686035156,32.95765686035156,Unhealthy for Sensitive Groups,Unhealthy for Sensitive Groups,-33.0,-0.0423431396484375,32.95765686035156
Karachi,2026-07-24,87.0,86.0,88.30152,2.3015213012695312,2.3015213012695312,Moderate,Moderate,-1.0,1.3015213012695312,2.3015213012695312
Multan,2026-07-24,126.0,133.0,135.28555,2.285552978515625,2.285552978515625,Unhealthy for Sensitive Groups,Unhealthy for Sensitive Groups,7.0,9.285552978515625,2.285552978515625
Bahawalpur,2026-07-25,121.0,100.0,120.2876,20.28759765625,20.28759765625,Unhealthy for Sensitive Groups,Moderate,-21.0,-0.71240234375,20.28759765625
Sialkot,2026-07-25,133.0,126.0,127.12336,1.1233596801757812,1.1233596801757812,Unhealthy for Sensitive Groups,Unhealthy for Sensitive Groups,-7.0,-5.876640319824219,1.1233596801757812
Gujranwala,2026-07-25,102.0,166.0,120.33707,45.662933349609375,-45.662933349609375,Unhealthy for Sensitive Groups,Unhealthy,64.0,18.337066650390625,-45.662933349609375
Hyderabad,2026-07-25,100.0,90.0,96.39666,6.396659851074219,6.396659851074219,Moderate,Moderate,-10.0,-3.6033401489257812,6.396659851074219
Quetta,2026-07-25,124.0,102.0,100.84509,1.1549072265625,-1.1549072265625,Unhealthy for Sensitive Groups,Unhealthy for Sensitive Groups,-22.0,-23.1549072265625,-1.1549072265625
Peshawar,2026-07-25,166.0,125.0,166.12741,41.127410888671875,41.127410888671875,Unhealthy,Unhealthy for Sensitive Groups,-41.0,0.127410888671875,41.127410888671875
Multan,2026-07-25,133.0,120.0,132.66263,12.662628173828125,12.662628173828125,Unhealthy for Sensitive Groups,Unhealthy for Sensitive Groups,-13.0,-0.337371826171875,12.662628173828125
Faisalabad,2026-07-25,125.0,170.0,132.93388,37.06611633300781,-37.06611633300781,Unhealthy for Sensitive Groups,Unhealthy,45.0,7.9338836669921875,-37.06611633300781
Rawalpindi,2026-07-25,95.0,112.0,115.98915,3.9891510009765625,3.9891510009765625,Unhealthy for Sensitive Groups,Unhealthy for Sensitive Groups,17.0,20.989151000976562,3.9891510009765625
Islamabad,2026-07-25,95.0,112.0,119.09064,7.09063720703125,7.09063720703125,Unhealthy for Sensitive Groups,Unhealthy for Sensitive Groups,17.0,24.09063720703125,7.09063720703125
Lahore,2026-07-25,109.0,168.0,118.61744,49.38256072998047,-49.38256072998047,Unhealthy for Sensitive Groups,Unhealthy,59.0,9.617439270019531,-49.38256072998047
Karachi,2026-07-25,86.0,83.0,84.90915,1.909149169921875,1.909149169921875,Moderate,Moderate,-3.0,-1.090850830078125,1.909149169921875
Bahawalpur,2026-07-26,100.0,131.0,110.034836,20.965164184570312,-20.965164184570312,Unhealthy for Sensitive Groups,Unhealthy for Sensitive Groups,31.0,10.034835815429688,-20.965164184570312
Sialkot,2026-07-26,126.0,158.0,138.92354,19.076461791992188,-19.076461791992188,Unhealthy for Sensitive Groups,Unhealthy,32.0,12.923538208007812,-19.076461791992188
Gujranwala,2026-07-26,166.0,173.0,160.15619,12.84381103515625,-12.84381103515625,Unhealthy,Unhealthy,7.0,-5.84381103515625,-12.84381103515625
Hyderabad,2026-07-26,90.0,87.0,97.982086,10.982086181640625,10.982086181640625,Moderate,Moderate,-3.0,7.982086181640625,10.982086181640625
Quetta,2026-07-26,102.0,96.0,114.51161,18.511611938476562,18.511611938476562,Unhealthy for Sensitive Groups,Moderate,-6.0,12.511611938476562,18.511611938476562
Peshawar,2026-07-26,125.0,158.0,137.52855,20.471450805664062,-20.471450805664062,Unhealthy for Sensitive Groups,Unhealthy,33.0,12.528549194335938,-20.471450805664062
Faisalabad,2026-07-26,170.0,198.0,162.44183,35.55816650390625,-35.55816650390625,Unhealthy,Unhealthy,28.0,-7.55816650390625,-35.55816650390625
Rawalpindi,2026-07-26,112.0,150.0,109.08684,40.91316223144531,-40.91316223144531,Unhealthy for Sensitive Groups,Unhealthy for Sensitive Groups,38.0,-2.9131622314453125,-40.91316223144531
Islamabad,2026-07-26,112.0,150.0,107.217964,42.78203582763672,-42.78203582763672,Unhealthy for Sensitive Groups,Unhealthy for Sensitive Groups,38.0,-4.782035827636719,-42.78203582763672
Lahore,2026-07-26,168.0,219.0,167.78468,51.21531677246094,-51.21531677246094,Unhealthy,Very Unhealthy,51.0,-0.2153167724609375,-51.21531677246094
Karachi,2026-07-26,83.0,85.0,85.78904,0.7890396118164062,0.7890396118164062,Moderate,Moderate,2.0,2.7890396118164062,0.7890396118164062
Multan,2026-07-26,120.0,158.0,125.84379,32.156211853027344,-32.156211853027344,Unhealthy for Sensitive Groups,Unhealthy,38.0,5.843788146972656,-32.156211853027344
Multan,2026-07-27,158.0,152.0,156.79272,4.792724609375,4.792724609375,Unhealthy,Unhealthy,-6.0,-1.207275390625,4.792724609375
Bahawalpur,2026-07-27,131.0,126.0,131.57208,5.57208251953125,5.57208251953125,Unhealthy for Sensitive Groups,Unhealthy for Sensitive Groups,-5.0,0.57208251953125,5.57208251953125
Sialkot,2026-07-27,158.0,165.0,165.70901,0.709014892578125,0.709014892578125,Unhealthy,Unhealthy,7.0,7.709014892578125,0.709014892578125
Gujranwala,2026-07-27,173.0,202.0,158.35649,43.64350891113281,-43.64350891113281,Unhealthy,Very Unhealthy,29.0,-14.643508911132812,-43.64350891113281
Hyderabad,2026-07-27,87.0,85.0,87.15842,2.158416748046875,2.158416748046875,Moderate,Moderate,-2.0,0.158416748046875,2.158416748046875
Quetta,2026-07-27,96.0,96.0,90.94891,5.05108642578125,-5.05108642578125,Moderate,Moderate,0.0,-5.05108642578125,-5.05108642578125
Rawalpindi,2026-07-27,150.0,162.0,151.79077,10.209228515625,-10.209228515625,Unhealthy,Unhealthy,12.0,1.790771484375,-10.209228515625
Faisalabad,2026-07-27,198.0,196.0,189.74994,6.25006103515625,-6.25006103515625,Unhealthy,Unhealthy,-2.0,-8.25006103515625,-6.25006103515625
Islamabad,2026-07-27,150.0,162.0,149.58788,12.412124633789062,-12.412124633789062,Unhealthy for Sensitive Groups,Unhealthy,12.0,-0.4121246337890625,-12.412124633789062
Lahore,2026-07-27,219.0,201.0,192.40953,8.590469360351562,-8.590469360351562,Unhealthy,Very Unhealthy,-18.0,-26.590469360351562,-8.590469360351562
Karachi,2026-07-27,85.0,85.0,84.283646,0.7163543701171875,-0.7163543701171875,Moderate,Moderate,0.0,-0.7163543701171875,-0.7163543701171875
Peshawar,2026-07-27,158.0,188.0,145.38885,42.61114501953125,-42.61114501953125,Unhealthy for Sensitive Groups,Unhealthy,30.0,-12.61114501953125,-42.61114501953125
Hyderabad,2026-07-28,85.0,90.0,83.9257,6.074302673339844,-6.074302673339844,Moderate,Moderate,5.0,-1.0743026733398438,-6.074302673339844
Gujranwala,2026-07-28,202.0,163.0,177.14265,14.142654418945312,14.142654418945312,Unhealthy,Unhealthy,-39.0,-24.857345581054688,14.142654418945312
Quetta,2026-07-28,96.0,125.0,110.72041,14.279586791992188,-14.279586791992188,Unhealthy for Sensitive Groups,Unhealthy for Sensitive Groups,29.0,14.720413208007812,-14.279586791992188
Bahawalpur,2026-07-28,126.0,155.0,104.81625,50.183746337890625,-50.183746337890625,Unhealthy for Sensitive Groups,Unhealthy,29.0,-21.183746337890625,-50.183746337890625
Sialkot,2026-07-28,165.0,152.0,151.8086,0.19140625,-0.19140625,Unhealthy,Unhealthy,-13.0,-13.19140625,-0.19140625
Peshawar,2026-07-28,188.0,164.0,167.34691,3.3469085693359375,3.3469085693359375,Unhealthy,Unhealthy,-24.0,-20.653091430664062,3.3469085693359375
Karachi,2026-07-28,85.0,81.0,79.554825,1.4451751708984375,-1.4451751708984375,Moderate,Moderate,-4.0,-5.4451751708984375,-1.4451751708984375
Faisalabad,2026-07-28,196.0,167.0,168.73561,1.7356109619140625,1.7356109619140625,Unhealthy,Unhealthy,-29.0,-27.264389038085938,1.7356109619140625
Rawalpindi,2026-07-28,162.0,161.0,135.3959,25.604095458984375,-25.604095458984375,Unhealthy for Sensitive Groups,Unhealthy,-1.0,-26.604095458984375,-25.604095458984375
Islamabad,2026-07-28,162.0,161.0,137.53368,23.466323852539062,-23.466323852539062,Unhealthy for Sensitive Groups,Unhealthy,-1.0,-24.466323852539062,-23.466323852539062
Lahore,2026-07-28,201.0,160.0,162.46915,2.469146728515625,2.469146728515625,Unhealthy,Unhealthy,-41.0,-38.530853271484375,2.469146728515625
Multan,2026-07-28,152.0,129.0,116.76622,12.233779907226562,-12.233779907226562,Unhealthy for Sensitive Groups,Unhealthy for Sensitive Groups,-23.0,-35.23377990722656,-12.233779907226562
Bahawalpur,2026-07-29,155.0,154.0,165.50864,11.508636474609375,11.508636474609375,Unhealthy,Unhealthy,-1.0,10.508636474609375,11.508636474609375
Sialkot,2026-07-29,152.0,166.0,120.171364,45.828636169433594,-45.828636169433594,Unhealthy for Sensitive Groups,Unhealthy,14.0,-31.828636169433594,-45.828636169433594
Gujranwala,2026-07-29,163.0,200.0,123.582245,76.41775512695312,-76.41775512695312,Unhealthy for Sensitive Groups,Unhealthy,37.0,-39.417755126953125,-76.41775512695312
Hyderabad,2026-07-29,90.0,90.0,97.47022,7.470222473144531,7.470222473144531,Moderate,Moderate,0.0,7.470222473144531,7.470222473144531
Quetta,2026-07-29,125.0,181.0,121.231285,59.768714904785156,-59.768714904785156,Unhealthy for Sensitive Groups,Unhealthy,56.0,-3.7687149047851562,-59.768714904785156
Peshawar,2026-07-29,164.0,151.0,153.14752,2.14752197265625,2.14752197265625,Unhealthy,Unhealthy,-13.0,-10.85247802734375,2.14752197265625
Faisalabad,2026-07-29,167.0,185.0,150.25899,34.74101257324219,-34.74101257324219,Unhealthy,Unhealthy,18.0,-16.741012573242188,-34.74101257324219
Rawalpindi,2026-07-29,161.0,150.0,143.54367,6.456329345703125,-6.456329345703125,Unhealthy for Sensitive Groups,Unhealthy for Sensitive Groups,-11.0,-17.456329345703125,-6.456329345703125
Islamabad,2026-07-29,161.0,150.0,145.62778,4.372222900390625,-4.372222900390625,Unhealthy for Sensitive Groups,Unhealthy for Sensitive Groups,-11.0,-15.372222900390625,-4.372222900390625
Lahore,2026-07-29,160.0,206.0,144.12994,61.87005615234375,-61.87005615234375,Unhealthy for Sensitive Groups,Very Unhealthy,46.0,-15.87005615234375,-61.87005615234375
Karachi,2026-07-29,81.0,84.0,81.79231,2.2076873779296875,-2.2076873779296875,Moderate,Moderate,3.0,0.7923126220703125,-2.2076873779296875
Multan,2026-07-29,129.0,132.0,137.54439,5.5443878173828125,5.5443878173828125,Unhealthy for Sensitive Groups,Unhealthy for Sensitive Groups,3.0,8.544387817382812,5.5443878173828125
Quetta,2026-07-30,181.0,176.0,165.52415,10.475845336914062,-10.475845336914062,Unhealthy,Unhealthy,-5.0,-15.475845336914062,-10.475845336914062
Bahawalpur,2026-07-30,154.0,150.0,134.40445,15.595550537109375,-15.595550537109375,Unhealthy for Sensitive Groups,Unhealthy for Sensitive Groups,-4.0,-19.595550537109375,-15.595550537109375
Sialkot,2026-07-30,166.0,148.0,153.21109,5.211090087890625,5.211090087890625,Unhealthy,Unhealthy for Sensitive Groups,-18.0,-12.788909912109375,5.211090087890625
Gujranwala,2026-07-30,200.0,156.0,171.60356,15.603561401367188,15.603561401367188,Unhealthy,Unhealthy,-44.0,-28.396438598632812,15.603561401367188
Hyderabad,2026-07-30,90.0,95.0,88.295204,6.704795837402344,-6.704795837402344,Moderate,Moderate,5.0,-1.7047958374023438,-6.704795837402344
Peshawar,2026-07-30,151.0,161.0,158.09659,2.903411865234375,-2.903411865234375,Unhealthy,Unhealthy,10.0,7.096588134765625,-2.903411865234375
Karachi,2026-07-30,84.0,92.0,90.073074,1.9269256591796875,-1.9269256591796875,Moderate,Moderate,8.0,6.0730743408203125,-1.9269256591796875
Faisalabad,2026-07-30,185.0,174.0,168.95296,5.0470428466796875,-5.0470428466796875,Unhealthy,Unhealthy,-11.0,-16.047042846679688,-5.0470428466796875
Rawalpindi,2026-07-30,150.0,150.0,151.10739,1.107391357421875,1.107391357421875,Unhealthy,Unhealthy for Sensitive Groups,0.0,1.107391357421875,1.107391357421875
Islamabad,2026-07-30,150.0,150.0,148.50865,1.4913482666015625,-1.4913482666015625,Unhealthy for Sensitive Groups,Unhealthy for Sensitive Groups,0.0,-1.4913482666015625,-1.4913482666015625
Lahore,2026-07-30,206.0,161.0,184.93408,23.93408203125,23.93408203125,Unhealthy,Unhealthy,-45.0,-21.06591796875,23.93408203125
Multan,2026-07-30,132.0,157.0,121.21294,35.78706359863281,-35.78706359863281,Unhealthy for Sensitive Groups,Unhealthy,25.0,-10.787063598632812,-35.78706359863281
Quetta,2026-07-31,176.0,151.0,154.72336,3.723358154296875,3.723358154296875,Unhealthy,Unhealthy,-25.0,-21.276641845703125,3.723358154296875
Sialkot,2026-07-31,148.0,94.0,117.79336,23.793357849121094,23.793357849121094,Unhealthy for Sensitive Groups,Moderate,-54.0,-30.206642150878906,23.793357849121094
Gujranwala,2026-07-31,156.0,128.0,140.91475,12.914749145507812,12.914749145507812,Unhealthy for Sensitive Groups,Unhealthy for Sensitive Groups,-28.0,-15.085250854492188,12.914749145507812
Hyderabad,2026-07-31,95.0,118.0,105.54788,12.452117919921875,-12.452117919921875,Unhealthy for Sensitive Groups,Unhealthy for Sensitive Groups,23.0,10.547882080078125,-12.452117919921875
Bahawalpur,2026-07-31,150.0,154.0,148.31963,5.6803741455078125,-5.6803741455078125,Unhealthy for Sensitive Groups,Unhealthy,4.0,-1.6803741455078125,-5.6803741455078125
Peshawar,2026-07-31,161.0,172.0,152.84038,19.159622192382812,-19.159622192382812,Unhealthy,Unhealthy,11.0,-8.159622192382812,-19.159622192382812
Rawalpindi,2026-07-31,150.0,99.0,136.12262,37.12261962890625,37.12261962890625,Unhealthy for Sensitive Groups,Moderate,-51.0,-13.87738037109375,37.12261962890625
Faisalabad,2026-07-31,174.0,162.0,155.07176,6.9282379150390625,-6.9282379150390625,Unhealthy,Unhealthy,-12.0,-18.928237915039062,-6.9282379150390625
Islamabad,2026-07-31,150.0,99.0,137.28368,38.28367614746094,38.28367614746094,Unhealthy for Sensitive Groups,Moderate,-51.0,-12.716323852539062,38.28367614746094
Lahore,2026-07-31,161.0,145.0,134.71048,10.289520263671875,-10.289520263671875,Unhealthy for Sensitive Groups,Unhealthy for Sensitive Groups,-16.0,-26.289520263671875,-10.289520263671875
Karachi,2026-07-31,92.0,91.0,99.76889,8.768890380859375,8.768890380859375,Moderate,Moderate,-1.0,7.768890380859375,8.768890380859375
Multan,2026-07-31,157.0,153.0,155.36017,2.36016845703125,2.36016845703125,Unhealthy,Unhealthy,-4.0,-1.63983154296875,2.36016845703125
Sialkot,2026-08-01,94.0,127.0,113.786766,13.213233947753906,-13.213233947753906,Unhealthy for Sensitive Groups,Unhealthy for Sensitive Groups,33.0,19.786766052246094,-13.213233947753906
Gujranwala,2026-08-01,128.0,160.0,149.37372,10.62628173828125,-10.62628173828125,Unhealthy for Sensitive Groups,Unhealthy,32.0,21.37371826171875,-10.62628173828125
Hyderabad,2026-08-01,118.0,99.0,102.504135,3.5041351318359375,3.5041351318359375,Unhealthy for Sensitive Groups,Moderate,-19.0,-15.495864868164062,3.5041351318359375
Quetta,2026-08-01,151.0,111.0,132.67738,21.677383422851562,21.677383422851562,Unhealthy for Sensitive Groups,Unhealthy for Sensitive Groups,-40.0,-18.322616577148438,21.677383422851562
Peshawar,2026-08-01,172.0,157.0,159.49397,2.4939727783203125,2.4939727783203125,Unhealthy,Unhealthy,-15.0,-12.506027221679688,2.4939727783203125
Bahawalpur,2026-08-01,154.0,150.0,150.93024,0.93023681640625,0.93023681640625,Unhealthy,Unhealthy for Sensitive Groups,-4.0,-3.06976318359375,0.93023681640625
Faisalabad,2026-08-01,162.0,186.0,168.00739,17.99261474609375,-17.99261474609375,Unhealthy,Unhealthy,24.0,6.00738525390625,-17.99261474609375
Rawalpindi,2026-08-01,99.0,130.0,122.212585,7.78741455078125,-7.78741455078125,Unhealthy for Sensitive Groups,Unhealthy for Sensitive Groups,31.0,23.21258544921875,-7.78741455078125
Islamabad,2026-08-01,99.0,130.0,121.29432,8.705680847167969,-8.705680847167969,Unhealthy for Sensitive Groups,Unhealthy for Sensitive Groups,31.0,22.29431915283203,-8.705680847167969
Lahore,2026-08-01,145.0,179.0,161.79668,17.203323364257812,-17.203323364257812,Unhealthy,Unhealthy,34.0,16.796676635742188,-17.203323364257812
Karachi,2026-08-01,91.0,87.0,92.314316,5.3143157958984375,5.3143157958984375,Moderate,Moderate,-4.0,1.3143157958984375,5.3143157958984375
Multan,2026-08-01,153.0,163.0,135.58292,27.417083740234375,-27.417083740234375,Unhealthy for Sensitive Groups,Unhealthy,10.0,-17.417083740234375,-27.417083740234375
Bahawalpur,2026-08-02,150.0,140.0,144.63176,4.6317596435546875,4.6317596435546875,Unhealthy for Sensitive Groups,Unhealthy for Sensitive Groups,-10.0,-5.3682403564453125,4.6317596435546875
Sialkot,2026-08-02,127.0,147.0,130.95634,16.043655395507812,-16.043655395507812,Unhealthy for Sensitive Groups,Unhealthy for Sensitive Groups,20.0,3.9563446044921875,-16.043655395507812
Gujranwala,2026-08-02,160.0,152.0,153.5717,1.5717010498046875,1.5717010498046875,Unhealthy,Unhealthy,-8.0,-6.4282989501953125,1.5717010498046875
Hyderabad,2026-08-02,99.0,83.0,95.022606,12.022605895996094,12.022605895996094,Moderate,Moderate,-16.0,-3.9773941040039062,12.022605895996094
Quetta,2026-08-02,111.0,115.0,121.08792,6.087921142578125,6.087921142578125,Unhealthy for Sensitive Groups,Unhealthy for Sensitive Groups,4.0,10.087921142578125,6.087921142578125
Peshawar,2026-08-02,157.0,165.0,148.23024,16.769760131835938,-16.769760131835938,Unhealthy for Sensitive Groups,Unhealthy,8.0,-8.769760131835938,-16.769760131835938
Multan,2026-08-02,163.0,157.0,165.5008,8.50079345703125,8.50079345703125,Unhealthy,Unhealthy,-6.0,2.50079345703125,8.50079345703125
Rawalpindi,2026-08-02,130.0,131.0,132.13264,1.1326446533203125,1.1326446533203125,Unhealthy for Sensitive Groups,Unhealthy for Sensitive Groups,1.0,2.1326446533203125,1.1326446533203125
Islamabad,2026-08-02,130.0,131.0,136.20409,5.2040863037109375,5.2040863037109375,Unhealthy for Sensitive Groups,Unhealthy for Sensitive Groups,1.0,6.2040863037109375,5.2040863037109375
Lahore,2026-08-02,179.0,167.0,171.71265,4.712646484375,4.712646484375,Unhealthy,Unhealthy,-12.0,-7.287353515625,4.712646484375
Karachi,2026-08-02,87.0,84.0,81.74997,2.250030517578125,-2.250030517578125,Moderate,Moderate,-3.0,-5.250030517578125,-2.250030517578125
Faisalabad,2026-08-02,186.0,184.0,168.4459,15.554092407226562,-15.554092407226562,Unhealthy,Unhealthy,-2.0,-17.554092407226562,-15.554092407226562
Quetta,2026-08-03,115.0,173.0,127.44839,45.551612854003906,-45.551612854003906,Unhealthy for Sensitive Groups,Unhealthy,58.0,12.448387145996094,-45.551612854003906
Sialkot,2026-08-03,147.0,177.0,146.20955,30.790451049804688,-30.790451049804688,Unhealthy for Sensitive Groups,Unhealthy,30.0,-0.7904510498046875,-30.790451049804688
Bahawalpur,2026-08-03,140.0,100.0,116.167786,16.16778564453125,16.16778564453125,Unhealthy for Sensitive Groups,Moderate,-40.0,-23.83221435546875,16.16778564453125
Hyderabad,2026-08-03,83.0,86.0,90.943535,4.943534851074219,4.943534851074219,Moderate,Moderate,3.0,7.943534851074219,4.943534851074219
Peshawar,2026-08-03,165.0,153.0,159.0339,6.033905029296875,6.033905029296875,Unhealthy,Unhealthy,-12.0,-5.966094970703125,6.033905029296875
Gujranwala,2026-08-03,152.0,200.0,165.61427,34.38572692871094,-34.38572692871094,Unhealthy,Unhealthy,48.0,13.614273071289062,-34.38572692871094
Faisalabad,2026-08-03,184.0,206.0,176.01735,29.982650756835938,-29.982650756835938,Unhealthy,Very Unhealthy,22.0,-7.9826507568359375,-29.982650756835938
Rawalpindi,2026-08-03,131.0,196.0,135.22275,60.777252197265625,-60.777252197265625,Unhealthy for Sensitive Groups,Unhealthy,65.0,4.222747802734375,-60.777252197265625
Islamabad,2026-08-03,131.0,196.0,135.59589,60.40411376953125,-60.40411376953125,Unhealthy for Sensitive Groups,Unhealthy,65.0,4.59588623046875,-60.40411376953125
Lahore,2026-08-03,167.0,205.0,170.29114,34.7088623046875,-34.7088623046875,Unhealthy,Very Unhealthy,38.0,3.2911376953125,-34.7088623046875
Karachi,2026-08-03,84.0,84.0,85.475876,1.4758758544921875,1.4758758544921875,Moderate,Moderate,0.0,1.4758758544921875,1.4758758544921875
Multan,2026-08-03,157.0,139.0,151.18985,12.189849853515625,12.189849853515625,Unhealthy,Unhealthy for Sensitive Groups,-18.0,-5.810150146484375,12.189849853515625
Bahawalpur,2026-08-04,100.0,107.0,103.56007,3.4399337768554688,-3.4399337768554688,Unhealthy for Sensitive Groups,Unhealthy for Sensitive Groups,7.0,3.5600662231445312,-3.4399337768554688
Sialkot,2026-08-04,177.0,177.0,160.2466,16.753402709960938,-16.753402709960938,Unhealthy,Unhealthy,0.0,-16.753402709960938,-16.753402709960938
Gujranwala,2026-08-04,200.0,200.0,181.84492,18.155075073242188,-18.155075073242188,Unhealthy,Unhealthy,0.0,-18.155075073242188,-18.155075073242188
Hyderabad,2026-08-04,86.0,86.0,90.442444,4.44244384765625,4.44244384765625,Moderate,Moderate,0.0,4.44244384765625,4.44244384765625
Quetta,2026-08-04,173.0,176.0,166.81538,9.184616088867188,-9.184616088867188,Unhealthy,Unhealthy,3.0,-6.1846160888671875,-9.184616088867188
Peshawar,2026-08-04,153.0,166.0,161.3155,4.6844940185546875,-4.6844940185546875,Unhealthy,Unhealthy,13.0,8.315505981445312,-4.6844940185546875
Multan,2026-08-04,139.0,124.0,144.14299,20.142990112304688,20.142990112304688,Unhealthy for Sensitive Groups,Unhealthy for Sensitive Groups,-15.0,5.1429901123046875,20.142990112304688
Faisalabad,2026-08-04,206.0,178.0,192.4391,14.439102172851562,14.439102172851562,Unhealthy,Unhealthy,-28.0,-13.560897827148438,14.439102172851562
Rawalpindi,2026-08-04,196.0,179.0,183.36765,4.367645263671875,4.367645263671875,Unhealthy,Unhealthy,-17.0,-12.632354736328125,4.367645263671875
Islamabad,2026-08-04,196.0,179.0,179.06693,0.066925048828125,0.066925048828125,Unhealthy,Unhealthy,-17.0,-16.933074951171875,0.066925048828125
Lahore,2026-08-04,205.0,188.0,195.30376,7.3037567138671875,7.3037567138671875,Unhealthy,Unhealthy,-17.0,-9.696243286132812,7.3037567138671875
Karachi,2026-08-04,84.0,83.0,83.47003,0.47003173828125,0.47003173828125,Moderate,Moderate,-1.0,-0.52996826171875,0.47003173828125
Sialkot,2026-08-05,177.0,165.0,162.92177,2.0782318115234375,-2.0782318115234375,Unhealthy,Unhealthy,-12.0,-14.078231811523438,-2.0782318115234375
Gujranwala,2026-08-05,200.0,166.0,166.02199,0.0219879150390625,0.0219879150390625,Unhealthy,Unhealthy,-34.0,-33.97801208496094,0.0219879150390625
Bahawalpur,2026-08-05,107.0,158.0,120.8528,37.14720153808594,-37.14720153808594,Unhealthy for Sensitive Groups,Unhealthy,51.0,13.852798461914062,-37.14720153808594
Hyderabad,2026-08-05,86.0,89.0,86.18215,2.8178482055664062,-2.8178482055664062,Moderate,Moderate,3.0,0.18215179443359375,-2.8178482055664062
Quetta,2026-08-05,176.0,205.0,180.0332,24.966796875,-24.966796875,Unhealthy,Very Unhealthy,29.0,4.033203125,-24.966796875
Peshawar,2026-08-05,166.0,150.0,162.85748,12.85748291015625,12.85748291015625,Unhealthy,Unhealthy for Sensitive Groups,-16.0,-3.14251708984375,12.85748291015625
Islamabad,2026-08-05,179.0,195.0,162.76524,32.23475646972656,-32.23475646972656,Unhealthy,Unhealthy,16.0,-16.234756469726562,-32.23475646972656
Faisalabad,2026-08-05,178.0,164.0,175.96527,11.96527099609375,11.96527099609375,Unhealthy,Unhealthy,-14.0,-2.03472900390625,11.96527099609375
Rawalpindi,2026-08-05,179.0,195.0,161.99188,33.00811767578125,-33.00811767578125,Unhealthy,Unhealthy,16.0,-17.00811767578125,-33.00811767578125
Lahore,2026-08-05,188.0,174.0,177.43513,3.4351348876953125,3.4351348876953125,Unhealthy,Unhealthy,-14.0,-10.564865112304688,3.4351348876953125
Karachi,2026-08-05,83.0,86.0,83.46138,2.5386199951171875,-2.5386199951171875,Moderate,Moderate,3.0,0.4613800048828125,-2.5386199951171875
Multan,2026-08-05,124.0,139.0,125.181175,13.818824768066406,-13.818824768066406,Unhealthy for Sensitive Groups,Unhealthy for Sensitive Groups,15.0,1.1811752319335938,-13.818824768066406
Gujranwala,2026-08-06,166.0,172.0,168.2325,3.7675018310546875,-3.7675018310546875,Unhealthy,Unhealthy,6.0,2.2324981689453125,-3.7675018310546875
Hyderabad,2026-08-06,89.0,83.0,87.85576,4.8557586669921875,4.8557586669921875,Moderate,Moderate,-6.0,-1.1442413330078125,4.8557586669921875
Quetta,2026-08-06,205.0,154.0,164.2142,10.214202880859375,10.214202880859375,Unhealthy,Unhealthy,-51.0,-40.785797119140625,10.214202880859375
Peshawar,2026-08-06,150.0,160.0,139.90852,20.091476440429688,-20.091476440429688,Unhealthy for Sensitive Groups,Unhealthy,10.0,-10.091476440429688,-20.091476440429688
Multan,2026-08-06,139.0,168.0,152.70462,15.295379638671875,-15.295379638671875,Unhealthy,Unhealthy,29.0,13.704620361328125,-15.295379638671875
Rawalpindi,2026-08-06,195.0,196.0,168.30724,27.692764282226562,-27.692764282226562,Unhealthy,Unhealthy,1.0,-26.692764282226562,-27.692764282226562
Islamabad,2026-08-06,195.0,196.0,169.00491,26.995086669921875,-26.995086669921875,Unhealthy,Unhealthy,1.0,-25.995086669921875,-26.995086669921875
Lahore,2026-08-06,174.0,188.0,164.02002,23.97998046875,-23.97998046875,Unhealthy,Unhealthy,14.0,-9.97998046875,-23.97998046875
Karachi,2026-08-06,86.0,79.0,81.41527,2.4152679443359375,2.4152679443359375,Moderate,Moderate,-7.0,-4.5847320556640625,2.4152679443359375
Sialkot,2026-08-06,165.0,148.0,153.53847,5.5384674072265625,5.5384674072265625,Unhealthy,Unhealthy for Sensitive Groups,-17.0,-11.461532592773438,5.5384674072265625
Faisalabad,2026-08-06,164.0,174.0,165.92354,8.076461791992188,-8.076461791992188,Unhealthy,Unhealthy,10.0,1.9235382080078125,-8.076461791992188
Bahawalpur,2026-08-06,158.0,170.0,168.3762,1.6237945556640625,-1.6237945556640625,Unhealthy,Unhealthy,12.0,10.376205444335938,-1.6237945556640625
